Company,Region,City,Founded,Employees,Revenue_funding,Web,Genres,Sample_games,Internship,Remote,Ownership,Notes
2K,US / Canada (+ first-party extensions),"Novato, CA (USA)",2005,thousands,NBA 2K + Borderlands etc.,https://2k.com,publishing; sports; shooter,NBA 2K; Borderlands; Civilization (Firaxis),unknown,mixed,Take-Two,"Publishing + studio network (Firaxis, Hangar 13, Visual Concepts)."
3D Realms,US / Canada (+ first-party extensions),Richardson / Aalborg (USA/DK),1987 (Apogee),~30-60,Duke Nukem; Ion Fury publishing,https://3drealms.com,FPS / publishing,Duke Nukem 3D; Ion Fury; Wrath,unknown,hybrid,independent (DNA/Embracer periodic),Apogee legacy; boomer shooter publishing.
Activision,US / Canada (+ first-party extensions),"Santa Monica, CA (USA)",1979,thousands (within MS Gaming),Call of Duty annual billions $,https://www.activision.com,AAA FPS / live service,Call of Duty series,unknown (Microsoft internship channels),office weighted,Microsoft,COD franchise; Infinity Ward / Treyarch / Raven network.
Activision Central Tech,US / Canada (+ first-party extensions),USA / global,—,in Activision,motor / online tech,https://www.activision.com,technology,COD engine/online infrastructure,unknown,mixed,Microsoft / Activision,Activision central technology.
Amazon Games,US / Canada (+ first-party extensions),"Seattle, WA (USA)",2012 (Amazon Game Studios),~1000+ range,Twitch + New World / publishing,https://www.amazon.com/gaming,MMORPG / publishing,New World; Lost Ark (western publishing); Throne and Liberty (publishing),unknown,mixed,Amazon,Publishing + first party; studio closures periodic.
Apogee Entertainment,US / Canada (+ first-party extensions),USA,2019 (again),small,classic IP publishing,https://apogee.com,publishing / classic,various Apogee IP revitalization,unknown,hybrid,3D Realms affiliated,Return of the Apogee brand.
AppLovin,US / Canada (+ first-party extensions),"Palo Alto, CA (USA)",2012,~1500+,mobile advertising / AXON,https://www.applovin.com,mobile advertising; SDK,AppLovin MAX; AXON,unknown,hybrid,public (APP),Mobile game advertising/scaling.
ArenaNet,US / Canada (+ first-party extensions),"Bellevue, WA (USA)",2000,~300+,Guild Wars,https://www.arena.net,MMORPG,Guild Wars 2,unknown,office,NCSoft,NCSoft's western MMO studio.
Arkane Austin,US / Canada (+ first-party extensions),"Austin, TX (USA)",2006,~100-150,Prey; Redfall,https://www.arkane-studios.com,immersive sim,Prey (2017); Redfall,unknown,office,Microsoft / ZeniMax,Arkane USA; periods of downsizing should be monitored.
Arkane Studios,US / Canada (+ first-party extensions),"Lyon (France) / Austin, TX",1999,~200–300,unknown (ZeniMax),https://www.arkane-studios.com,immersive sim,Dishonored; Prey; Deathloop; Redfall,unknown,office,Microsoft / ZeniMax,Lyon + Austin; immersive sim tradition.
Armature Studio,US / Canada (+ first-party extensions),"Austin, TX (USA)",2008,~50-100,port / IP,https://www.armature.com,port; action,ReCore; various ports,unknown,office,independent,Austin co-dev/port.
Avalanche Software,US / Canada (+ first-party extensions),"Salt Lake City, UT (USA)",1995,~200+,Hogwarts Legacy,https://avalanchesoftware.com,AAA open world,Hogwarts Legacy; DisneyInfinity (historical),unknown,office,Warner Bros. Games,Portkey / Hogwarts developer.
Beamdog,US / Canada (+ first-party extensions),"Edmonton, AB (Canada)",2009,~50-80,Infinity Engine EE,https://beamdog.com,CRPG,Baldur's Gate EE; Neverwinter Nights EE,unknown,hybrid,independent,Classic CRPG remake.
Beenox,US / Canada (+ first-party extensions),"Québec City, QC (Canada)",2000,~400+,porting + development,https://beenox.com,port / action,Spider-Man PC ports; Crash Team Racing Nitro-Fueled,unknown,office,Microsoft / Activision,Canada port and support center.
Behaviour Interactive,US / Canada (+ first-party extensions),"Montréal, QC (Canada)",1992,~1200+,Dead by Daylight,https://www.bhvr.com,asymmetrical horror / live ops,Dead by Daylight,yes — internship (Montréal),hybrid,private,One of the largest independents in Montréal.
Bend Studio,US / Canada (+ first-party extensions),"Bend, OR (USA)",1993,~100–150,unknown (SIE),https://bendstudio.com,action-adventure,Days Gone; Syphon Filter (historical),unknown,office,Sony / PlayStation Studios,PlayStation first party.
Bethesda Game Studios,US / Canada (+ first-party extensions),"Rockville, MD (USA)",2001,~400+,TES / Fallout / Starfield,https://bethesdagamestudios.com,AAA RPG,Skyrim; Fallout 4; Starfield,unknown,office,Microsoft / ZeniMax,BGS main studio (Softworks publishing separate).
Bethesda Game Studios Austin,US / Canada (+ first-party extensions),"Austin, TX (USA)",2012 (BattleCry legacy),~100-200,Fallout 76,https://bethesdagamestudios.com,AAA / live,Fallout 76,unknown,office,Microsoft / ZeniMax,BGS Austin.
Bethesda Game Studios Dallas,US / Canada (+ first-party extensions),"Dallas, TX (USA)",2018 (Escalation legacy),~50-100,BGS support,https://bethesdagamestudios.com,AAA support,Fallout/TES support,unknown,office,Microsoft / ZeniMax,BGS Dallas.
Bethesda Softworks / BGS,US / Canada (+ first-party extensions),"Rockville, MD (USA)",1986,thousands (ZeniMax group),Starfield / TES / Fallout portfolio,https://bethesda.net,AAA RPG / FPS,The Elder Scrolls; Fallout; Starfield,unknown,office,Microsoft / ZeniMax,"Open world RPG; id, Arkane, MachineGames sibling studios."
Big Fish Games,US / Canada (+ first-party extensions),"Seattle, WA (USA)",2002,~300-500,casual / HOPA,https://www.bigfishgames.com,casual; hidden object,many HOPA; Casino,unknown,office,Aristocrat (acquisition),Casual portal + development.
BioWare,US / Canada (+ first-party extensions),"Edmonton, AB (Canada)",1995,~400–600 range,unknown (EA),https://www.bioware.com,AAA RPG,Mass Effect; Dragon Age; Star Wars: The Old Republic,unknown,office,EA,Narrative RPG tradition.
BioWare Austin,US / Canada (+ first-party extensions),"Austin, TX (USA)",2006,~100-200,SWTOR,https://www.bioware.com,MMORPG / RPG,Star Wars: The Old Republic,unknown,office,EA,BioWare MMO studio.
Blackbird Interactive,US / Canada (+ first-party extensions),"Vancouver, BC (Canada)",2010,~100+,Homeworld 3,https://blackbirdinteractive.com,RTS / space,Homeworld 3; Hardspace: Shipbreaker,unknown,office,independent,Homeworld legacy.
Blind Squirrel Games,US / Canada (+ first-party extensions),"Santa Ana, CA (USA)",2010,~100-200,remaster / co-dev,https://blindsquirrelgames.com,remaster; port,various remasters,unknown,office,independent,Remaster/co-dev.
Blizzard Albany,US / Canada (+ first-party extensions),"Albany, NY (USA)",—,Vicarious / Blizzard internal,Diablo support,https://www.blizzard.com,AAA support,Diablo IV support,unknown,office,Microsoft / Blizzard,Post-merger of Vicarious Visions and Blizzard.
Blizzard Entertainment,US / Canada (+ first-party extensions),"Irvine, CA (USA)",1991,~4000 band (historical; changes after AD),WoW + Overwatch + Diablo live service,https://blizzard.com,MMORPG / hero shooter / ARPG,World of Warcraft; Overwatch; Diablo; StarCraft,yes — internship history,office-heavy (Irvine),Microsoft / Activision Blizzard,Flagship studios of PC culture.
Bluepoint Games,US / Canada (+ first-party extensions),"Austin, TX (USA)",2006,~150–200,unknown (SIE),https://bluepointgames.com,remake / AAA,Demon's Souls remake; Shadow of the Colossus remake,unknown,office,Sony / PlayStation Studios,High fidelity remake specialist.
Bonfire Studios,US / Canada (+ first-party extensions),"Orange County, CA (USA)",2018,~50-100,MMO / live,https://www.bonfirestudios.com,MMO,in development,unknown,office,special (Tencent),Former Blizzard talent.
Boss Fight Entertainment,US / Canada (+ first-party extensions),"McKinney, TX (USA)",2013,~50-100,Dungeon Defenders,https://www.bossfightentertainment.com,action / TD,Dungeon Defenders series,unknown,office,independent,Texas studio.
Bungie,US / Canada (+ first-party extensions),"Bellevue, WA (USA)",1991,~900–1100 range,Destiny live service,https://www.bungie.net,looter-shooter / live service,Destiny 2; (historical) Halo,yes — internship history,hybrid possibility,Sony (2022),From independent culture under Sony.
Camouflaj,US / Canada (+ first-party extensions),"Bellevue, WA (USA)",2009,~30-60,République; Iron Man VR,https://camouflaj.com,stealth / VR,République; Iron Man VR,unknown,office,independent,VR + mobile stealth.
Campo Santo,US / Canada (+ first-party extensions),"San Francisco, CA (USA)",2013,Valve internal,Firewatch,https://www.camposanto.com,narrative,Firewatch,unknown,office,Valve,2018 Valve acquisition.
Candywriter,US / Canada (+ first-party extensions),"Miami, FL (USA)",2014,~50-100,idle mobile,https://candywriter.com,mobile idle,various idle RPG,unknown,hybrid,independent,Idle mobile.
Capybara Games,US / Canada (+ first-party extensions),"Toronto, ON (Canada)",2003,~30-50,Below; Super Time Force,https://www.capybaragames.com,indie action,Below; Super Time Force Ultra,unknown,office,independent,Toronto long-term indie.
Certain Affinity,US / Canada (+ first-party extensions),"Austin, TX (USA)",2006,~200+,unknown,https://certainaffinity.com,AAA FPS / support,Halo support; Age of Darkness,unknown,office,independent,Austin AAA support/co-development.
Cliffhanger Games,US / Canada (+ first-party extensions),"Seattle, WA (USA)",2021,~50-100,Xbox first party,https://www.xbox.com,AAA,unannounced project,unknown,office,Microsoft,Xbox Seattle studio.
Cloud Chamber,US / Canada (+ first-party extensions),"Novato, CA (USA)",2019,~100-200,BioShock remake,https://cloudchamberstudio.com,AAA FPS / immersive sim,BioShock 4 (development),unknown,office,Take-Two / 2K,BioShock next-gen studio.
Cloud Imperium Games,US / Canada (+ first-party extensions),Los Angeles / Frankfurt / Manchester,2012,~800+,Star Citizen crowdfunding records,https://robertsspaceindustries.com,MMO space sim,Star Citizen; Squadron 42,unknown,multi-office,private (Chris Roberts),The largest crowdfunded game project in history.
Codemasters,US / Canada (+ first-party extensions),Southam (UK; EA),1986,~700+,racing sim,https://www.codemasters.com,racing sim,EA Sports F1; Dirt; Grid,unknown,office,EA,2021 EA acquisition; F1 license.
Compulsion Games,US / Canada (+ first-party extensions),"Montréal, QC (Canada)",2009,~100–150,unknown (Microsoft),https://compulsiongames.com,action-adventure,We Happy Few; South of Midnight,unknown,office,Microsoft,Montreal Xbox studio.
ConcernedApe,US / Canada (+ first-party extensions),Seattle area (USA),2012 (commercial),1–10,Stardew Valley long queue,https://www.stardewvalley.net,farm sim / indie,Stardew Valley,no,solo / small,independent,Single developer megahit model.
Criterion Games,US / Canada (+ first-party extensions),Guildford (UK; EA),1993,~150–200,Need for Speed,https://www.criteriongames.com,arcade racing,Need for Speed; Burnout (historical),unknown,office,EA,Frostbite racing.
Cryptic Studios,US / Canada (+ first-party extensions),"Los Gatos, CA (USA)",2000,~150-250,Star Trek Online; Neverwinter,https://www.crypticstudios.com,MMORPG,Star Trek Online; Neverwinter; Star Trek Online,unknown,office,Embracer / Perfect World history; not Dark and Light — EG7/Daybreak periodic,MMO studio; ownership changes.
Crystal Dynamics,US / Canada (+ first-party extensions),"San Mateo, CA (USA)",1992,~300+,Tomb Raider,https://crystald.com,AAA action-adventure,Tomb Raider; Legacy of Kain (historical),unknown,office,Embracer,Lara Croft studio.
Daybreak Game Company,US / Canada (+ first-party extensions),"San Diego, CA (USA)",1997 (SOE legacy),~400+,live MMO,https://www.daybreakgames.com,MMORPG / live service,EverQuest; PlanetSide 2; The Outer Worlds 2 (joint period),unknown,office,Enad Global 7,Classic MMO operator.
Deck Nine Games,US / Canada (+ first-party extensions),"Westminster, CO (USA)",2012,~100-150,Life is Strange sequel,https://www.deckninegames.com,narrative adventure,Life is Strange: True Colors; Double Exposure,unknown,office,private,Studio carrying the LIS baton.
DICE,US / Canada (+ first-party extensions),Stockholm (Sweden; EA),1992,~700 range,Battlefield franchise,https://www.dice.se,AAA FPS,Battlefield; (historical) Mirror's Edge,unknown,office,EA,Frostbite engine; Swedish AAA.
DICE Los Angeles,US / Canada (+ first-party extensions),"Los Angeles, CA (USA)",2013 (Danger Close legacy),~150-250,Battlefield support,https://www.dice.se,AAA FPS,Battlefield (joint),unknown,office,EA,DICE LA; history related to Ripple Effect.
Digital Extremes,US / Canada (+ first-party extensions),"London, ON (Canada)",1993,~400+,Warframe live service,https://www.digitalextremes.com,looter-shooter / F2P,Warframe; Soulframe (development),yes — internship history,office / hybrid,Tencent minority / private,Canadian F2P success story.
Dodgeroll,US / Canada (+ first-party extensions),Vancouver / remote,2011,small,Enter the Gungeon,https://dodgeroll.com,roguelike,Enter the Gungeon,unknown,remote,independent,Roguelike shooter.
Double Fine,US / Canada (+ first-party extensions),"San Francisco, CA (USA)",2000,~100–150,unknown (Microsoft),https://doublefine.com,indie-AAA adventure,Psychonauts; Broken Age,unknown,office,Microsoft,Tim Schafer; Kickstarter era icon.
Double Helix Games,US / Canada (+ first-party extensions),"Irvine, CA (USA)",2007,Sold to Amazon (2014),Killer Instinct,,action,Killer Instinct (2013),-,-,Amazon,Historical; Amazon Games roots.
DoubleDown Interactive,US / Canada (+ first-party extensions),"Seattle, WA (USA)",2010,~200-400,social casino,https://www.doubledowninteractive.com,social casino,DoubleDown Casino,unknown,office,DoubleU Games / associated with Korea,Social casino.
Dreamhaven,US / Canada (+ first-party extensions),"Irvine, CA (USA)",2020,~100+,Mike Morhaime studio group,https://www.dreamhaven.com,holding / MMO,Secret Door; Hidden Village studios,unknown,office,private,Former Blizzard president's initiatives.
DrinkBox Studios,US / Canada (+ first-party extensions),"Toronto, ON (Canada)",2008,~30-50,Guacamelee,https://drinkboxstudios.com,metroidvania,Guacamelee!; Severed,unknown,office,independent,Toronto indie action.
EA Montreal,US / Canada (+ first-party extensions),"Montréal, QC (Canada)",2004,~500+,Dead Space; Army of Two historical; Motive relationship,https://www.ea.com,AAA / support,various EA Montréal projects; Motive separate,unknown,office,EA,EA Montreal campus.
EA Motive,US / Canada (+ first-party extensions),"Montréal, QC (Canada)",2015,~300–400,unknown (EA),https://www.ea.com/ea-studios/motive,AAA action,Dead Space remake; Star Wars: Eclipse (in development),unknown,office,EA,Montréal EA studio.
EA Tiburon,US / Canada (+ first-party extensions),"Orlando, FL (USA)",1994,~500+,Madden NFL,https://www.ea.com,sport,Madden NFL; College Football,unknown,office,EA,American football sim.
EA Vancouver,US / Canada (+ first-party extensions),"Burnaby, BC (Canada)",1982,~2000+,NHL; UFC; FC contribution,https://www.ea.com,sport,NHL; UFC; EA FC contribution,yes - internship,office,EA,EA large campus.
Eidos-Montréal,US / Canada (+ first-party extensions),"Montréal, QC (Canada)",2007,~400–500,unknown (Embracer / Crystal),https://www.eidosmontreal.com,AAA action-RPG,Deus Ex; Marvel's Guardians; Thief (historical),unknown,office,Embracer / Crystal Dynamics network,Deus Ex legacy; ownership during Embracer era.
Electronic Arts (EA),US / Canada (+ first-party extensions),"Redwood City, CA (USA)",1982,~13000,annual ~$7B range (company reports),https://www.ea.com,AAA publishing; sports; live service,FIFA/EA FC; Madden; Apex Legends; The Sims,yes — EA internship programs,hybrid (depending on team),public (EA),"Sports + major franchise publisher; DICE, Respawn, BioWare."
Ensemble Studios (tarihsel),US / Canada (+ first-party extensions),"Dallas, TX (USA)",1995-2009,closed,Age of Empires,https://www.microsoft.com,RTS,Age of Empires; Age of Mythology; Halo Wars,-,-,closed (Microsoft),Historical RTS legend; World's Edge continuation.
Epic Games,US / Canada (+ first-party extensions),"Cary, NC (USA)",1991,~4000+,Fortnite + Unreal; billions $,https://www.epicgames.com,live service; engine; store,Fortnite; Unreal Engine; Rocket League,yes — internship / early career,hybrid / office,private (Tencent minority),UE5 + Epic Games Store + Fortnite ecosystem.
Escalation Studios,US / Canada (+ first-party extensions),"Dallas, TX (USA)",2007,BGS transformed into Dallas,Doom VFR,,VR / support,Doom VFR,-,-,Microsoft / ZeniMax,Historical; BGS Dallas.
Firaxis Games,US / Canada (+ first-party extensions),"Hunt Valley, MD (USA)",1996,~200 range,Civilization franchise,https://firaxis.com,4X strategy,Civilization; XCOM (historical),unknown,office,Take-Two / 2K,Sid Meier legacy.
Firesprite,US / Canada (+ first-party extensions),Liverpool (UK; SIE),2012,~250+,unknown (SIE),https://firesprite.com,VR / action,Horizon Call of the Mountain; support for The Dark Pictures,unknown,office,Sony / PlayStation Studios,2021 Sony acquisition.
Frima Studio,US / Canada (+ first-party extensions),"Québec City, QC (Canada)",2003,~100-200,service / VR,https://www.frimastudio.com,service,various co-dev,unknown,office,independent,Québec services.
Gearbox Software,US / Canada (+ first-party extensions),"Frisco, TX (USA)",1999,~500+ (group periodic),Borderlands; Embracer era,https://www.gearboxsoftware.com,looter-shooter / publishing,Borderlands; Brothers in Arms,unknown,office,Take-Two (2024 acquisition news) / Embracer history,Borderlands IP; ownership transitions should be monitored.
Ghost Story Games,US / Canada (+ first-party extensions),"Westwood, MA (USA)",2017,small/medium,unknown,https://ghoststorygames.com,immersive sim,Judas (development),unknown,office,independent,Post Ken Levine (BioShock).
Giant Squid,US / Canada (+ first-party extensions),"Santa Monica, CA (USA)",2013,~20-40,Abzu; The Pathless,https://giantsquidstudios.com,indie exploration,Abzu; The Pathless; Sword of the Sea,unknown,office,independent,Matt Nava; Journey art director legacy.
Glu Mobile / Electronic Arts (Glu),US / Canada (+ first-party extensions),"San Francisco, CA (USA)",2001,Inside EA,Design Home / Covet,https://www.glu.com,mobile lifestyle / licensing,Disney Sorcerer's Arena; MLB Tap,unknown,mixed,EA (2021 acquisition),EA mobile expansion.
Google Stadia Games and Entertainment,US / Canada (+ first-party extensions),Montréal / California,2019,closed (2023),Stadia,,cloud gaming,Stadia first-party projects,-,-,closed (Google),Historical Google Stadia studios.
Guerrilla Games,US / Canada (+ first-party extensions),Amsterdam (Netherlands; SIE),2000,~400+,Horizon franchise,https://www.guerrilla-games.com,AAA open world,Horizon Zero Dawn / Forbidden West,unknown,office,Sony / PlayStation Studios,Decima engine.
Halo Studios (ex-343 Industries),US / Canada (+ first-party extensions),"Redmond, WA (USA)",2007 (343); 2024 rebrand,~500 range,unknown (Microsoft),https://halowaypoint.com,AAA FPS / live service,Halo Infinite; Halo Wars (joint),unknown,office,Microsoft,Xbox first party; Slipspace Engine era.
Hangar 13,US / Canada (+ first-party extensions),"Novato, CA (USA) + Brno / Brighton",2014,~200–300,unknown (2K),https://hangar13games.com,AAA action,Mafia remakes / Mafia III,unknown,multi-office,Take-Two / 2K,Mafia franchise.
Hardsuit Labs,US / Canada (+ first-party extensions),"Seattle, WA (USA)",2012,~50–100,unknown,https://hardsuitlabs.com,FPS / service,Vampire: The Masquerade – Bloodlines 2 (periodic),unknown,office,independent,Seattle; project turnover is seasonal.
Harebrained Schemes,US / Canada (+ first-party extensions),"Seattle, WA (USA)",2011,~30-60,Shadowrun Returns; Battletech,https://harebrained-schemes.com,strategy / RPG,Shadowrun Returns; Battletech; The Lamplighters League,unknown,office,Paradox (acquisition),Seattle strategy/RPG.
Haven Studios,US / Canada (+ first-party extensions),"Montréal, QC (Canada)",2021,~100-150,Fairgame$ / PS studio,https://havenstudios.com,multiplayer / live,Fairgame$ (development),unknown,office,Sony / PlayStation Studios,2022 Sony acquisition; Montréal.
HB Studios,US / Canada (+ first-party extensions),"Lunenburg, NS (Canada)",2000,~100-150,PGA Tour; sports,https://www.hbstudios.com,sport,PGA Tour; various sports,unknown,office,independent (2K relationships periodic),Canada sports studio.
Heart Machine,US / Canada (+ first-party extensions),"Los Angeles, CA (USA)",2012,~20-40,Hyper Light Drifter,https://heartmachine.com,indie action,Hyper Light Drifter; Solar Ash,unknown,hybrid,independent,Pixel art action.
Hi-Rez Studios,US / Canada (+ first-party extensions),"Alpharetta, GA (USA)",2005,~400+,Smite; Fallen Earth historical,https://www.hirezstudios.com,MOBA / hero shooter,Smite; Paladins; Rogue Company,unknown,office,private,Georgia (USA) multiplayer.
High Moon Studios,US / Canada (+ first-party extensions),"Carlsbad, CA (USA)",2005,~200+,unknown (Activision),https://highmoonstudios.com,AAA action,Transformers; Destiny support,unknown,office,Microsoft / Activision,Activision support/first-party studio.
High Voltage Software,US / Canada (+ first-party extensions),"Hoffman Estates, IL (USA)",1993,~100-200 (periodic),co-dev / port / IP,https://www.high-voltage.com,co-dev; port,various co-dev; Hunter: The Reckoning historical,unknown,office,Embracer / Lost Boys relationship,Chicago long-term co-dev.
Hopoo Games,US / Canada (+ first-party extensions),USA (remote),2012,small,Risk of Rain,https://hopoogames.com,roguelike action,Risk of Rain; Risk of Rain 2,unknown,remote,independent,Roguelike shooter.
Hothead Games,US / Canada (+ first-party extensions),"Vancouver, BC (Canada)",2006,~50-100,mobile action,https://www.hotheadgames.com,mobile,Kill Shot Bravo; Rambo,unknown,office,independent,Vancouver mobile.
Housemarque,US / Canada (+ first-party extensions),Helsinki (Finland; SIE),1995,~150–200,unknown (SIE),https://housemarque.com,AAA action/arcade,Returnal; (historical) Resogun,unknown,office,Sony / PlayStation Studios,Finland first party.
Human Head Studios (tarihsel),US / Canada (+ first-party extensions),"Madison, WI (USA)",1997-2019,closed,Prey (2006); Rune,https://humanhead.com,FPS / action,Prey (2006); Rune,-,-,closed,Historical Madison studio.
id Software,US / Canada (+ first-party extensions),"Richardson, TX (USA)",1991,~200 range,unknown (ZeniMax),https://www.idsoftware.com,AAA FPS,Doom; Quake; Rage,unknown,office,Microsoft / ZeniMax,FPS engine and design legacy.
Industrial Toys,US / Canada (+ first-party extensions),"Pasadena, CA (USA)",2012,in EA,Star Wars: Hunters,https://www.industrialtoys.com,mobile / multiplayer,Star Wars: Hunters,unknown,office,EA,EA mobile/multiplayer.
Infinity Ward,US / Canada (+ first-party extensions),"Woodland Hills, CA (USA)",2002,~400+,Modern Warfare,https://www.infinityward.com,AAA FPS,Call of Duty: Modern Warfare,unknown,office,Microsoft / Activision,Modern Warfare line.
Innersloth,US / Canada (+ first-party extensions),"Redmond, WA (USA)",2015,~30-50,Among Us,https://www.innersloth.com,social deduction / mobile-PC,Among Us; The Henry Stickmin Collection,unknown,hybrid,independent,Among Us global phenomenon.
Insomniac Games,US / Canada (+ first-party extensions),"Burbank, CA (USA)",1994,~500+,Spider-Man sales,https://insomniac.games,AAA action,Marvel's Spider-Man; Ratchet & Clank,yes — internship history,office,Sony / PlayStation Studios,2022 Sony acquisition.
Insomniac North Carolina,US / Canada (+ first-party extensions),"Durham, NC (USA)",2020 (not Night School — Insomniac),~50-100,Spider-Man support,https://insomniac.games,AAA support,Marvel's Spider-Man support,unknown,office,Sony / PlayStation Studios,Insomniac satellite studio.
Intercept Games,US / Canada (+ first-party extensions),USA,2020,~50-100,KSP2,https://www.privatedivision.com,space sim,Kerbal Space Program 2,unknown,hybrid,Take-Two,KSP2 studio.
inXile Entertainment,US / Canada (+ first-party extensions),"Fountain Valley, CA (USA)",2002,~100–150,unknown (Microsoft),https://www.inxile-entertainment.com,RPG / CRPG,Wasteland; The Bard's Tale,unknown,office,Microsoft,Brian Fargo; Obsidian sibling studio.
Iron Galaxy,US / Canada (+ first-party extensions),"Chicago, IL (USA)",2008,~200-300,port / fighting,https://www.irongalaxystudios.com,port; fighting,Killer Instinct; port work,unknown,multi-office,independent,Port + fighting.
Irrational Games,US / Canada (+ first-party extensions),"Quincy, MA (USA)",1997-2017,closed / restructuring,BioShock; System Shock 2,https://www.irrationalgames.com,immersive sim,BioShock; BioShock Infinite; System Shock 2,-,-,private (Take-Two),Historical; Ghost Story sequel.
Jam City,US / Canada (+ first-party extensions),"Los Angeles, CA (USA)",2010,~1000+,licensed mobile,https://www.jamcity.com,mobile license / casual,Harry Potter: Puzzles & Spells; Cookie Jam,unknown,hybrid,private (NetEase investment history),IP mobile publishing/development.
Kabam,US / Canada (+ first-party extensions),San Francisco / Vancouver,2006,~400+,Marvel / Fast & Furious mobile,https://kabam.com,mobile action-RPG,Marvel Contest of Champions,unknown,office,Netmarble,Licensed fighting/collection RPG.
King,US / Canada (+ first-party extensions),Stockholm / London (+ San Francisco),2003,~2000+,Candy Crush billions $,https://king.com,mobile match-3 / casual,Candy Crush Saga; Farm Heroes,unknown,hybrid possibility,Microsoft / Activision,Casual mobile revenue engine.
Kitfox Games,US / Canada (+ first-party extensions),"Montréal, QC (Canada)",2015,~20-40,publishing + development,https://www.kitfoxgames.com,indie publishing,Dwarf Fortress (publication); Boyfriend Dungeon,unknown,hybrid,independent,Montreal curator publishing.
Klei Entertainment,US / Canada (+ first-party extensions),"Vancouver, BC (Canada)",2005,~100-150,Don't Starve; ONI,https://www.klei.com,survival / sim,Don't Starve; Oxygen Not Included,unknown,office,Tencent minority,Strong survival/sim portfolio.
Lightspeed LA,US / Canada (+ first-party extensions),"Los Angeles, CA (USA)",—,Tencent Lightspeed internal,global development,https://lightspeed.qq.com,PC/console / mobile,various Lightspeed projects,unknown,office,Tencent,Lightspeed Studios LA.
Lionbridge Games,US / Canada (+ first-party extensions),"Waltham, MA / global",—,thousands,localization / QA,https://www.lionbridge.com/games,localization; testing,—,unknown,distributed,Lionbridge,Game localization/QA.
Looking Glass Studios,US / Canada (+ first-party extensions),"Cambridge, MA (USA)",1990-2000,closed,Thief; System Shock,,immersive sim,Thief; System Shock; Ultima Underworld,-,-,closed,Founder of the immersive sim school.
Lost Boys Interactive,US / Canada (+ first-party extensions),"Chicago, IL (USA)",2021 (High Voltage legacy),~100-200,Diablo IV support / co-dev,https://www.lostboysinteractive.com,AAA co-dev / support,Diablo IV; various Activision/Blizzard support,unknown,office,Embracer,Originating from High Voltage; Embracer studio.
Ludia,US / Canada (+ first-party extensions),"Montréal, QC (Canada)",2007,~200-400,Jurassic World Alive,https://www.ludia.com,mobile license,Jurassic World Alive,unknown,office,Jam City,Montreal licensed mobile.
Machine Zone,US / Canada (+ first-party extensions),"Palo Alto, CA (USA)",2008,~500+,SLG,https://www.machinezone.com,mobile strategy,Mobile Strike; Game of Thrones: Conquest,unknown,multi-office,private,SLG performance marketing.
MachineGames,US / Canada (+ first-party extensions),Uppsala (Sweden; ZeniMax),2009,~150–200,unknown (ZeniMax),https://machinegames.com,AAA FPS,Wolfenstein; Indiana Jones and the Great Circle,unknown,office,Microsoft / ZeniMax,id Tech-based narrative FPS.
Maxis,US / Canada (+ first-party extensions),"Redwood City / Emeryville, CA",1987,~200–300,The Sims,https://www.ea.com/games/the-sims,simulation / life sim,The Sims; SimCity (historical),unknown,office,EA,Studio defining the life sim category.
Media Molecule,US / Canada (+ first-party extensions),Guildford (UK; SIE),2006,~100–150,unknown (SIE),https://www.mediamolecule.com,creative platform / UGC,Dreams; LittleBigPlanet,unknown,office,Sony / PlayStation Studios,UGC tool studio.
Microsoft Gaming / Xbox Game Studios,US / Canada (+ first-party extensions),"Redmond, WA (USA)",2001 (Xbox); 2022 Gaming org,Gaming division tens of thousands (Microsoft),Activision Blizzard acquisition ~$69B (2023); Game Pass subscription,https://www.xbox.com,platform; AAA publishing; subscription,Halo; Forza; Gears; Flight Simulator,yes — Microsoft internship programs,hybrid / office (depending on the team),Microsoft,One of the largest console+PC publishing ecosystems; first-party studio network.
Midway Games,US / Canada (+ first-party extensions),"Chicago, IL (USA)",1988-2009,closed,Mortal Kombat; NBA Jam,,fighting / arcade,Mortal Kombat; Injustice roots; SpyHunter,-,-,closed (bankrupt); WB legacy,Historical arcade/console; NetherRealm continuation.
Mobius Digital,US / Canada (+ first-party extensions),"Los Angeles, CA (USA)",2014,~20-40,Outer Wilds,https://www.mobiusdigitalgames.com,indie exploration / puzzle,Outer Wilds; Echoes of the Eye,unknown,hybrid,independent (Annapurna publishing),Outer Wilds cult hit.
Mojang Studios,US / Canada (+ first-party extensions),Stockholm (Sweden; MS first party),2009,~700 range,Minecraft billions in revenue,https://www.minecraft.net,sandbox; live service,Minecraft,unknown,office / hybrid,Microsoft,"Best-selling game; Sweden-based, Xbox family."
Monolith Productions,US / Canada (+ first-party extensions),"Kirkland, WA (USA)",1994,~200–300,unknown (WB),https://www.lith.com,AAA action,Shadow of Mordor/War; Middle-earth,unknown,office,Warner Bros. Games,Nemesis system; WB studio closure risks should be monitored.
Mountaintop Studios,US / Canada (+ first-party extensions),California (USA),2020,~50-100,multiplayer,https://www.mountaintop.gg,multiplayer,project in development,unknown,office,private,Former Blizzard/Riot talent.
Naughty Dog,US / Canada (+ first-party extensions),"Santa Monica, CA (USA)",1984,~400–500,unknown (SIE),https://www.naughtydog.com,AAA action-adventure,The Last of Us; Uncharted,rarely,office,Sony / PlayStation Studios,Cinematic single-player AAA.
Netflix Games,US / Canada (+ first-party extensions),Los Angeles / global,2021 (unit),hundreds (units),subscription-based game,https://games.netflix.com,mobile / cloud; publishing,Into the Dead; Oxenfree; Squid Game related,unknown,mixed,Netflix,"Studio acquisitions + publishing (Night School, Next Games, etc.)."
Nexon America,US / Canada (+ first-party extensions),"El Segundo, CA (USA)",2006,~200+,Korean PC publishing west,https://www.nexon.com,publishing / MMO,MapleStory west; The First Descendant (publishing),unknown,office,Nexon,Nexon western operation; MapleStory and global publishing.
Niantic,US / Canada (+ first-party extensions),"San Francisco, CA (USA)",2015,~700 range,Pokémon GO revenues,https://nianticlabs.com,AR / location-based,Pokémon GO; Monster Hunter Now,unknown,hybrid,private (Netflix investment etc.),AR game pioneer.
Night School Studio,US / Canada (+ first-party extensions),"Glendale, CA (USA)",2014,~30-60,Oxenfree,https://nightschoolstudio.com,narrative adventure,Oxenfree; Oxenfree II,unknown,hybrid,Netflix,Netflix Games studio.
Nightdive Studios,US / Canada (+ first-party extensions),"Vancouver, WA (USA)",2012,~50-100,remaster / source port,https://nightdivestudios.com,remaster; remake,System Shock remake; Blade Runner Enhanced; Quake remasters,unknown,hybrid,Atari (acquisition),Classic game preservation/remaster.
Ninja Theory,US / Canada (+ first-party extensions),Cambridge (UK; Xbox),2000,~100–150,unknown (Microsoft),https://www.ninjatheory.com,action / narrative,Hellblade; Senua's Saga,unknown,office,Microsoft,Senua; machine learning/performance capture.
Nixxes Software,US / Canada (+ first-party extensions),Utrecht (Netherlands; SIE),1999,~100+,PC port quality,https://www.nixxes.com,PC port / engineering,Horizon / Spider-Man PC versions,unknown,office,Sony / PlayStation Studios,SIE PC engineering studio.
Obsidian Entertainment,US / Canada (+ first-party extensions),"Irvine, CA (USA)",2003,~250–300,unknown (Microsoft),https://www.obsidian.net,RPG,Pentiment; Grounded; Avowed; Outer Worlds,unknown,office,Microsoft,CRPG / RPG specialist first party.
Other Ocean Interactive,US / Canada (+ first-party extensions),St. John's / Emeryville,2006,~100-200,port / co-dev,https://www.otherocean.com,port; co-dev,various Nintendo/port,unknown,multi-office,independent,Canada/USA port.
Panic Button,US / Canada (+ first-party extensions),"Austin, TX (USA)",2008,~50-100,console port,https://www.panicbuttongames.com,port,Fortnite Switch; Among Us console,unknown,office,independent,High-profile ports.
Paradox Tectonic,US / Canada (+ first-party extensions),"Berkeley, CA (USA)",2019,closed (2024),Life by You,https://www.paradoxinteractive.com,life sim,Life by You (canceled),-,-,closed (Paradox),Historical Paradox studio.
Phoenix Labs,US / Canada (+ first-party extensions),"Vancouver, BC (Canada)",2014,~100-200,Dauntless,https://phxlabs.ca,action MMO,Dauntless,unknown,office,Garena / Sea,Monster-hunt live service.
PixelOpus,US / Canada (+ first-party extensions),"San Mateo, CA (USA)",2014-2023,closed,Concrete Genie,https://www.pixelopus.com,indie / first-party,Concrete Genie,-,-,closed (Sony 2023),Historical PS studio.
Plarium,US / Canada (+ first-party extensions),Herzliya (Israel) / Vilnius,2009,~1000+,RAID: Shadow Legends,https://plarium.com,mobile RPG / strategy,RAID: Shadow Legends; Vikings,unknown,multi-office,Aristocrat Leisure,Heavily performance-marketed mobile RPG.
Playable Worlds,US / Canada (+ first-party extensions),"San Mateo, CA (USA)",2020,~50-100,MMO,https://playableworlds.com,MMO,in development MMO,unknown,hybrid,private,Raph Koster MMO.
Playground Games,US / Canada (+ first-party extensions),Leamington Spa (UK; Xbox),2010,~500+,Forza Horizon,https://playground-games.com,open world racing / AAA,Forza Horizon; Fable (reboot),unknown,office,Microsoft,Horizon series + Fable.
PlayStation London Studio,US / Canada (+ first-party extensions),London (UK),2002,~100–200,unknown (SIE),https://www.playstation.com,VR / experimental,SingStar (historical); VR projects,unknown,office,Sony / PlayStation Studios,London SIE studio.
PlayStation Studios,US / Canada (+ first-party extensions),San Mateo / global,2020 (brand),SIE first-party network,God of War; Spider-Man; Horizon,https://www.playstation.com,publishing / first-party umbrella,PlayStation Studios portfolio,unknown,mixed,Sony,"Naughty Dog, SM Studio, Insomniac etc. umbrella brand."
Playtika,US / Canada (+ first-party extensions),Herzliya (Israel) / US presence,2010,~4000,public social casino / casual,https://www.playtika.com,mobile social casino / casual,Slotomania; Ace Games investment,unknown,mixed,publicly traded / private structure,Israel-based; Ace Games TR listed separately.
Polyphony Digital,US / Canada (+ first-party extensions),Tokyo (Japan; SIE),1998,~300+,Gran Turismo,https://www.polyphony.co.jp,sim racing,Gran Turismo series,unknown,office,Sony / PlayStation Studios,Sim racing standard.
PopCap Games,US / Canada (+ first-party extensions),"Seattle, WA (USA)",2000,~200 range,Bejeweled / PvZ IP,https://www.popcap.com,casual / puzzle,Plants vs. Zombies; Bejeweled,unknown,office,EA,Casual PC to mobile bridge.
Proletariat,US / Canada (+ first-party extensions),"Boston, MA (USA)",2012,~100-150,World of Warcraft contribution,https://proletariat.com,MMO / live service,World of Warcraft (post-Blizzard),unknown,office,Microsoft / Blizzard,2022 Blizzard acquisition.
Radical Entertainment,US / Canada (+ first-party extensions),"Vancouver, BC (Canada)",1991,closed (2012),Prototype,https://www.radical.ca,AAA action,Prototype; Scarface,-,-,closed (Activision),Historical Vancouver AAA.
Rare,US / Canada (+ first-party extensions),Twycross (UK; Xbox),1985,~200+,unknown (Microsoft),https://www.rare.co.uk,AAA / live service,"Sea of Thieves; (classic) Banjo, GoldenEye",unknown,office,Microsoft,British legend; Xbox first party.
Raven Software,US / Canada (+ first-party extensions),"Madison, WI (USA)",1990,~300+,COD support / Warzone,https://ravensoftware.com,AAA FPS,Call of Duty (joint); Jedi Knight (historical),unknown,office,Microsoft / Activision,Warzone maintenance/co-development.
ReadyAtDawn,US / Canada (+ first-party extensions),"Irvine, CA (USA)",2003,~100-150,Lone Echo,https://www.readyatdawn.com,VR / action,Lone Echo; The Order 1886,unknown,office,Meta,Meta VR studio.
Red Barrels,US / Canada (+ first-party extensions),"Montréal, QC (Canada)",2011,~50-80,Outlast,https://www.redbarrelsgames.com,horror,Outlast; The Outlast Trials,unknown,office,independent,Montreal horror.
Red Hook Studios,US / Canada (+ first-party extensions),"Vancouver, BC (Canada)",2012,~20-40,Darkest Dungeon,https://www.redhookgames.com,roguelike RPG,Darkest Dungeon; DD II,unknown,hybrid,independent,Stress mechanics icon.
Red Storm Entertainment,US / Canada (+ first-party extensions),"Cary, NC (USA)",1996,~150-250,Rainbow Six spin-off,https://www.ubisoft.com,tactical shooter,Rainbow Six historical,unknown,office,Ubisoft,Tom Clancy tactical roots.
Relic Entertainment,US / Canada (+ first-party extensions),"Vancouver, BC (Canada)",1997,~200+,unknown (Sega periodic),https://www.relic.com,RTS / action,Company of Heroes; Age of Empires IV (joint); Dawn of War,unknown,office,Sega (periodic structure),RTS specialist Canadian studio.
Respawn Entertainment,US / Canada (+ first-party extensions),"Los Angeles, CA (USA)",2010,~500+ range,Apex live service,https://www.respawn.com,AAA FPS / action,Apex Legends; Titanfall; Star Wars Jedi,unknown,office,EA,Vince Zampella studio; Star Wars + battle royale.
Riot Games,US / Canada (+ first-party extensions),"Los Angeles, CA (USA)",2006,~4500+,LoL ecosystem billions $,https://www.riotgames.com,MOBA / tactical / FPS,League of Legends; Valorant; Teamfight Tactics,yes — internship / university,hybrid (office + remote policies periodic),Tencent majority,Esports + live service culture.
Ripple Effect Studios,US / Canada (+ first-party extensions),"Los Angeles, CA (USA)",2012,~200-300,Battlefield support,https://www.ea.com,AAA FPS,Battlefield (joint),unknown,office,EA,EA LA shooter.
Ritual Entertainment (tarihsel),US / Canada (+ first-party extensions),"Dallas, TX (USA)",1996-2010,closed / ZeniMax,SiN; Counter-Strike: Condition Zero support,,FPS,SiN; Heavy Metal F.A.K.K. 2,-,-,closed,Historical Dallas FPS.
Roblox Corporation,US / Canada (+ first-party extensions),"San Mateo, CA (USA)",2004,~2400+,platform GMV / booking growth,https://corp.roblox.com,UGC platform / metaverse,Roblox,yes — internship,hybrid,public (RBLX),User-generated experience platform.
Robot Entertainment,US / Canada (+ first-party extensions),"Plano, TX (USA)",2009,~50-100,Orcs Must Die!; Hero Academy,https://robotentertainment.com,action / strategy,Orcs Must Die! series,unknown,office,independent,Age of Empires veterans.
Rockstar Dundee,US / Canada (+ first-party extensions),Dundee (Scotland),2008 (Ruffian),~50-100,support,https://www.rockstargames.com,AAA support,various,unknown,office,Take-Two / Rockstar,2020 Ruffian acquisition.
Rockstar Games,US / Canada (+ first-party extensions),"New York, NY (USA)",1998,thousands (many studios),GTA V / Online has billions $,https://www.rockstargames.com,AAA open world,Grand Theft Auto; Red Dead Redemption,rarely; strict office culture,office-focused,Take-Two,Open world narrative standard.
Rockstar Leeds,US / Canada (+ first-party extensions),Leeds (UK),1997,~100-200,support / port,https://www.rockstargames.com,AAA support,GTA Stories historical; support,unknown,office,Take-Two / Rockstar,Rockstar BK.
Rockstar Lincoln,US / Canada (+ first-party extensions),Lincoln (UK),2002,~100-200,QA / localization,https://www.rockstargames.com,QA,Rockstar test center,unknown,office,Take-Two / Rockstar,Rockstar QA.
Rockstar London,US / Canada (+ first-party extensions),London (UK),2005,~50-100,support,https://www.rockstargames.com,AAA support,Manhunt 2 historical; support,unknown,office,Take-Two / Rockstar,Rockstar London.
Rockstar New England,US / Canada (+ first-party extensions),"Andover, MA (USA)",1999,~100+,support,https://www.rockstargames.com,AAA support,various Rockstar support,unknown,office,Take-Two / Rockstar,Rockstar support.
Rockstar North,US / Canada (+ first-party extensions),Edinburgh (Scotland),1988 (DMA Design),~500-800,GTA,https://www.rockstargames.com,AAA open world,Grand Theft Auto series,unknown,office,Take-Two / Rockstar,GTA main studio.
Rockstar San Diego,US / Canada (+ first-party extensions),"Carlsbad, CA (USA)",1984,~200-300,Red Dead,https://www.rockstargames.com,AAA open world,Red Dead Redemption; RDR2 contribution,unknown,office,Take-Two / Rockstar,Rockstar San Diego.
Rockstar Toronto,US / Canada (+ first-party extensions),"Oakville, ON (Canada)",1981,~100-200,port / support,https://www.rockstargames.com,AAA support,Max Payne 3 port historical,unknown,office,Take-Two / Rockstar,Rockstar Canada.
Roundhouse Games,US / Canada (+ first-party extensions),USA,2019,small/medium,ZeniMax support,https://bethesda.net,support / remaster,Doom/Quake support,unknown,office,Microsoft / ZeniMax,ZeniMax support studio.
Running With Scissors,US / Canada (+ first-party extensions),Arizona (USA),1996,small,Postal,https://www.runningwithscissors.com,action,Postal series,unknown,small,independent,Postal IP.
San Diego Studio,US / Canada (+ first-party extensions),"San Diego, CA (USA)",2001,~200-300,MLB The Show,https://www.playstation.com,sport,MLB The Show series,unknown,office,Sony / PlayStation Studios,PlayStation sports studio.
Santa Monica Studio,US / Canada (+ first-party extensions),"Los Angeles, CA (USA)",1999,~400 range,unknown (SIE),https://sms.playstation.com,AAA action,God of War,unknown,office,Sony / PlayStation Studios,God of War franchise.
SciPlay,US / Canada (+ first-party extensions),"Las Vegas, NV (USA)",1997 (origin) / 2019 public,~1000+,social casino / casual,https://www.sciplay.com,social casino; casual,Gold Fish Casino; Alictus portfolio (TR separate),unknown,mixed,Light & Wonder,Alictus Ankara listed separately in Turkey.
Scopely,US / Canada (+ first-party extensions),"Culver City, CA (USA)",2011,~2000+,Savvy Games ~$4.9B acquisition (2023),https://www.scopely.com,mobile live service,MARVEL Strike Force; Monopoly GO!,unknown,hybrid,Savvy Games Group (Saudi PIF),Monopoly GO scale; Loom Games TR listed separately.
Second Dinner,US / Canada (+ first-party extensions),USA (remote / CA),2018,~100-150,Marvel Snap,https://seconddinner.com,digital TCG / mobile,Marvel Snap,unknown,hybrid,private (NetEase investment),Hearthstone veterans.
Secret Door,US / Canada (+ first-party extensions),"Irvine, CA (USA)",2020,in Dreamhaven,MMO,https://www.dreamhaven.com,MMO,in development,unknown,office,Dreamhaven,Dreamhaven sub studio.
Serenity Forge,US / Canada (+ first-party extensions),"Boulder, CO (USA)",2014,~20-40,DDLC Plus; Before Your Eyes,https://serenityforge.com,indie / publishing,Doki Doki Literature Club Plus; Before Your Eyes,unknown,hybrid,independent,Indie narrative.
Shiver Entertainment,US / Canada (+ first-party extensions),Florida (USA),2016,~100-200,Nintendo ports,https://www.shiver.games,port,Switch ports,unknown,office,Embracer,Switch port focused.
Singularity 6,US / Canada (+ first-party extensions),"Los Angeles, CA (USA)",2018,~100-200,Palia,https://www.singularity6.com,cozy MMO,Palia,unknown,office,private,Cozy MMO.
SkyBox Labs,US / Canada (+ first-party extensions),"Burnaby, BC (Canada)",2011,~100-150,AoE / co-dev,https://www.skyboxlabs.com,co-dev,Age of Empires support,unknown,office,independent,Vancouver co-dev.
Slant Six Games (tarihsel),US / Canada (+ first-party extensions),"Vancouver, BC (Canada)",2005-2013,closed,SOCOM,,shooter,SOCOM Confrontation,-,-,closed,Historical Vancouver.
Sledgehammer Games,US / Canada (+ first-party extensions),"Foster City, CA (USA)",2009,~300+,COD annual cycle,https://www.sledgehammergames.com,AAA FPS,Call of Duty: Advanced Warfare; Vanguard; MWIII,unknown,office,Microsoft / Activision,Part of COD three studio cycle.
Sony Interactive Entertainment,US / Canada (+ first-party extensions),"San Mateo, CA (USA) / Tokyo",1993 (PlayStation),tens of thousands (PlayStation),console + first party + PS Plus,https://www.playstation.com,platform; AAA publisher,God of War; Spider-Man; Horizon; The Last of Us,yes — PlayStation internship / university,office weighted,Sony Group,"PlayStation Studios network (Naughty Dog, SM Studio, Insomniac…)."
Sperasoft,US / Canada (+ first-party extensions),US / EU / remote (historical Russian roots),2007,~500+,co-dev / art,https://sperasoft.com,service; co-dev,multiple AAA co-dev,unknown,distributed,Keywords Studios (acquisition),Keywords service network.
Splash Damage,US / Canada (+ first-party extensions),London (UK),2001,~200–300,unknown,https://www.splashdamage.com,multiplayer shooter,Gears Tactics (joint); Dirty Bomb (historical),unknown,office,Leyou / Tencent history; private,Multiplayer expert; ownership is periodic.
Standing Stone Games,US / Canada (+ first-party extensions),USA,2016,~100-150,LotRO / DDO operation,https://www.standingstonegames.com,MMORPG,Lord of the Rings Online; DDO,unknown,hybrid,Daybreak / EG7 related,Post Turbine MMO operator.
Strange Loop Games,US / Canada (+ first-party extensions),"Seattle, WA (USA)",2012,~20-40,Eco,https://strangeloopgames.com,simulation / MMO-lite,Eco,unknown,hybrid,independent,Ecology-focused sim.
Striking Distance Studios,US / Canada (+ first-party extensions),"San Rafael, CA (USA)",2019,~100-200,Callisto Protocol,https://strikingdistance.com,horror / action,The Callisto Protocol,unknown,office,Krafton,Glen Schofield; Krafton.
Studio MDHR,US / Canada (+ first-party extensions),Toronto (Canada),2013,~20-40,Cuphead,https://studiodmdhr.com,run-and-gun,Cuphead,unknown,small office,independent,1930s cartoon aesthetic.
Subset Games,US / Canada (+ first-party extensions),remote,2012,2-10,FTL; Into the Breach,https://subsetgames.com,roguelike strategy,FTL; Into the Breach,unknown,remote,independent,Two-player megahit.
Sucker Punch Productions,US / Canada (+ first-party extensions),"Bellevue, WA (USA)",1997,~200–300,unknown (SIE),https://www.suckerpunch.com,AAA action-adventure,Ghost of Tsushima; Infamous,unknown,office,Sony / PlayStation Studios,open world action.
Sumo Digital,US / Canada (+ first-party extensions),Sheffield (UK),2003,~1000+ (Sumo Group),publishing + development,https://www.sumo-digital.com,various genres; service + IP,Sackboy; Hot Wheels Unleashed (shared ecosystem),unknown,multi-studio UK/US,Tencent (Sumo Group acquisition),One of the largest service/IP studio groups in the UK.
Super Evil Megacorp,US / Canada (+ first-party extensions),"San Mateo, CA (USA)",2012,~150–200,Vainglory / Shadows,https://www.superevilmegacorp.com,MOBA / mobile-console,Vainglory; not Darkside Detective — Shadows,unknown,office,independent,Mobile MOBA pioneer.
Superbrothers,US / Canada (+ first-party extensions),Toronto (Canada),2009,small,Sword & Sworcery,https://superbrothers.ca,indie adventure,Sword & Sworcery EP,unknown,small,independent,Pixel + music.
Supergiant Games,US / Canada (+ first-party extensions),San Francisco Bay Area (USA),2009,~20–40,Hades sales/ Twitch,https://www.supergiantgames.com,indie action-RPG / roguelite,Hades; Bastion; Transistor; Pyre,unknown,small office / hybrid,independent,Critic + player favorite; small team.
System Era Softworks,US / Canada (+ first-party extensions),"Seattle, WA (USA)",2016,~50-80,Astroneer,https://www.astroneer.space,sandbox exploration,Astroneer,unknown,hybrid,independent,Space exploration sandbox.
Take-Two Interactive,US / Canada (+ first-party extensions),"New York, NY (USA)",1993,~12000+,GTA/NBA 2K; Zynga mobile,https://www.take2games.com,publishing; AAA + mobile,GTA; Red Dead; NBA 2K; Zynga portfolio,unknown (according to sub-studios),mixed,public (TTWO),Rockstar + 2K + Zynga holding.
Team Asobi,US / Canada (+ first-party extensions),Tokyo (Japan; SIE),2020 (Japan Studio legacy),~80–120,Astro Bot,https://teamasobi.com,platform / first-party,Astro's Playroom; Astro Bot,unknown,office,Sony / PlayStation Studios,Core team after Japan Studio closure.
Team Cherry,US / Canada (+ first-party extensions),Adelaide (Australia),2014,~3–10,Hollow Knight,https://teamcherry.com.au,metroidvania,Hollow Knight; Silksong,unknown,small / remote,independent,Metroidvania milestone; Oceania but global impact.
Telltale Games,US / Canada (+ first-party extensions),USA (reboot),2004; re-released in 2019,~100+,episodic narrative,https://telltalegames.com,episodic adventure,The Walking Dead; The Wolf Among Us,unknown,hybrid,LCG Entertainment,restructured after bankruptcy in 2018.
Thatgamecompany,US / Canada (+ first-party extensions),"Santa Monica, CA (USA)",2006,~30–60,Sky; Journey,https://thatgamecompany.com,indie emotional / MMO-lite,Journey; Sky: Children of the Light; Flower,unknown,office,independent,Jenova Chen; emotional experience.
The Behemoth,US / Canada (+ first-party extensions),"San Diego, CA (USA)",2002,~20-40,Castle Crashers,https://www.thebehemoth.com,co-op action,Castle Crashers; Pit People,unknown,office,independent,Co-op comedy action.
The Coalition,US / Canada (+ first-party extensions),"Vancouver, BC (Canada)",2010 (Black Tusk),~300–400,unknown (Microsoft),https://coalitiongdc.com,AAA shooter,Gears of War series (Xbox era),unknown,office,Microsoft,Gears franchise studio.
The Initiative,US / Canada (+ first-party extensions),"Santa Monica, CA (USA)",2018,~100-200,Perfect Dark remake,https://www.xbox.com,AAA,Perfect Dark (development),unknown,office,Microsoft,Xbox AAA studio.
The Quantum Astrophysicists Guild,US / Canada (+ first-party extensions),USA / remote,2014,small,The Bridge; Manifold Garden not publishing — Manifold Garden separate,https://theqag.net,indie publishing / development,The Bridge; various puzzle,unknown,remote,independent,Puzzle indie.
Thunder Lotus Games,US / Canada (+ first-party extensions),"Montréal, QC (Canada)",2014,~20-40,Spiritfarer,https://thunderlotusgames.com,indie narrative,Spiritfarer; Jotun,unknown,office,independent,Hand-drawn art.
Toys for Bob,US / Canada (+ first-party extensions),"Novato, CA (USA)",1989,~200+,Crash / Spyro remakes,https://toysforbob.com,platform / action,Crash Bandicoot N. Sane Trilogy; Spyro Reignited,unknown,office,Microsoft / Activision,2024 independence news periodic; Activision legacy.
Tracktwenty Studios,US / Canada (+ first-party extensions),"Los Angeles, CA (USA)",2011,EA internal / downsized,The Simpsons: Tapped Out,https://www.ea.com,mobile,The Simpsons: Tapped Out,unknown,office,EA,EA mobile studio (seasonal).
Treyarch,US / Canada (+ first-party extensions),"Santa Monica, CA (USA)",1996,~400+,COD Black Ops cycle,https://www.treyarch.com,AAA FPS,Call of Duty: Black Ops,unknown,office,Microsoft / Activision,COD three-year cycle studios.
Trion Worlds,US / Canada (+ first-party extensions),"Redwood City, CA (USA)",2006,closed,Rift; Trove,https://www.trionworlds.com,MMORPG,Rift; Defiance; Trove,-,-,closed / Gamigo,Historical MMO.
TT Games,US / Canada (+ first-party extensions),Knutsford (UK),2005 (Traveller's Tales 1989),~400+,LEGO games,https://www.ttgames.com,family / action-adventure,LEGO Star Wars; LEGO Indiana Jones,unknown,office,Warner Bros. Games,LEGO game licensing machine.
Turbine,US / Canada (+ first-party extensions),"Needham, MA (USA)",1992,closed (2018),LotRO; DDO,https://www.turbine.com,MMORPG,Lord of the Rings Online; DDO,-,-,closed (WB),Historical MMO studio.
Turn 10 Studios,US / Canada (+ first-party extensions),"Redmond, WA (USA)",2001,~200–300,Forza Motorsport,https://www.forzamotorsport.net,sim racing,Forza Motorsport,unknown,office,Microsoft,Motorsport separate from Playground's Horizon line.
Turtle Rock Studios,US / Canada (+ first-party extensions),"Lake Forest, CA (USA)",2002,~100–150,unknown,https://turtlerockstudios.com,asym / co-op shooter,Left 4 Dead (historical); Back 4 Blood; Evolve,unknown,office,independent (Tencent past investment),Co-op horror/shooter.
Ubisoft Halifax,US / Canada (+ first-party extensions),"Halifax, NS (Canada)",2009 (Not Previously Related Designs — Hybride/Ubisoft),~100-150,support / animation,https://www.ubisoft.com,support; cinematic,Assassin's Creed cinematic/support,unknown,office,Ubisoft,Eastern Canada Ubisoft.
Ubisoft Quebec,US / Canada (+ first-party extensions),"Québec City, QC (Canada)",2005,~400-500,AC Odyssey/Valhalla,https://quebec.ubisoft.com,AAA RPG,Assassin's Creed Odyssey; Valhalla,yes - internship,office,Ubisoft,AC RPG era.
Ubisoft Saguenay,US / Canada (+ first-party extensions),"Saguenay, QC (Canada)",2018,~50-100,support,https://www.ubisoft.com,AAA support,various Ubisoft support,unknown,office,Ubisoft,Québec Ubisoft satellite.
Ubisoft Toronto,US / Canada (+ first-party extensions),"Toronto, ON (Canada)",2010,~600-800,Star Wars Outlaws,https://toronto.ubisoft.com,AAA open world,Star Wars Outlaws,yes - internship,office,Ubisoft,Large Canada Ubisoft.
Ubisoft Winnipeg,US / Canada (+ first-party extensions),"Winnipeg, MB (Canada)",2018,~100-200,AAA support,https://www.ubisoft.com,AAA support,Assassin's Creed / Rainbow Six support,unknown,office,Ubisoft,Canada Ubisoft satellite.
Undead Labs,US / Canada (+ first-party extensions),"Seattle, WA (USA)",2009,~100-150,State of Decay,https://www.undeadlabs.com,survival,State of Decay series,unknown,office,Microsoft,Xbox zombie survival.
United Front Games (tarihsel),US / Canada (+ first-party extensions),"Vancouver, BC (Canada)",2007-2019,closed,Sleeping Dogs; Sleeping Dogs,,AAA action,Sleeping Dogs; Forza Street,-,-,closed (Square Enix / indie),Historical Vancouver; Sleeping Dogs.
Unity Supersonic,US / Canada (+ first-party extensions),Tel Aviv / global,2020 (brand),Unity in-game,hypercasual publishing,https://www.supersonic.com,mobile publishing,many hypercasual titles,unknown,hybrid,Unity,Unity hypercasual publishing arm (Supersonic).
Unity Technologies,US / Canada (+ first-party extensions),"San Francisco, CA (USA)",2004,~4000–5000 range,motor + Runtime fee controversial period,https://unity.com,game engine / tool,Unity Engine,yes — internship,remote / hybrid common,public (U),Not a studio; a significant part of industry employment.
Unknown Worlds Entertainment,US / Canada (+ first-party extensions),"San Francisco, CA (USA)",2001,~50–100,Subnautica,https://unknownworlds.com,survival / exploration,Subnautica; Subnautica: Below Zero,unknown,hybrid,Krafton (2021),Underwater survival hit.
Valve,US / Canada (+ first-party extensions),"Bellevue, WA (USA)",1996,~400–500 range,Steam + hardware + games; very high profit,https://www.valvesoftware.com,platform; FPS; VR,Half-Life; Counter-Strike; Dota 2; Steam Deck,very rare / closed,office (flat hierarchy),private (employee ownership),PC distribution standard; hiring notoriously selective.
VBlank Entertainment,US / Canada (+ first-party extensions),USA / remote,2008,small,Retro City Rampage; 8-bit,https://www.vblank.com,indie retro,Retro City Rampage; Shakedown: Hawaii,unknown,remote,independent,Solo/small retro indie.
Vicarious Visions,US / Canada (+ first-party extensions),"Albany, NY (USA)",1990,~200+,Diablo IV support / COD,https://www.vvisions.com,AAA support,Diablo IV; Crash N. Sane (historical); Guitar Hero,unknown,office,Microsoft / Blizzard,2021 Blizzard merger.
Visual Concepts,US / Canada (+ first-party extensions),"Novato, CA (USA)",1988,~400+,NBA 2K annual,https://vcentertainment.com,sport,NBA 2K; WWE 2K (seasonal),unknown,office,Take-Two / 2K,basketball sim market leader.
WB Games Montréal,US / Canada (+ first-party extensions),"Montréal, QC (Canada)",2010,~200-400,Gotham Knights,https://www.wbgames.com,AAA action,Gotham Knights,unknown,office,Warner Bros. Games,WB Montréal.
William Chyr Studio,US / Canada (+ first-party extensions),"Chicago, IL (USA)",—,small / solo+,Manifold Garden,https://manifold.garden,indie puzzle,Manifold Garden,unknown,small,independent,Architectural puzzle.
World's Edge,US / Canada (+ first-party extensions),Remote / Microsoft,2019,small/medium,Age of Empires,https://www.ageofempires.com,RTS,Age of Empires IV; AoE updates,unknown,remote weighted,Microsoft,Age franchise Xbox publishing.
Yacht Club Games,US / Canada (+ first-party extensions),"Los Angeles, CA (USA)",2011,~10-25,Shovel Knight,https://yachtclubgames.com,indie platform,Shovel Knight,unknown,small,independent,Retro craftsmanship.
ZeniMax Online Studios,US / Canada (+ first-party extensions),"Hunt Valley, MD (USA)",2007,~300-400,ESO,https://www.elderscrollsonline.com,MMORPG,The Elder Scrolls Online,unknown,office,Microsoft / ZeniMax,ESO live service.
Zynga,US / Canada (+ first-party extensions),"San Francisco, CA (USA)",2007,~3000 range,Mobile revenue under Take-Two,https://www.zynga.com,mobile social / casual,Words With Friends; Peak Games portfolio,unknown,hybrid possibility,Take-Two,Peak/Gram/Rollic Turkey studios listed separately.
Zynga Austin,US / Canada (+ first-party extensions),"Austin, TX (USA)",—,Zynga in-game,mobile casual,https://www.zynga.com,mobile casual,various Zynga,unknown,office,Take-Two / Zynga,Zynga Austin office.
Zynga Chicago,US / Canada (+ first-party extensions),"Chicago, IL (USA)",—,Zynga in-game,mobile casual,https://www.zynga.com,mobile casual,various Zynga titles,unknown,office,Take-Two / Zynga,Zynga Chicago.
Zynga Toronto,US / Canada (+ first-party extensions),"Toronto, ON (Canada)",—,Zynga in-game,mobile,https://www.zynga.com,mobile,various,unknown,office,Take-Two / Zynga,Zynga Toronto.
10 Chambers,Europe / Israel,Stockholm (Sweden),2017,~30-50,GTFO,https://www.10chambers.com,co-op horror FPS,GTFO,unknown,office,independent,Payday veterans; hardcore co-op.
11 bit studios,Europe / Israel,Warsaw (Poland),2010,~200+,This War of Mine; Frostpunk,https://www.11bitstudios.com,indie-AA strategy / narrative,Frostpunk; This War of Mine,unknown,office,public (Poland),Difficult choice narrative strategy.
2K Czech,Europe / Israel,Brno (Czech Republic),1997 (Illusion Softworks),~100-200,Mafia I/II historical,https://www.2k.com,AAA action,Mafia; Mafia II,unknown,office,Take-Two / 2K,Continuing with Hangar 13 Brno.
2K Valencia,Europe / Israel,Valencia (Spain),2017,~50-100,support / development,https://www.2k.com,AAA support,2K portfolio support,unknown,office,Take-Two / 2K,2K Spain.
4A Games,Europe / Israel,Valletta (Malta) / Kyiv roots,2006,~200–300,Metro series,https://www.4a-games.com,FPS / narrative,Metro Exodus; Metro 2033,unknown,Malta HQ,Embracer,Ukrainian roots; Malta based.
Abstraction Games,Europe / Israel,Eindhoven (Netherlands),2007,~50-100,port,https://www.abstractiongames.com,port,very Indie/AA port,unknown,office,independent,Netherlands port.
Amber,Europe / Israel,Bucharest (Romania),2009,~200-400,art / co-dev,https://amberstudio.com,service,AAA art/co-dev,unknown,office,Keywords Studios,Romania service studio.
Amplitude Studios,Europe / Israel,Paris (France),2011,~100+,unknown (Sega),https://amplitude-studios.com,4X strategy,Endless Space; Endless Legend; Humankind,unknown,office,Sega,4X expert.
Ankama,Europe / Israel,Roubaix / Paris (France),2001,~500+,Dofus / Wakfu,https://www.ankama.com,MMORPG / animation,Dofus; Wakfu; Waven,unknown,office,independent,French MMO + animation IP.
Aristocrat Gaming / Product Madness,Europe / Israel,London (UK),2012 (Product Madness),~500+,mobile casino,https://www.productmadness.com,mobile casino / social,Lightning Link; Mega Hit Millions,unknown,office,Aristocrat Leisure,Plarium sibling; social casino.
Arkane Lyon,Europe / Israel,Lyon (France),1999,~100-150,Dishonored; Dishonored 2,https://www.arkane-studios.com,immersive sim,Dishonored series; Deathloop,unknown,office,Microsoft / ZeniMax,Arkane France headquarters.
Arrowhead Game Studios,Europe / Israel,Stockholm (Sweden),2008,~100–150,Helldivers 2 explosion,https://www.arrowheadgamestudios.com,co-op shooter,Helldivers; Helldivers 2,unknown,office,independent (Sony publishing),One of the most visible co-op hits of 2024.
Artifex Mundi,Europe / Israel,Katowice (Poland),2006,~100-150,HOPA / publishing,https://www.artifexmundi.com,hidden object,many HOPA; Bladebound,unknown,office,public (Poland),Hidden object + publishing.
Ascaron Entertainment,Europe / Israel,Gütersloh (Germany),1991,closed (2009),Sacred; Patrician,,RPG / sim,Sacred; Patrician,-,-,closed,Historical German; Kalypso IP legacy.
Asobo Studio,Europe / Israel,Bordeaux (France),2002,~300+,Flight Simulator partnership,https://www.asobostudio.com,simulation / adventure,Microsoft Flight Simulator; A Plague Tale,unknown,office,independent (strong MS relationship),MSFS technical partner.
Atomhawk,Europe / Israel,Gateshead (UK),2009,~100-200,concept art / UI,https://atomhawk.com,service; art,AAA concept/UI,unknown,office,Keywords Studios,BK art service.
Atomic Jelly,Europe / Israel,Warsaw (Poland),2014,~30-50,303 Squadron; not Ultrawings,https://atomicjelly.pl,sim / action,303 Squadron: Battle of Britain; Parasite,unknown,office,independent,Poland small/mid studio.
Avalanche Studios Group,Europe / Israel,Stockholm (Sweden),2003,~500+,unknown,https://avalanchestudios.com,open world,Just Cause; theHunter; Rage 2 (joint),unknown,office,Nordisk Film / private,Apex engine; Stockholm + NY.
Azur Games,Europe / Israel,Limassol (Cyprus) / global,2016,~300+,hypercasual publishing,https://azurgames.com,mobile hypercasual,multiple titles; Good Job Games portfolio relationship is periodic,unknown,distributed,private,Good Job TR in a separate list; Azur publisher.
Ballistic Moon,Europe / Israel,BK,2021,~50-100,co-dev,https://www.ballisticmoon.com,co-dev,various,unknown,office,independent,BK co-dev.
Battlestate Games,Europe / Israel,London / RU hub,2012,~200-300,Escape from Tarkov,https://www.battlestategames.com,extraction shooter,Escape from Tarkov,unknown,distributed,private,Extraction shooter pioneer.
Belka Games,Europe / Israel,Limassol (Cyprus),2015,~200+,mobile puzzle/narrative,https://belka-games.com,mobile puzzle / story,Grand Hotel Mania; type of Escape from Covetous Castle,unknown,distributed,private,Eastern European roots; Cyprus HQ.
Best Way,Europe / Israel,Ukraine,1991,~50-100,Men of War,https://bestway.com.ua,RTS,Men of War; Men of War II,unknown,distributed,independent,Ukraine RTS.
Bigpoint,Europe / Israel,Hamburg (Germany),2002,~200-400,browser games,https://www.bigpoint.com,browser / MMO,DarkOrbit; Seafight,unknown,office,private,Early browser game.
Black Forest Games,Europe / Israel,Offenburg (Germany),2012,~50-100,Destroy All Humans remake,https://blackforestgames.com,action,Destroy All Humans!; Giana Sisters,unknown,office,Embracer,German remake.
Black Spire,Europe / Israel,Poland / EU,—,~50-100,co-dev,https://blackspire.studio,co-dev,various,unknown,hybrid,independent,Poland/EU co-dev.
Blackmill Games,Europe / Israel,Haarlem (Netherlands),2010,~30-60,WW1 Game Series,https://www.blackmillgames.com,FPS,Verdun; Tannenberg; Isonzo,unknown,office,independent,World War I FPS.
Blizzard Barcelona,Europe / Israel,Barcelona (Spain),—,inside Blizzard,support / operations,https://www.blizzard.com,support; operation,Blizzard European support,unknown,office,Microsoft / Blizzard,Blizzard Barcelona.
Blizzard Cork,Europe / Israel,Cork (Ireland),—,inside Blizzard,customer / operations / support,https://www.blizzard.com,operations; support,Blizzard European operations,unknown,office,Microsoft / Blizzard,Blizzard Ireland.
Bloober Team,Europe / Israel,Kraków (Poland),2008,~200+,Silent Hill 2 remake,https://www.blooberteam.com,horror / narrative,Silent Hill 2; Layers of Fear; The Medium,unknown,office,public (Poland),Horror AA.
Bohemia Interactive,Europe / Israel,Prague (Czech Republic),1999,~400+,Arma; DayZ,https://www.bohemia.net,military sim / sandbox,Arma 3; DayZ; Arma Reforger,unknown,office,independent,Military sim and mod culture.
Bossa Studios,Europe / Israel,London (UK),2010,~50-100,Surgeon Simulator,https://www.bossastudios.com,indie,Surgeon Simulator; I Am Bread,unknown,office,independent,Physical comedy indie.
Broken Rules,Europe / Israel,Vienna (Austria),2009,~10-30,And Yet It Moves,https://brokenrules.at,indie,And Yet It Moves; Secrets of Raetikon,unknown,small,independent,Austria indie.
Bugbear Entertainment,Europe / Israel,Helsinki (Finland),2000,~50-100,Wreckfest,https://www.bugbeargames.com,racing,Wreckfest; FlatOut,unknown,office,Embracer,Destruction racing.
CCP Games,Europe / Israel,Reykjavík (Iceland),1997,~300-400,EVE Online,https://www.ccpgames.com,MMO space,EVE Online; EVE Vanguard,unknown,office,Pearl Abyss,Iceland MMO.
CD PROJEKT RED,Europe / Israel,Warsaw (Poland),2002 (CDPR 1994),~1100+,Witcher / Cyberpunk; Gwent,https://www.cdprojektred.com,AAA RPG,The Witcher 3; Cyberpunk 2077,yes — internship history,hybrid (company policies periodic),public (CDR),Poland AAA flagship.
Chibig,Europe / Israel,Valencia (Spain),2016,~20-40,Moonlighter; The Mageseeker,https://chibig.com,indie action-RPG,Moonlighter; The Mageseeker,unknown,office,independent,Spanish indie.
Chimera Entertainment,Europe / Israel,Munich (Germany),2008,~50-100,mobile / strategy,https://www.chimera-entertainment.de,mobile strategy,various mobile strategy,unknown,office,independent,German mobile/strategy.
CI Games,Europe / Israel,Warsaw (Poland),2002,~200+,Sniper Ghost Warrior,https://cigames.com,shooter / ARPG,Sniper Ghost Warrior; Lords of the Fallen (2023),unknown,office,public (Poland),Poland AA.
Climax Studios,Europe / Israel,Portsmouth (UK),1988,~150-200,port / VR,https://www.climaxgroup.com,port; VR,Assassin's Creed Nexus VR,unknown,office,independent,Long-standing UK studio.
Coffee Stain Studios,Europe / Israel,Skövde (Sweden),2010,~100+ (studio); group larger,Satisfactory; Goat Simulator,https://coffeestain.com,sim / indie publishing,Satisfactory; Goat Simulator; Deep Rock Galactic (publishing group),unknown,office,Embracer / The Coffee Stain,Swedish indie-AA + publishing.
Colossal Order,Europe / Israel,Tampere (Finland),2009,~50-80,Cities: Skylines,https://www.colossalorder.fi,city sim,Cities: Skylines; CS II,unknown,office,independent,City sim standard.
CrazyLabs,Europe / Israel,Tel Aviv (Israel),2010,~200-400,hypercasual publishing,https://www.crazylabs.com,mobile hypercasual,multi-title,unknown,office,Tencent,Israel hypercasual.
Creative Assembly,Europe / Israel,Horsham (UK),1987,~400–500,Total War,https://www.creativeassembly.com,strategy / RTS-grand,Total War series; Alien: Isolation,unknown,office,Sega,Total War franchise.
Creative Assembly Sofia,Europe / Israel,Sofia (Bulgaria),2019,~100-200,Total War support,https://www.creativeassembly.com,strategy,Total War support,unknown,office,Sega,CA Sofia.
Creepy Jar,Europe / Israel,Warsaw (Poland),2016,~30-50,Green Hell,https://creepyjar.com,survival,Green Hell,unknown,office,public (Poland),Forest survival.
Critical Force,Europe / Israel,Kajaani (Finland),2012,~100-200,Critical Ops,https://www.criticalforce.com,mobile FPS,Critical Ops,unknown,office,independent,Finland mobile FPS.
Croteam,Europe / Israel,Zagreb (Croatia),1993,~50-80,Serious Sam; Talos Principle,https://www.croteam.com,FPS / puzzle,Serious Sam; The Talos Principle,unknown,office,private,Serious Engine; Croatian studio.
Crows Crows Crows,Europe / Israel,Berlin (Germany),2015,small,Dr. Langeskov; related talent to The Beginner's Guide,https://crowscrowscrows.com,indie experimental,"Dr. Langeskov, The Tiger; Accounts; The Stanley Parable Ultra Deluxe partner",unknown,small,independent,Berlin experimental indie.
Crytek,Europe / Israel,Frankfurt (Germany),1999,~400+,Hunt: Showdown; CryEngine,https://www.crytek.com,AAA / F2P; engine,Hunt: Showdown; Crysis (historical),unknown (Istanbul on a separate list),office,private (Turkish founders; HQ Germany),Crytek Istanbul listed in Turkey.
Cyanide Studio,Europe / Israel,Paris (France),2000,~150-200,Blood Bowl; sports,https://www.cyanide-studio.com,sports / strategy,Blood Bowl; Tour de France,unknown,office,Nacon,French sports/strategy.
D3T,Europe / Israel,Warrington (BK),2002,~100-200,port / co-dev,https://d3t.co.uk,port; co-dev,very port,unknown,office,Keywords Studios,BK port studio.
Daedalic Entertainment,Europe / Israel,Hamburg (Germany),2007,~100–200,adventure publishing,https://www.daedalic.com,adventure / publishing,Deponia; Shadow Tactics (publication history),unknown,office,Nacon (acquisition),German adventure + publishing.
Deck13 Interactive,Europe / Israel,Frankfurt (Germany),2001,~100–150,unknown (Focus),https://www.deck13.com,action-RPG,Lords of the Fallen (2014); The Surge,unknown,office,Focus Entertainment,German AA action-RPG.
Demonware,Europe / Israel,Dublin (Ireland),2003,~200-300,COD online backend,https://www.demonware.net,online infrastructure,Call of Duty netcode/services,unknown,office,Microsoft / Activision,Activision online technology.
Dennaton Games,Europe / Israel,Sweden,2012,small,Hotline Miami,https://www.devolverdigital.com,indie action,Hotline Miami; Hotline Miami 2,unknown,small,independent (Devolver),Hotline Miami.
Destructive Creations,Europe / Israel,Gliwice (Poland),2014,~30-60,Hatred; Ancestors Legacy,https://destructivecreations.pl,strategy / action,Ancestors Legacy; not Risen — War Mongrels,unknown,office,independent,Poland strategy/action.
Digic Pictures,Europe / Israel,Budapest (Hungary),2002,~200-300,cinematic,https://www.digicpictures.com,cinematic animation,AAA game trailer,unknown,office,independent,Game cinematic.
DigixArt,Europe / Israel,Montpellier (France),2015,~30-50,Gylt,https://www.digixart.com,narrative,Gylt; Behind the Frame,unknown,office,independent,French narrative.
Dontnod Bordeaux,Europe / Israel,Bordeaux (France),2019,~50-100,Dontnod satellite,https://dontnod.com,narrative,various Dontnod projects,unknown,office,Dontnod,Dontnod Bordeaux campus.
Dontnod Entertainment,Europe / Israel,Paris (France),2008,~300 range,unknown,https://dontnod.com,narrative adventure,Life is Strange (historical); Tell Me Why,unknown,office,public (France),Optional narrative.
Double Eleven,Europe / Israel,Middlesbrough (UK),2009,~200-300,port + IP,https://doubleeleven.com,port; co-dev,various ports,unknown,office,independent,BK port/co-dev.
EA Gothenburg,Europe / Israel,Gothenburg (Sweden),2011 (former Ghost Games campus),EA internal / seasonal,racing / support,https://www.ea.com,racing / support,Need for Speed historical; EA support,unknown,office,EA,EA Gothenburg asset.
EA Madrid,Europe / Israel,Madrid (Spain),—,in EA,FIFA/FC Online support / mobile,https://www.ea.com,sports / mobile,EA FC services,unknown,office,EA,EA Spain.
EA Romania,Europe / Israel,Bucharest (Romania),2005,~1000+,FC backend / mobile,https://www.ea.com,sports / technology,EA FC services,unknown,office,EA,Eastern Europe EA.
Easy Trigger Games,Europe / Israel,Skövde (Sweden),2016,small,Huntdown,https://easytrigger.com,indie action,Huntdown,unknown,small,independent,Swedish pixel action.
Eko Software,Europe / Israel,Paris (France),1999,~50-100,V-Rally; Gear.Club,https://www.ekosoftware.com,racing,V-Rally; Gear.Club,unknown,office,Nacon,French racing.
Electric Square,Europe / Israel,Guildford (UK),2011,~50-100,port / co-dev,https://www.electricsquare.com,port,very AAA port,unknown,office,Keywords Studios,BK port.
Embark Studios,Europe / Israel,Stockholm (Sweden),2018,~200-300,The Finals; Arc Raiders,https://www.embark.games,live service / FPS,The Finals; Arc Raiders,unknown,office,Nexon,DICE veterans; Nexon.
Embracer Group,Europe / Israel,Karlstad (Sweden),2011 (THQ Nordic origin),tens of thousands (group; simplification period),holding; restructuring,https://embracer.com,holding; multiple studios,Darksiders; Remnant; Saints Row (Gearbox era),unknown,mixed,public (Sweden),Multiple studio consolidation; 2023–26 simplification.
Eugen Systems,Europe / Israel,Paris (France),2000,~80–120,unknown,https://eugensystems.com,RTS,Steel Division; WARNO; Wargame,unknown,office,independent,Real-time tactics/RTS.
Expansive Worlds,Europe / Israel,Stockholm (Sweden),2011,~30-60,theHunter classic,https://www.expansiveworlds.com,hunting sim,theHunter classic,unknown,office,Avalanche,Hunting sim studio.
Facepunch Studios,Europe / Israel,Birmingham (BK),2004,~50-100,Garry's Mod; Rust,https://facepunch.com,sandbox / survival,Garry's Mod; Rust,unknown,office,independent,Mod culture and Rust.
Fall Damage,Europe / Israel,Stockholm (Sweden),2016,~50-100,Generation Zero,https://falldamage.com,co-op shooter,Generation Zero,unknown,office,Embracer,Swedish co-op shooter.
Far North Entertainment,Europe / Israel,Sweden,2015,small,co-op / kart,https://www.farnorth.games,co-op; card,Aces & Adventures,unknown,small,independent,Sweden indie.
Farm 51,Europe / Israel,Gliwice (Poland),2005,~100+,unknown,https://www.thefarm51.com,action / VR / vehicle,World War 3; Chernobylite,unknown,office,independent / publicly traded seasonal,Poland AA/tools.
Fast Travel Games,Europe / Israel,Stockholm (Sweden),2016,~50-100,VR,https://www.fasttravelgames.com,VR,After the Fall,unknown,office,independent,Sweden VR.
Fatshark,Europe / Israel,Stockholm (Sweden),2008,~200+,Warhammer co-op,https://www.fatshark.se,co-op action,Vermintide; Darktide,unknown,office,Tencent minority,Warhammer licensed co-op.
Feral Interactive,Europe / Israel,London (UK),1996,~100-150,Mac/Linux port,https://www.feralinteractive.com,port,multiple AAA Mac/Linux/iOS port,unknown,office,independent,Mac/Linux port specialist.
Flaregames,Europe / Israel,Karlsruhe (Germany),2012,~50-100,mobile publishing,https://www.flaregames.com,mobile publishing,various mobile,unknown,office,private,German mobile publishing.
Flying Wild Hog,Europe / Israel,Warsaw (Poland),2009,~200+,unknown (Embracer),https://flyingwildhog.com,action,Shadow Warrior; Evil West; Trek to Yomi,unknown,office,Embracer,Poland action studio.
Focus Entertainment,Europe / Israel,Paris (France),1996,~400+,publishing + studio acquisitions,https://www.focus-entmt.com,publishing; simulation; AA,A Plague Tale; SnowRunner; Atomic Heart (published),unknown,mixed,public (France),European AA publisher.
Fool's Theory,Europe / Israel,Bielsko-Biała (Poland),2018,~50-100,The Thaumaturge,https://foolstheory.com,RPG,The Thaumaturge,unknown,office,independent,Poland RPG.
Forever Entertainment,Europe / Israel,Gdynia (Poland),2010,~50-100,publishing / port,https://forever-entertainment.com,publishing; port,very retro/indie publishing,unknown,office,public (Poland),Poland publishing.
Free Lunch Games,Europe / Israel,Malmö (Sweden),2018,small,indie,https://freelunchgames.com,indie,The Last Hero of Nostalgaia,unknown,small,independent,Sweden indie.
Free Radical Design,Europe / Israel,Nottingham (UK),1999; re-released in 2021,~100+,TimeSplitters,https://www.freeradicaldesign.com,FPS,TimeSplitters reboot,unknown,office,Embracer,Classic FPS revival.
Frictional Games,Europe / Israel,Helsingborg (Sweden),2006,~20-40,Amnesia; SOMA,https://frictionalgames.com,horror,Amnesia; SOMA; The Bunker,unknown,office,independent,Sweden horror.
Frogwares,Europe / Israel,Kyiv / Paris / Dublin,2000,~100-150,Sherlock Holmes,https://frogwares.com,adventure,Sherlock Holmes; The Sinking City,unknown,distributed,independent,Ukrainian root detective.
Frontier Developments,Europe / Israel,Cambridge (UK),1994,~800+,Elite Dangerous; Planet Zoo,https://www.frontier.co.uk,simulation,Elite Dangerous; Jurassic World Evolution; Planet Zoo,unknown,office,public (BK),David Braben; simulation expert.
Frozenbyte,Europe / Israel,Helsinki (Finland),2001,~50-80,Trine,https://www.frozenbyte.com,co-op puzzle,Trine series,unknown,office,independent,Finland co-op puzzle.
Fun Labs,Europe / Israel,Bucharest (Romania),1999,~50-100,co-dev,https://www.funlabs.com,co-dev,various,unknown,office,independent,Romania co-dev.
Funcom,Europe / Israel,Oslo (Norway),1993,~400+,Conan / Dune MMO,https://www.funcom.com,MMO / action-adventure,Conan Exiles; Dune: Awakening; The Secret World,unknown,office,Tencent,Norway MMO/action.
Futureplay,Europe / Israel,Helsinki (Finland),2015,~50-100,mobile hybrid,https://futureplay.com,mobile,various hybrid-casual,unknown,office,Stillfront,Finland mobile.
FuturLab,Europe / Israel,Brighton (UK),2004,~30-50,Velocity,https://www.futurlab.co.uk,indie action,Velocity series,unknown,office,independent,Brighton indie.
Gaijin Entertainment,Europe / Israel,Budapest (Hungary),2002,~500+,War Thunder,https://gaijin.net,MMO military sim,War Thunder; Enlisted,unknown,office,private,Military vehicle MMO.
Galactic Cafe,Europe / Israel,BK,2013,small / solo,The Stanley Parable,https://www.galactic-cafe.com,indie narrative,The Stanley Parable; Ultra Deluxe,unknown,small,independent,Narrative meta-indie.
Gamechuck,Europe / Israel,Zagreb (Croatia),2018,small,indie publishing,https://gamechuck.com,publish,various regional indie,unknown,hybrid,independent,Croatian indie publisher/community.
Gameforge,Europe / Israel,Karlsruhe (Germany),2005,~300+,browser MMO publishing,https://www.gameforge.com,MMO publishing,Metin2; Ikariam; OGame,unknown,office,private,German browser/MMO.
Gameloft,Europe / Israel,Paris (France),1999,~4000+,Mobile under Vivendi,https://www.gameloft.com,mobile AAA / casual,Asphalt; Disney/Marvel licenses,unknown,mixed,Vivendi,Early mobile pioneer; global studios.
Gameloft Bucharest,Europe / Israel,Bucharest (Romania),2000,~300-500,mobile,https://www.gameloft.com,mobile,various Gameloft,unknown,office,Gameloft,Gameloft Romania campus.
Gaming Minds Studios,Europe / Israel,Gütersloh (Germany),2009,~50-100,Railway Empire; Port Royale,https://www.gaming-minds.com,sim / strategy,Railway Empire; Tropico (seasonal),unknown,office,Kalypso,German sim/strategy.
Ghost Games,Europe / Israel,Gothenburg (Sweden),2011-2020,closed / distributed,Need for Speed,https://www.ea.com,racing,Need for Speed (2015-2019 era),-,-,EA (closure),Historical EA racing studio.
Ghost Ship Games,Europe / Israel,Copenhagen (Denmark),2016,~40–80,Deep Rock Galactic,https://www.ghostship.dk,co-op FPS,Deep Rock Galactic,unknown,office,independent (Coffee Stain publishing),Dwarf-space mine co-op.
Ghost Town Games,Europe / Israel,Cambridge (UK),2014,small,Overcooked,https://www.ghosttowngames.com,co-op party,Overcooked; Overcooked 2,unknown,small,independent,Chaotic co-op kitchen.
Goodgame Studios,Europe / Israel,Hamburg (Germany),2009,~200–400 range,unknown,https://www.goodgamestudios.com,browser / mobile,Goodgame Empire,unknown,office,private,Hamburg social/strategy.
Grimlore Games,Europe / Israel,Munich (Germany),2013,~30-60,Iron Harvest,https://www.grimloregames.com,RTS,SpellForce 3; Iron Harvest,unknown,office,Embracer,German RTS.
GSC Game World,Europe / Israel,Prague / Kyiv (Ukrainian roots),1995,~300–400,S.T.A.L.K.E.R. 2,https://www.gsc-game.com,FPS / open world,S.T.A.L.K.E.R. series,unknown,Prague office (post-war relocation),independent,Ukrainian roots; production shifted to Prague.
Guerrilla Cambridge (tarihsel),Europe / Israel,Cambridge (UK),1997-2019,closed,Killzone Vita / support,https://www.guerrilla-games.com,FPS / support,Killzone: Shadow Fall support; Vita,-,-,closed (Sony),Historical Guerrilla satellite.
Haemimont Games,Europe / Israel,Sofia (Bulgaria),1997,~50-100,Tropico (old); Surviving Mars,https://www.haemimontgames.com,strategy / sim,Surviving Mars; Stranded: Alien Dawn,unknown,office,independent,Bulgarian strategy/sim.
HandyGames,Europe / Israel,Giebelstadt (Germany),2000,~100+,mobile / console publishing,https://www.handygames.com,publisher; casual,various,unknown,office,Embracer,German casual/publishing.
Hangar 13 Brighton,Europe / Israel,Brighton (UK),—,In-house Hangar 13,Mafia support,https://hangar13games.com,AAA support,Support for Mafia series,unknown,office,Take-Two / 2K,Hangar 13 UK subsidiary.
Happy Crush / not — Snowprint Studios,Europe / Israel,Stockholm (Sweden),2017,~100-200,Warhammer Tacticus,https://www.snowprintstudios.com,mobile strategy,"Warhammer 40,000: Tacticus",unknown,office,independent,Sweden mobile strategy.
Hatch Entertainment,Europe / Israel,Helsinki (Finland),2016,~50-100,cloud gaming / subscription,https://www.hatch.live,cloud / subscription,Hatch Cloud Gaming,unknown,office,private,Finland cloud gaming.
Hello Games,Europe / Israel,Guildford (UK),2008,~50 range,No Man's Sky long tail,https://hellogames.org,procedural exploration,No Man's Sky; The Last Campfire,unknown,office,independent,"Small team, big universe."
Homa Games,Europe / Israel,Paris / London,2018,~400+,hypercasual publishing,https://www.homagames.com,mobile hypercasual / hybrid,multi-title portfolio,unknown,hybrid,private,European hypercasual publishers.
Hutch,Europe / Israel,London (UK),2011,~100-200,mobile racing,https://www.hutch.io,mobile racing,F1 Clash; Top Drives,unknown,office,independent,Mobile racing/management.
Huuuge Games,Europe / Israel,Warsaw (Poland),2014,~500+,mobile casino / casual,https://huuuge.com,mobile casino,Huuuge Casino; Traffic Puzzle,unknown,office,public,Poland mobile.
Hyperstrange,Europe / Israel,Poland,2018,~20-40,indie / publishing support,https://hyperstrange.com,indie; co-dev,various indie,unknown,hybrid,independent,Poland indie/co-dev.
Iceflake Studios,Europe / Israel,Tampere (Finland),2007,~30-60,Not Pacific Drive — Surviving the Aftermath,https://iceflake.com,strategy / sim,Surviving the Aftermath; Train Sim World not a contribution,unknown,office,Paradox (acquisition),Finland strategy; Paradox.
Image & Form,Europe / Israel,Gothenburg (Sweden),1997,~30-50,SteamWorld,https://imageform.se,indie action,SteamWorld Dig; Heist; Build,unknown,office,Thunderful,SteamWorld IP.
Independent Arts Software,Europe / Israel,Hamm (Germany),1990,~50-100,port / co-dev,https://www.independentartssoftware.com,port,very port/co-dev,unknown,office,independent,German port.
InnoGames,Europe / Israel,Hamburg (Germany),2007,~400+,Modern Times Group,https://www.innogames.com,browser / mobile strategy,Forge of Empires; Tribal Wars,yes — internship (Germany),office / hybrid,MTG,Germany mobile/browser.
IO Interactive,Europe / Israel,Copenhagen (Denmark),1998,~300–400,Hitman + Project 007,https://www.ioi.dk,AAA stealth,Hitman World of Assassination,unknown,office,independent (post-Square Enix release),Danish AAA.
Iron Gate Studio,Europe / Israel,Sweden,2019,~20-40,Valheim,https://irongatestudio.se,survival sandbox,Valheim,unknown,small,independent,Valheim megahit.
ironSource,Europe / Israel,Tel Aviv (Israel),2010,~1000+,mobile meditation / game tools,https://www.is.com,mobile infrastructure / publishing tools,Aura; LevelPlay; Hypercasual publishing tools,unknown,office,Unity (acquisition 2022),Mobile game growth infrastructure.
Ironward,Europe / Israel,Ukraine / EU,2012,~30-50,Vikings ARPG,https://ironward.com,action-RPG,Vikings: Wolves of Midgard,unknown,distributed,independent,Ukrainian ARPG.
Isomorphic / Zen Studios,Europe / Israel,Budapest (Hungary),2003,~100–150,pinball / VR,https://www.zenstudios.com,pinball / casual,Zen Pinball; Pinball FX,unknown,office,Embracer,Digital pinball leader.
Ivory Tower,Europe / Israel,Lyon (France),2007,~200–300,The Crew,https://www.ivory-tower.fr,open world racing,The Crew series,unknown,office,Ubisoft,Lyon racing.
Jagex,Europe / Israel,Cambridge (UK),2001,~500+,RuneScape,https://www.jagex.com,MMORPG,RuneScape; Old School RuneScape,unknown,office,private (CVC),British MMO.
Jumpship,Europe / Israel,London / Dundee (UK),2018,~30-50,Somerville; Project C,https://jumpship.co.uk,narrative / sci-fi,Somerville,unknown,office,independent,Chris Lee (Inside/Limbo art); sci-fi narrative.
Jutsu Games,Europe / Israel,Łódź (Poland),2012,~20-40,This War of Mine DLC support / management,https://jutsugames.com,strategy / management,Not Disaster Report — Anomaly; Not Space Haven — OwnGames: Frostpunk support periods; Management,unknown,office,independent,Poland management/strategy; This War of Mine team relations.
Kalypso Media,Europe / Israel,Worms (Germany),2006,~200+ (group),publisher / strategy,https://www.kalypsomedia.com,publishing; strategy; sim,Tropico; Dungeons; Sudden Strike,unknown,mixed,private,German strategy/sim publishing.
Keen Games,Europe / Israel,Frankfurt (Germany),2005,~50-100,Portal Knights; Gothic remake,https://keengames.com,action-RPG,Portal Knights; Gothic 1 Remake,unknown,office,independent,German AA/indie.
Keen Software House,Europe / Israel,Prague (Czech Republic),2010,~50–100,Space Engineers,https://www.keenswh.com,sandbox / space sim,Space Engineers; Medieval Engineers,unknown,office,independent,VRage engine; voxel sandbox.
Keywords Studios,Europe / Israel,Dublin (Ireland),1998,~12000+,service holding,https://www.keywordsstudios.com,QA; localization; art,industry services,unknown,global,public (BK),Game services consolidator.
Kiloo,Europe / Israel,Aarhus (Denmark),2000,~100+,Subway Surfers partner,https://kiloo.com,mobile publishing / development,Subway Surfers (SYBO partner),unknown,office,private,With SYBO Subway Surfers.
King Art Games,Europe / Israel,Bremen (Germany),2000,~50-100,The Dwarves; not Iron Harvest — Expeditions support?,https://www.kingart-games.com,RPG / strategy,The Dwarves; Iron Sky; The Dive,unknown,office,independent,German RPG/AA.
King Barcelona,Europe / Israel,Barcelona (Spain),—,in King,casual development,https://king.com,mobile casual,King portfolio,unknown,office,Microsoft / Activision,King Barcelona studio.
King London,Europe / Israel,London (UK),—,in King,Candy Crush operation,https://king.com,mobile casual,Candy Crush Saga ecosystem,unknown,office,Microsoft / Activision,King London office.
King Stockholm,Europe / Israel,Stockholm (Sweden),2003 (King HQ),King central,Candy Crush,https://king.com,mobile casual,Candy Crush Saga,unknown,office,Microsoft / Activision,King headquarters.
Kwalee,Europe / Israel,Leamington Spa (UK),2011,~200+,mobile,https://www.kwalee.com,mobile hypercasual,Draw It; hybrid titles,unknown,office,independent,BK mobile.
Kylotonn,Europe / Israel,Paris (France),2002,~100-150,TT Isle of Man; WRC,https://www.kylotonn.com,racing,TT Isle of Man; WRC periodic,unknown,office,Nacon,French sim/arcade racing.
Landfall Games,Europe / Israel,Stockholm (Sweden),2017,~10-30,Totally Accurate Battle Simulator,https://landfall.se,indie physics / comedy,TABS; Clustertruck; Content Warning,unknown,small,independent,Swedish physics comedy indie.
Larian Studios,Europe / Israel,Ghent (Belgium) + global,1996,~450+,BG3 record sales,https://larian.com,CRPG,Baldur's Gate 3; Divinity: Original Sin,unknown,"multi-office (Ghent, Quebec, Kuala Lumpur…)",independent,The most visible independents in the industry post-BG3.
Lucid Games,Europe / Israel,Liverpool (UK),2011,~100-150,co-dev,https://www.lucidgames.co.uk,co-dev,various projects,unknown,office,independent,Liverpool co-dev.
Mad Head Games,Europe / Israel,Novi Sad (Serbia),2011,~100-200,HOPA / publishing,https://www.madheadgames.com,hidden object / casual,very HOPA,unknown,office,independent,Serbia casual/HOPA.
Massive Entertainment,Europe / Israel,Malmö (Sweden),1997,~600+,Avatar; The Division,https://www.massive.se,AAA live service / open world,Tom Clancy's The Division; Avatar: Frontiers of Pandora,yes — Ubisoft internship channels,office,Ubisoft,Snowdrop engine.
Mediatonic,Europe / Israel,London (UK),2005,~200-300,Fall Guys,https://mediatonicgames.com,party,Fall Guys,unknown,office,Epic Games,Fall Guys; Epic acquisition.
Melsoft,Europe / Israel,Limassol (Cyprus),2012,~200+,Family Island,https://melsoft-games.com,mobile idle,Family Island,unknown,distributed,private,Idle adventure.
MercurySteam,Europe / Israel,San Sebastián de los Reyes (Spain),2002,~150–200,unknown,https://www.mercurysteam.com,action / metroidvania,Metroid Dread; Castlevania: Lords of Shadow,unknown,office,independent,Nintendo with Metroid Dread.
Mimimi Games,Europe / Israel,Munich (Germany),2011,closed (2023),Shadow Tactics,https://mimimi.games,tactical stealth,Shadow Tactics; Desperados III; Shadow Gambit,-,-,closed,Historical German tactics.
Miniclip,Europe / Israel,Neuchâtel / London (Switzerland/UK),2001,~700+,Tencent; Masomo acquisition,https://www.miniclip.com,mobile / casual / sports,8 Ball Pool; Head Ball 2 (Masomo),unknown,mixed,Tencent,Masomo Izmir listed separately in Turkey.
Mirage Game Studios,Europe / Israel,Karlstad (Sweden),2016,~20-40,co-dev,https://miragegamestudios.com,co-dev,various THQ Nordic,unknown,office,Embracer,Sweden co-dev.
Moon Active,Europe / Israel,Tel Aviv (Israel),2011,~800+,Coin Master billions $,https://www.moonactive.com,mobile casual / social,Coin Master,unknown,office / hybrid,private,Spyke Games TR investment listed separately.
Moon Studios,Europe / Israel,Vienna (Austria),2010,~50-80,Ori,https://moongamestudios.com,metroidvania / ARPG,Ori and the Blind Forest; No Rest for the Wicked,unknown,office,independent,Austrian metroidvania.
Motion Twin,Europe / Israel,Bordeaux (France),2001,~10–20,Dead Cells,https://motion-twin.com,roguelite / action,Dead Cells,unknown,small office,worker cooperative,Cooperative ownership model; hit indie.
Movie Games,Europe / Israel,Warsaw (Poland),2016,~50-100,publishing / development,https://movie.games,publisher; AA,various Poland AA/indie,unknown,office,public (Poland),Poland publishing group.
Nacon,Europe / Israel,Lesquin / Paris (France),2019 (Bigben legacy),~1000+ (group),publishing + hardware,https://www.nacongaming.com,publishing; AA; peripheral,RoboCop; Session; various AA,unknown,mixed,public (France),French publishing/hardware group.
NaturalMotion,Europe / Israel,Oxford / London (UK),2001,~200-300,CSR Racing,https://www.naturalmotion.com,mobile,CSR Racing; Dawn of Titans,unknown,office,Zynga / Take-Two,Euphoria + mobile.
NeocoreGames,Europe / Israel,Budapest (Hungary),2005,~100+,unknown,https://www.neocoregames.com,action-RPG,Warhammer: Inquisitor; King Arthur,unknown,office,independent,Hungarian AA/ARPG.
Neon Giant,Europe / Israel,Upsala / Stockholm (Sweden),2018,~20-40,The Ascent,https://www.neongiant.se,action RPG / cyberpunk,The Ascent,unknown,office,independent (Curve publishing),Swedish isometric cyberpunk.
Next Games,Europe / Israel,Helsinki (Finland),2013,~100-150,licensed mobile,https://www.nextgames.com,mobile license,The Walking Dead games,unknown,office,Netflix,Netflix Finland.
Nexters,Europe / Israel,Limassol (Cyprus),2010,~500+,Hero Wars,https://nexters.com,mobile idle RPG,Hero Wars,unknown,distributed,private,Mobile idle revenue.
Nifflas,Europe / Israel,Sweden,—,small / solo,Knytt,https://nifflas.ni,indie platform,Knytt Underground; NightSky,unknown,solo,independent,Sweden solo indie.
Nitro Games,Europe / Israel,Kotka (Finland),2007,~50-100,service / midcore,https://www.nitrogames.com,service,various midcore,unknown,office,public,Finland game service.
No Code,Europe / Israel,Glasgow (Scotland),2015,~20-40,Still Wakes the Deep,https://www.nocode.games,indie narrative,Observation; Still Wakes the Deep,unknown,office,independent,Scottish narrative horror.
Nordeus,Europe / Israel,Belgrade (Serbia),2010,~200-400,Top Eleven,https://nordeus.com,mobile sports management,Top Eleven,unknown,office,Take-Two (acquisition),Belgrade sports management hit.
Novarama,Europe / Israel,Barcelona (Spain),2003,~50–100,unknown,https://www.novarama.com,action / multiplayer,Invizimals; The Unliving,unknown,office,independent,Barcelona studio.
One More Level,Europe / Israel,Katowice (Poland),2014,~50-100,Ghostrunner,https://www.onemorelevel.com,action / cyberpunk,Ghostrunner; Ghostrunner 2,unknown,office,independent,Poland cyberpunk action.
Other Tales Interactive,Europe / Israel,Sweden,2017,small,indie narrative,https://www.othertalesinteractive.com,indie narrative,The Journey Down,unknown,small,independent,Sweden narrative.
Outfit7,Europe / Israel,Ljubljana (Slovenia),2009,~700+,Talking Tom ecosystem,https://outfit7.com,mobile kids / casual,My Talking Tom; Talking Tom Gold Run,unknown,mixed,Zhejiang Jinke / China relationship,Character IP mobile.
Owlcat Games,Europe / Israel,Nicosia (Cyprus) / Moscow roots,2016,~150–200,Pathfinder CRPG,https://owlcat.games,CRPG,Pathfinder: Wrath of the Righteous; Rogue Trader; Warhammer 40K CRPG,unknown,distributed,independent,CRPG renaissance actor.
Paintbucket Games,Europe / Israel,Berlin (Germany),2016,small,Through the Darkest of Times,https://www.paintbucket.de,strategy / narrative,Through the Darkest of Times; The Darkest Files,unknown,small,independent,Berlin historical narrative.
Paradox Development Studio,Europe / Israel,Stockholm (Sweden),1995,~100-150,grand strategy,https://www.paradoxinteractive.com,grand strategy,CK; EU; HoI; Stellaris,unknown,office,Paradox Interactive,Paradox main strategy studio.
Paradox Interactive,Europe / Israel,Stockholm (Sweden),1999,~700+,grand strategy + publishing,https://www.paradoxinteractive.com,strategy; publishing,Crusader Kings; Europa Universalis; Cities: Skylines (historical),unknown,office / hybrid,public (Sweden),Grand strategy niche + publishing network.
Pendulo Studios,Europe / Israel,Madrid (Spain),1993,~50–80,adventure,https://www.pendulo.com,point-and-click,Runaway; Yesterday,unknown,office,independent,Spanish adventure tradition.
People Can Fly,Europe / Israel,Warsaw (Poland),2002,~300+,unknown,https://peoplecanfly.com,AAA shooter,Outriders; Bulletstorm (historical),unknown,office,public (Poland),FPS expert.
People Can Fly Newcastle,Europe / Israel,Newcastle (UK),2020,~50-100,AAA shooter support,https://peoplecanfly.com,AAA support,PCF portfolio support,unknown,office,People Can Fly,PCF BK satellite.
Pieces Interactive,Europe / Israel,Skövde (Sweden),2007,~30-60,co-dev,https://www.piecesinteractive.se,co-dev,various projects,unknown,office,Embracer,Sweden co-dev.
Piranha Bytes,Europe / Israel,Essen (Germany),1997,closed (2024),Gothic; Elex,https://www.piranha-bytes.com,action-RPG,Gothic; Risen; Elex,-,-,closed (THQ Nordic),Historical German RPG.
Pixel Crow,Europe / Israel,Warsaw (Poland),2016,~20-40,We. The Revolution,https://pixelcrow.com,narrative / strategy,We. The Revolution; House of Remembrance,unknown,office,independent,Poland narrative strategy.
Plaion (Koch Media),Europe / Israel,Planegg (Germany),1994,thousands (group),Embracer publishing arm,https://www.plaion.com,publishing; distribution,Deep Silver / Ravenscourt labels,unknown,mixed,Embracer,European publishing/distribution.
Playdead,Europe / Israel,Copenhagen (Denmark),2006,~50-80,Limbo; Inside,https://playdead.com,indie puzzle-platform,Limbo; Inside,unknown,office,independent,Minimalist narrative icon.
Playrion Game Studio,Europe / Israel,Paris (France),2010,~30-60,Airlines Manager; Train Manager,https://www.playrion.com,mobile sim management,Airlines Manager,unknown,office,independent,French management sim.
Playrix,Europe / Israel,Dublin (Ireland; root Eastern Europe),2004,~3000+,mobile puzzle revenue peaks,https://www.playrix.com,mobile puzzle / match,Homescapes; Gardenscapes; Township,unknown,distributed,private,One of the highest-grossing mobile puzzle companies.
Playtonic Games,Europe / Israel,Leicestershire (UK),2014,~50-80,Yooka-Laylee,https://www.playtonicgames.com,3D platform,Yooka-Laylee,unknown,office,independent,Rare veterans.
Product Madness,Europe / Israel,London (UK),2012,~500+,social casino,https://www.productmadness.com,mobile casino,Lightning Link,unknown,office,Aristocrat,Social casino.
QLOC,Europe / Israel,Warsaw (Poland),2009,~200-400,port / QA / loc.,https://qloc.com,port; QA; localization,multiple AAA port/QA,unknown,office,independent,Poland port/QA.
Quantic Dream,Europe / Israel,Paris (France),1997,~200–300,NetEase investment,https://www.quanticdream.com,cinematic adventure,Detroit: Become Human; Heavy Rain,unknown,office,NetEase minority/investment,David Cage narrative studio.
Realmforge Studios,Europe / Israel,Munich (Germany),2008,~30-60,Dungeons; Dungeons 3/4,https://www.realmforge.de,strategy / dungeon,Dungeons series,unknown,office,Kalypso,German dungeon-keeper-like.
Rebellion Developments,Europe / Israel,Oxford (UK),1992,~400+,Sniper Elite; 2000 AD IP,https://rebellion.com,AAA/AA shooter,Sniper Elite; Zombie Army,unknown,office,independent,British independent AAA.
Rebellion North,Europe / Israel,Liverpool area (UK),—,Rebellion internal,support,https://rebellion.com,AAA support,Sniper Elite support,unknown,office,Rebellion,Rebellion north campus.
RedLynx,Europe / Israel,Helsinki (Finland),2000,~100–150,Trials,https://www.redlynx.com,arcade racing / action,Trials series,unknown,office,Ubisoft,Finland Ubisoft studio.
Remedy Entertainment,Europe / Israel,Espoo (Finland),1995,~400+,Control / Alan Wake; public,https://www.remedygames.com,AAA action-adventure,Control; Alan Wake; Max Payne (historical),unknown,office,public (Finland),Northlight engine; cinematic action.
Resolution Games,Europe / Israel,Stockholm (Sweden),2015,~100-150,VR multiplayer,https://www.resolutiongames.com,VR,Disc Golf; various VR,unknown,office,independent,Sweden VR.
Rocksteady Studios,Europe / Israel,London (UK),2004,~200–250,unknown (WB),https://www.rocksteadyltd.com,AAA action,Batman: Arkham; Suicide Squad,unknown,office,Warner Bros. Games,Arkham formula.
Roll7,Europe / Israel,London (UK),2008,~30-60,OlliOlli,https://www.roll7.co.uk,indie sports,OlliOlli World,unknown,office,Take-Two / Private Division,Skate indie.
Room 8 Studio,Europe / Israel,Kyiv / Nicosia / global,2011,~1000+,art / co-dev,https://www.room8studio.com,service; art,multiple AAA art/co-dev,unknown,distributed,private,Ukrainian root service.
Rovio Entertainment,Europe / Israel,Espoo (Finland),2003,~500 range,Sega acquisition (2023),https://www.rovio.com,mobile / IP,Angry Birds,unknown,hybrid,Sega,Angry Birds IP; Sega group.
Saber Interactive,Europe / Israel,Fort Lauderdale roots; studios EU/US,2001,~1000+ (group periodic),port + IP; Embracer simplification,https://www.saber3d.com,AAA service/shooter,World War Z; Space Marine 2 (co-op),unknown,multi-office,Beacon Interactive (post-Embracer exit),Large service network; ownership changed 2024+.
Sandfall Interactive,Europe / Israel,Montpellier (France),2020,~30-50,Clair Obscur: Expedition 33,https://www.sandfall-interactive.com,JRPG-like / narrative,Clair Obscur: Expedition 33,unknown,office,independent (Kepler Interactive publishing),2025 breakout French RPG.
SayGames,Europe / Israel,Limassol (Cyprus),2017,~200+,hypercasual publishing,https://say.games,mobile hypercasual,multi-title,unknown,distributed,private,Hypercasual publisher.
Sega Hardlight,Europe / Israel,Royal Tunbridge Wells (UK),2012,~50-100,Sonic mobile,https://www.sega.co.uk,mobile,Sonic Dash; Sonic Forces Mobile,unknown,office,Sega,Sega UK mobile studio.
Sharkmob,Europe / Israel,Malmö (Sweden) / London,2017,~200-300,Bloodhunt,https://www.sharkmob.com,live service,Bloodhunt; Exoborne,unknown,multi-office,Tencent,Sweden/UK live service.
Shiro Games,Europe / Israel,Bordeaux (France),2012,~50-80,Northgard; Wartales,https://www.shirogames.com,strategy / RPG,Northgard; Wartales,unknown,office,independent,Bordeaux strategy.
SIDE,Europe / Israel,London (UK),2000,~1000+,audio / performance,https://side.global,audio; mocap,AAA audio/perf,unknown,global,private,Audio and performance capture.
SIE London Studio,Europe / Israel,London (UK),2002,~100-200,VR / SingStar historical,https://www.playstation.com,VR / first-party,SingStar; PlayStation VR worlds,unknown,office,Sony / PlayStation Studios,PlayStation London (London Studio).
Slightly Mad Studios,Europe / Israel,London (UK),2009,~100-150,Project CARS,https://www.slightlymadstudios.com,racing sim,Project CARS series,unknown,office,EA / Codemasters,Sim racing.
Slipgate Ironworks,Europe / Israel,Aalborg (Denmark),2017,~20-40,WRATH; Bombshell,https://slipgateironworks.com,FPS / publishing,WRATH: Aeon of Ruin; various,unknown,office,3D Realms / associated with Embracer,Denmark FPS/publishing.
Sloclap,Europe / Israel,Paris (France),2015,~50-80,Sifu; Absolver,https://www.sloclap.com,fighting / action,Sifu; Absolver,unknown,office,independent,Paris fighting action.
Small Giant Games,Europe / Israel,Helsinki (Finland),2013,~100-200,Empires & Puzzles,https://www.smallgiantgames.com,mobile match-RPG,Empires & Puzzles,unknown,office,Zynga / Take-Two,Finland mobile; Zynga acquisition.
Snowprint Studios,Europe / Israel,Stockholm (Sweden),2017,~100-200,Tacticus,https://www.snowprintstudios.com,mobile strategy,"Warhammer 40,000: Tacticus",unknown,office,independent,Sweden mobile strategy.
Socialpoint,Europe / Israel,Barcelona (Spain),2008,~300+,mobile social,https://www.socialpoint.es,mobile casual / social,Dragon City; Monster Legends,unknown,office,Take-Two / Zynga,Barcelona mobile.
Softgames,Europe / Israel,Berlin (Germany),2009,~100-200,HTML5 / casual,https://www.softgames.de,mobile / HTML5,very casual title,unknown,office,private,Berlin casual publishing.
Southend Interactive,Europe / Israel,Malmö (Sweden),1998,~50-100,co-dev,https://www.southendinteractive.com,co-dev,various,unknown,office,independent,Sweden co-dev.
Space Ape Games,Europe / Israel,London (UK),2012,~100-150,mobile strategy,https://www.spaceapegames.com,mobile strategy,Transformers: Earth Wars,unknown,office,independent,London live-ops mobile.
Spiders,Europe / Israel,Paris (France),2008,~100–150,unknown (Nacon),https://www.spiders-games.com,action-RPG,GreedFall; Steelrising,unknown,office,Nacon,French AA RPG.
Sports Interactive,Europe / Israel,London (UK),1994,~200+,Football Manager annual,https://www.footballmanager.com,sports management sim,Football Manager,unknown,office,Sega,FM culture / database.
Star Vault,Europe / Israel,Sweden,2010,~20-40,Mortal Online,https://www.starvault.se,sandbox MMO,Mortal Online 2,unknown,office,independent,Sweden sandbox MMO.
Starbreeze Studios,Europe / Israel,Stockholm (Sweden),1998,~200+,PAYDAY,https://www.starbreeze.com,co-op FPS,PAYDAY 2; PAYDAY 3,unknown,office,public (Sweden),Co-op heist.
Starward Industries,Europe / Israel,Kraków (Poland),2019,~50-80,The Invincible,https://starward.eu,narrative sci-fi,The Invincible,unknown,office,independent,Lem adaptation.
Stillfront Group,Europe / Israel,Stockholm (Sweden),2010,~1300+,holding revenues,https://www.stillfront.com,mobile/strategy holding,multi-studio portfolio,unknown,mixed,public (Sweden),Multi-studio mobile holding.
Studio Fizbin,Europe / Israel,Ludwigshafen (Germany),2011,small,indie narrative,https://www.studio-fizbin.com,indie narrative,The Inner World,unknown,small,independent,German narrative.
Stunlock Studios,Europe / Israel,Skövde (Sweden),2010,~50-100,V Rising; Battlerite,https://www.stunlockstudios.com,action / survival,V Rising; Battlerite,unknown,office,independent (Tencent minority history),Swedish action/survival.
Sulake,Europe / Israel,Helsinki (Finland),2000,~100-200,Habbo,https://www.sulake.com,social virtual world,Habbo,unknown,office,Azerion,Early social virtual world.
Supercell,Europe / Israel,Helsinki (Finland),2010,~400+,Clash / Brawl live service; Tencent,https://supercell.com,mobile strategy / live ops,Clash of Clans; Clash Royale; Brawl Stars; Hay Day,unknown,office (cell culture),Tencent majority,"Cell model; few games, high quality."
SUPERHOT Team,Europe / Israel,Warsaw / Łódź (Poland),2013,~20-40,SUPERHOT,https://superhotgame.com,FPS / indie,SUPERHOT; SUPERHOT VR; Mind Control Delete,unknown,small,independent,Time-manipulating FPS.
SuperPlay,Europe / Israel,Tel Aviv (Israel),2019,~100-200,Dice Dreams,https://www.superplay.co,mobile casual,Dice Dreams,unknown,office,private,Israeli casual.
SYBO,Europe / Israel,Copenhagen (Denmark),2010,~100–150,Subway Surfers MAU,https://sybogames.com,mobile endless runner,Subway Surfers,unknown,office,independent,One of the most downloaded runners in the world.
Systemic Reaction,Europe / Israel,Stockholm (Sweden),—,In-house Avalanche,theHunter,https://avalanchestudios.com,online / hunting,theHunter: Call of the Wild,unknown,office,Avalanche,Avalanche online studio label.
Tarsier Studios,Europe / Israel,Malmö (Sweden),2004,~50-80,Little Nightmares,https://tarsier.se,horror / platform,Little Nightmares series,unknown,office,Embracer,Little Nightmares.
Tate Multimedia,Europe / Israel,Warsaw (Poland),2000,~50-100,Urban Trial,https://tate.pl,publishing; racing,Urban Trial series,unknown,office,independent,Poland publishing/development.
Team17,Europe / Israel,Wakefield (BK),1990,~300+,Worms + indie publishing,https://www.team17.com,publishing; indie-AA,Worms; Overcooked (publishing history); Hell Let Loose,unknown,hybrid,public (BK),Indie-friendly British publisher.
Team17 Digital,Europe / Israel,Wakefield (BK),2018 (brand),Team17 group,publishing + development,https://www.team17.com,publishing; development,Worms; Overcooked publication; Hell Let Loose,unknown,office,Team17,Team17 digital/publishing arm.
Techland,Europe / Israel,Wrocław (Poland),1991,~500+,Dying Light series,https://www.techland.net,AAA action/zombie,Dying Light,unknown,office,private,Poland open world action.
Techland Warsaw,Europe / Israel,Warsaw (Poland),—,Techland internal,Dying Light support,https://www.techland.net,AAA support,Dying Light,unknown,office,Techland,Techland Warsaw.
Tequila Works,Europe / Israel,Madrid (Spain),2009,~50–100,unknown,https://tequilaworks.com,action-adventure,Deadlight; Rime; Song of Nunu,unknown,office,independent,Spanish AA/indie.
The Astronauts,Europe / Israel,Warsaw (Poland),2012,~50–80,unknown,https://www.theastronauts.com,FPS / narrative,Witchfire; The Vanishing of Ethan Carter,unknown,office,independent,Ethan Carter + Witchfire.
The Chinese Room,Europe / Israel,Brighton (UK),2007,~30-50,Dear Esther,https://www.thechineseroom.co.uk,walking sim,Dear Esther; Everybody's Gone to the Rapture,unknown,office,Sumo / Tencent,Walking sim pioneer.
The Game Kitchen,Europe / Israel,Sevilla (Spain),2010,~20-40,Blasphemous,https://thegamekitchen.com,metroidvania,Blasphemous; Blasphemous II,unknown,office,independent,Spanish metroidvania hit.
THQ Nordic,Europe / Israel,Vienna (Austria),2011,Within Embracer,unknown,https://www.thqnordic.com,publisher; AA,SpongeBob; Darksiders; Destroy All Humans,unknown,mixed,Embracer,Classic IP revival.
Thunderful Games,Europe / Israel,Gothenburg (Sweden),—,Inside Thunderful,development,https://thunderfulgroup.com,development,SteamWorld; various TFG,unknown,office,Thunderful Group,Thunderful development branch.
Thunderful Group,Europe / Israel,Gothenburg (Sweden),2019,~500+,holding,https://thunderfulgroup.com,holding; indie-AA,SteamWorld ecosystem,unknown,mixed,public (Sweden),Sweden game group.
Toadman Interactive,Europe / Israel,Stockholm (Sweden),2013,~50-100,service,https://www.toadmaninteractive.com,service,various,unknown,office,private,Sweden service.
Traplight,Europe / Israel,Tampere (Finland),2011,~50-100,mobile,https://traplightgames.com,mobile action,Puzzle Breakers; various,unknown,office,independent,Finland mobile.
Travian Games,Europe / Israel,Munich (Germany),2005,~100-200,Travian,https://www.traviangames.com,browser strategy,Travian,unknown,office,private,Classic browser strategy.
Triumph Studios,Europe / Israel,Delft (Netherlands),1997,~30-60,Age of Wonders,https://www.triumphstudios.com,strategy / 4X,Age of Wonders series; Overlord,unknown,office,Paradox (acquisition),Netherlands 4X; Paradox.
Two Desperados,Europe / Israel,Novi Sad (Serbia),2014,~50-100,Not ShadowFight — Crystalix / midcore,https://twodesperados.com,mobile midcore,various midcore,unknown,office,independent,Serbia mobile.
Ubisoft,Europe / Israel,Saint-Mandé / Paris (France),1986,~18000+,annual several billion $ range,https://www.ubisoft.com,AAA publishing; open world,Assassin's Creed; Far Cry; Rainbow Six; Mario+Rabbids,yes — internship (common in France/Canada),hybrid / office,public (UBI); Guillemot family,"Montreal, Toronto, Paris, Milan, Pune network."
Ubisoft Annecy,Europe / Israel,Annecy (France),1996,~200-300,multiplayer / support,https://www.ubisoft.com,multiplayer,Assassin's Creed multiplayer historical,unknown,office,Ubisoft,Alps Ubisoft.
Ubisoft Barcelona,Europe / Israel,Barcelona (Spain),1998,~300-400,mobile + support,https://www.ubisoft.com,mobile / support,various Ubisoft mobile/support,unknown,office,Ubisoft,Spain Ubisoft.
Ubisoft Berlin,Europe / Israel,Berlin (Germany),2018,~100-200,AAA / new campus,https://www.ubisoft.com,AAA,various projects / support,unknown,office,Ubisoft,Germany Ubisoft (Blue Byte separate).
Ubisoft Blue Byte,Europe / Israel,Düsseldorf / Mainz (Germany),1988,~400+,Anno; The Settlers,https://www.bluebyte.com,strategy / sim,Anno; The Settlers,unknown,office,Ubisoft,German strategy Ubisoft.
Ubisoft Bordeaux,Europe / Israel,Bordeaux (France),2017,~200-300,AC support,https://www.ubisoft.com,AAA support,Assassin's Creed support,unknown,office,Ubisoft,New France campus.
Ubisoft Bucharest,Europe / Israel,Bucharest (Romania),1992,~700+,Rainbow Six contribution,https://www.ubisoft.com,AAA / live,Rainbow Six Siege contribution,unknown,office,Ubisoft,Eastern Europe Ubisoft.
Ubisoft Leamington,Europe / Israel,Leamington Spa (UK),2012 (FreeStyleGames legacy),~100-150,steep / racing / support,https://www.ubisoft.com,sports / support,Steep; Riders Republic contribution,unknown,office,Ubisoft,UK Ubisoft (FreeStyleGames).
Ubisoft Milan,Europe / Israel,Milan (Italy),2001,~150-250,Mario+Rabbids,https://www.ubisoft.com,strategy / co-dev,Mario + Rabbids Kingdom Battle; Sparks of Hope,unknown,office,Ubisoft,Italy Ubisoft.
Ubisoft Montpellier,Europe / Israel,Montpellier (France),1994,~200-300,Rayman; BG&E,https://www.ubisoft.com,action-adventure,Beyond Good & Evil; Rayman Legends,unknown,office,Ubisoft,Michel Ancel legacy.
Ubisoft Montréal,Europe / Israel,"Montréal, QC (Canada)",1997,~3500+ range,Inside Ubisoft,https://montreal.ubisoft.com,AAA open world,Assassin's Creed; Rainbow Six Siege,yes — strong internship,office / hybrid,Ubisoft,One of the largest studios in North America.
Ubisoft Odessa,Europe / Israel,Odesa (Ukraine),2018,~100-200 (periodic),AAA support,https://www.ubisoft.com,AAA support,various Ubisoft support,unknown,office,Ubisoft,Ukrainian Ubisoft; operational changes during wartime.
Ubisoft Paris,Europe / Israel,Paris (France),1992,~500+,Rainbow Six; Ghost Recon,https://www.ubisoft.com,AAA shooter,Rainbow Six Siege; Ghost Recon,unknown,office,Ubisoft,France shooter hub.
Ubisoft Reflections,Europe / Israel,Newcastle (UK),1984,~200-300,Driver; Watch Dogs Legion contribution,https://www.ubisoft.com,AAA / racing roots,Driver series; Watch Dogs Legion,unknown,office,Ubisoft,Classic Driver studio.
Ubisoft Sofia,Europe / Israel,Sofia (Bulgaria),2006,~200-300,AC support,https://www.ubisoft.com,AAA support,Assassin's Creed support; Prince of Persia: The Lost Crown,unknown,office,Ubisoft,Bulgaria Ubisoft.
Ubisoft Stockholm,Europe / Israel,Stockholm (Sweden),2017,~100-200,Avatar / Tom Clancy support,https://www.ubisoft.com,AAA support,Avatar: Frontiers of Pandora contribution; support,unknown,office,Ubisoft,Sweden Ubisoft (Massive separate).
Virtual Toys,Europe / Israel,Madrid (Spain),1999,~50-100,family / children,https://www.virtualtoys.com,family,various,unknown,office,independent,Spanish family studio.
Voidpoint,Europe / Israel,Ireland / remote,2015,small,Ion Fury,https://voidpoint.com,FPS,Ion Fury,unknown,remote,independent,Build Engine FPS.
Voidpoint / Ion Fury — Voidpoint,Europe / Israel,Ireland / remote,2015,small,Ion Fury,https://voidpoint.com,FPS,Ion Fury; Aftershock,unknown,remote,independent (3D Realms publishing),Build Engine FPS.
Voodoo,Europe / Israel,Paris (France),2013,~800+,hypercasual publishing / hybrid,https://www.voodoo.io,mobile hypercasual / hybrid,numerous hyper-casual titles,unknown,hybrid,private,European hypercasual publishing engine.
Vostok Games,Europe / Israel,Kyiv / Nicosia,2012,~50-100,Survarium,https://vostokgames.com,survival / shooter,Survarium; Fear the Wolves,unknown,distributed,independent,STALKER veterans.
Wooga,Europe / Israel,Berlin (Germany),2009,~300+,June's Journey,https://www.wooga.com,mobile narrative,June's Journey; Pearl's Peril,unknown,office,Playtika,Berlin story casual.
XDev,Europe / Israel,Liverpool / London (UK),2007 (SIE),~50-100,PlayStation third-party support,https://www.playstation.com,publishing support / QA,third party PS support,unknown,office,Sony / PlayStation,SIE external development support unit.
Yager Development,Europe / Israel,Berlin (Germany),1999,~100–150,unknown,https://yager.de,shooter / service,Spec Ops: The Line; The Cycle (historical),unknown,office,independent,Berlin studio; Spec Ops cult.
Zoink,Europe / Israel,Gothenburg (Sweden),2001,~30-60,Lost in Random; Stick It to the Man,https://zoinkgames.com,indie action-adventure,Lost in Random; The Stretchers,unknown,office,Thunderful,Thunderful group studio.
1-UP Studio,Japan,Tokyo (Japan),2000 (Brownie Brown),~50-80,Mother / Mario support,https://www.1-up-studio.jp,first-party support,Mother 3; Mario & Luigi support periods,unknown,office,Nintendo,Nintendo second party.
Acquire,Japan,Tokyo (Japan),1994,~100-150,Tenchu; Akiba's Trip,https://www.acquire.co.jp,action / RPG,Tenchu; Akiba's Trip,unknown,office,independent,Japanese action/RPG.
Aiming,Japan,Tokyo (Japan),2011,~300+,mobile MMO,https://aiming-inc.com,mobile MMO,various,unknown,office,public,Japanese mobile MMO.
Akatsuki,Japan,Tokyo (Japan),2010,~500+,mobile RPG,https://aktsk.jp,mobile; anime IP,Fantasia Re:Zero etc. seasonal,unknown,office,public (Tokyo),Japanese mobile RPG.
AlphaDream,Japan,Tokyo (Japan),2000,closed (2019),Mario & Luigi,,JRPG,Mario & Luigi series,-,-,closed,Historical Nintendo second party.
Ambrella (tarihsel),Japan,Tokyo (Japan),1996-2020,closed,Hey You Pikachu; Pokémon Channel,https://www.nintendo.com,Pokémon side,"Hey You, Pikachu!; Pokémon Rumble World",-,-,closed,Historical Pokémon spin-off studio.
Aniplex,Japan,Tokyo (Japan),1995,Sony Music group,anime IP,https://www.aniplex.co.jp,publishing / IP,SAO games; Fate ecosystem,unknown,office,Sony Music Japan,Anime IP power center.
Arc System Works,Japan,Yokohama (Japan),1988,~200+,Guilty Gear / Strive,https://www.arcsystemworks.com,fighting,Guilty Gear; Dragon Ball FighterZ (development),unknown,office,independent,Anime fighting standard.
Ateam,Japan,Nagoya (Japan),2000,~500+,mobile,https://www.a-tm.co.jp,mobile,various romance/mobile,unknown,office,public (Tokyo),Nagoya mobile.
Atlus,Japan,Tokyo (Japan),1986,~300–400,Persona sales,https://www.atlus.com,JRPG / dungeon crawler,Persona; Shin Megami Tensei,unknown,office,Sega,Persona global breakdown.
Bandai Namco,Japan,Tokyo (Japan),2005 (merger),~8000+ (group),anime IP + game,https://www.bandainamcoent.com,publishing; fighting; RPG,Tekken; Elden Ring (publication); Pac-Man,unknown,office,public (Tokyo),Elden Ring publishing partner; extensive IP.
Bushiroad,Japan,Tokyo (Japan),2007,~500+ (group),card / anime / game,https://bushiroad.co.jp,TCG; mobile; media mix,Weiss Schwarz; BanG Dream!; D4DJ,unknown,office,public (Tokyo),Media mix + TCG.
Camelot Software Planning,Japan,Tokyo (Japan),1994,~50–80,Mario Golf / Tennis; Golden Sun,https://www.camelot.co.jp,sports / JRPG,Mario Tennis; Golden Sun,unknown,office,independent (Nintendo publishing),Nintendo sports + Golden Sun.
Capcom,Japan,Osaka (Japan),1979,~3000+,RE / MH record sales,https://www.capcom.com,AAA action / horror,Resident Evil; Monster Hunter; Street Fighter,unknown,office,public (Tokyo),RE Engine; high profitability period.
Capcom R&D Division 1,Japan,Osaka (Japan),—,in Capcom,Resident Evil; Devil May Cry,https://www.capcom.com,AAA action / horror,Resident Evil; DMC; Ghosts'n Goblins modern,unknown,office,Capcom,Capcom 1st production department.
Capcom R&D Division 2,Japan,Osaka (Japan),—,in Capcom,Monster Hunter; Street Fighter,https://www.capcom.com,AAA action / fighting,Monster Hunter; Street Fighter; Ace Attorney,unknown,office,Capcom,Capcom 2nd production department.
Cave,Japan,Tokyo (Japan),1994,~100+,shmup / pachinko transition,https://www.cave.co.jp,shoot-'em-up,DonPachi; Mushihimesama,unknown,office,public seasonal,Bullet hell icon.
Colopl,Japan,Tokyo (Japan),2008,~1000+,unknown,https://colopl.co.jp,mobile,White Cat Project etc.,unknown,office,public (Tokyo),Japanese mobile.
Compile Heart,Japan,Tokyo (Japan),2006,~50-100,Neptunia,https://www.compileheart.com,JRPG,Hyperdimension Neptunia series,unknown,office,Idea Factory,Neptunia IP.
Crafts & Meister,Japan,Osaka (Japan),2004,~50-80,co-dev / Gundam,https://www.crafts-meister.co.jp,co-dev; action,Gundam Battle; various Bandai,unknown,office,independent,Osaka co-dev.
Creatures Inc.,Japan,Tokyo (Japan),1995,~200+,Pokémon team member,https://www.creatures.co.jp,IP / development,Pokémon Ranger; card game support; Hey You Pikachu!,unknown,office,Pokémon Company partner,TPC triangle's third leg.
CyberAgent,Japan,Tokyo (Japan),1998,thousands (group),internet + game,https://www.cyberagent.co.jp,holding,Cygames parent company,unknown,office,public (Tokyo),Cygames parent company.
CyberConnect2,Japan,Fukuoka (Japan),1996,~200-300,Naruto Ultimate Ninja; .hack,https://www.cc2.co.jp,action / anime,Naruto UNS; .hack; Little Noah; Fugue,unknown,office,independent,Fukuoka anime-action.
Cygames,Japan,Tokyo (Japan),2011,~2000+,Uma Musume / Granblue,https://www.cygames.co.jp,mobile / console,Uma Musume; Granblue Fantasy; Princess Connect,unknown,office,CyberAgent,Japanese mobile IP powerhouse.
DeNA,Japan,Tokyo (Japan),1999,~2000+,mobile + sports/other,https://dena.com,mobile; publishing partnerships,Mobage platform history; Nintendo partnerships,unknown,office,public (Tokyo),Platform + game.
Dimps,Japan,Osaka (Japan),2000,~150-250,Dragon Ball; Street Fighter support,https://www.dimps.co.jp,fighting / action,Dragon Ball FighterZ (with ArcSys); SFIV support; historical Sonic support,unknown,office,independent,Osaka fighting/action co-dev.
DMM Games,Japan,Tokyo (Japan),—,DMM group,platform + game,https://games.dmm.com,platform / publishing,various PC/mobile,unknown,office,DMM.com,Japanese digital platform.
Drecom,Japan,Tokyo (Japan),2001,~300+,mobile / publishing,https://www.drecom.co.jp,mobile; publishing,various,unknown,office,public,Japanese mobile/publishing.
Epic Games Japan,Japan,Tokyo (Japan),—,in Epic,UE / Fortnite JP,https://www.epicgames.com,engine / support,Unreal Engine Japan,unknown,office,Epic Games,Epic Japan.
feelplus (tarihsel),Japan,Tokyo (Japan),2002-2012,closed,Lost Odyssey; Ninety-Nine Nights,,JRPG / action,Lost Odyssey,-,-,closed (Microsoft related),Historical Xbox JRPG.
Felistella,Japan,Tokyo / Hyogo (Japan),2010,~30-50,co-dev / JRPG support,https://www.felistella.co.jp,co-dev,various JRPG co-dev,unknown,office,independent,Japanese co-dev studio.
French-Bread,Japan,Tokyo (Japan),1993,~30-50,Melty Blood; Under Night,https://www.french-bread.net,fighting,Melty Blood; Under Night In-Birth,unknown,office,independent,Niche fighting studio.
FromSoftware,Japan,Tokyo (Japan),1986,~400+,Elden Ring / Souls,https://www.fromsoftware.jp,action-RPG,Elden Ring; Dark Souls; Armored Core; Sekiro,unknown,office,Kadokawa affiliated,Studio defining the souls-like genre.
Game Freak,Japan,Tokyo (Japan),1989,~150–200,Pokémon main series,https://www.gamefreak.co.jp,JRPG,Pokémon main series games,unknown,office,independent (TPCi partnership),Pokémon developer; Nintendo/Creatures/GF triangle.
Genius Sonority,Japan,Tokyo (Japan),2002,~50-80,Pokémon puzzle / RPG support,https://www.geniussonority.co.jp,puzzle / RPG,Pokémon Shuffle; Pokémon Trozei,unknown,office,independent,Pokémon spin-off games.
Good-Feel,Japan,Tokyo (Japan),2005,~50-100,Yoshi; Kirby support,https://www.good-feel.co.jp,platform,Yoshi's Woolly World; Kirby's Extra Epic Yarn,unknown,office,independent (Nintendo publishing),Handmade visual platform.
Grasshopper Manufacture,Japan,Tokyo (Japan),1998,~50–100,unknown,https://www.grasshopper.co.jp,action / weird,No More Heroes; Killer7; Shadows of the Damned,unknown,office,NetEase (acquisition),Suda51 studio.
Grezzo,Japan,Tokyo (Japan),2006,~100-150,Zelda remaster / Link's Awakening,https://www.grezzo.co.jp,action-adventure,Link's Awakening remake; Ocarina 3D; Majora's Mask 3D,unknown,office,independent (Nintendo publishing),Zelda remaster expert.
gumi,Japan,Tokyo (Japan),2007,~700+,mobile / blockchain experiments,https://www.gu3.co.jp,mobile RPG / publishing,Various gacha; VR/blockchain initiatives,unknown,office,public (Tokyo),Japanese mobile publishing.
GungHo Online,Japan,Tokyo (Japan),2002,~1000+,Puzzle & Dragons,https://www.gungho.co.jp,mobile puzzle-RPG,Puzzle & Dragons,unknown,office,public (Tokyo),Early mobile revenue giant.
Gust (Koei Tecmo),Japan,Nagano (Japan),1993,~150+,Atelier; Nights of Azure,https://www.gust.co.jp,JRPG,Atelier series; Blue Reflection,unknown,office,Koei Tecmo,Alchemist JRPG line.
HAL Laboratory,Japan,Tokyo / Kyoto (Japan),1980,~200+,Kirby; Super Smash Bros (historical),https://www.hallab.co.jp,first-party platform / fighting,Kirby; EarthBound (historical); Smash (with Sora),unknown,office,Nintendo close,Kirby house.
Happy Elements,Japan,Tokyo (Japan) / Beijing roots,2009,~500+,Ensemble Stars,https://www.happyelements.co.jp,mobile idol / RPG,Ensemble Stars!; Mermaid Miracle,unknown,office,private,Idol games.
Idea Factory,Japan,Tokyo (Japan),1994,~200+,automate / publishing,https://www.ideaf.co.jp,JRPG / otome / publishing,Neptunia (publisher); otome games,unknown,office,public seasonal,Idea Factory International western branch.
Intelligent Systems,Japan,Kyoto (Japan),1986,~150–200,Fire Emblem; Paper Mario collaboration,https://www.intsys.co.jp,strategy-RPG / first-party,Fire Emblem; WarioWare (joint periods),unknown,office,Nintendo close partner,FE franchise.
Japan Studio (tarihsel),Japan,Tokyo (Japan),1993-2021,closed / Team Asobi sequel,Astro; Gravity Rush; Bloodborne support,https://www.playstation.com,first-party,Astro Bot roots; Gravity Rush; Knack,-,-,Sony (restructuring),Team Asobi sequel in separate record.
KLab,Japan,Tokyo (Japan),2000,~1000+,mobile license,https://www.klab.com,mobile; anime IP,Captain Tsubasa M; Bleach mobile periods,unknown,office,public (Tokyo),Anime IP mobile.
Koei Tecmo,Japan,Yokohama (Japan),1978 / 2009 merger,~2500+,Dynasty Warriors; Nioh; Wo Long,https://www.koeitecmo.co.jp,action; sim,Nioh; Dynasty Warriors; Dead or Alive,unknown,office,public (Tokyo),Omega Force / Team Ninja.
Konami,Japan,Tokyo (Japan),1969,~7000+ (group; also non-gaming),PES/eFootball; pachinko weight,https://www.konami.com,sports; horror IP; arcade,Metal Gear (historical); Silent Hill (remake); eFootball,unknown,office,public (Tokyo),Game + entertainment holding.
Lasengle,Japan,Tokyo (Japan),2021,~200+,Fate/Grand Order,https://www.lasengle.co.jp,mobile gacha RPG,Fate/Grand Order,unknown,office,Aniplex / Sony,FGO operation studio.
Level-5,Japan,Fukuoka (Japan),1998,~300 range,unknown,https://www.level5.co.jp,JRPG / children,Professor Layton; Yo-Kai Watch; Ni no Kuni (joint),unknown,office,independent,Based in Fukuoka.
Luminous Productions,Japan,Tokyo (Japan),2018-2023,closed / SE merged,Forspoken,https://luminousproductions.square-enix.com,AAA action,Forspoken; Final Fantasy XV engine legacy,-,-,closed (Square Enix),Historical SE studio; 2023 merger.
Marvelous,Japan,Tokyo (Japan),1997,~700+ (group),Story of Seasons; Daemon X,https://www.marvelous.games,sim / action; publishing,Story of Seasons; Rune Factory; Fate/Samurai Remnant (publishing),unknown,office,public (Tokyo),Farming sim + publisher.
Mistwalker,Japan,Tokyo (Japan) / Honolulu,2004,~50-100,Blue Dragon; Fantasian,https://mistwalkercorp.com,JRPG,Blue Dragon; Lost Odyssey (publishing); Fantasian,unknown,hybrid,independent (Sakaguchi),Hironobu Sakaguchi studio.
Mixi / XFLAG,Japan,Tokyo (Japan),1999 (Mixi); XFLAG 2011,~1000+,Monster Strike,https://xflag.com,mobile action-puzzle,Monster Strike,unknown,office,Mixi,Monster Strike revenue legend.
Monolith Soft,Japan,Tokyo / Kyoto (Japan),1999,~250–300,Xenoblade,https://www.monolithsoft.co.jp,JRPG / open world,Xenoblade Chronicles; (historical) Xenosaga,unknown,office,Nintendo,Nintendo first-party JRPG powerhouse.
Nd Cube,Japan,Tokyo / Sapporo (Japan),2000,~100-150,Mario Party,https://www.ndcube.co.jp,party,Mario Party series,unknown,office,Nintendo majority,Mario Party studio.
Neverland (tarihsel),Japan,Tokyo (Japan),1993-2013,closed,Lufia; Rune Factory early,,JRPG,Lufia; Spectral Force,-,-,closed,Historical JRPG studio.
Next Level Games,Japan,"Vancouver, BC (Canada; Nintendo)",2002,~150–200,Luigi's Mansion,https://www.nextlevelgames.com,action-adventure,Luigi's Mansion 3; Mario Strikers,unknown,office,Nintendo,2021 Nintendo acquisition.
Nihon Falcom,Japan,"Tachikawa, Tokyo (Japan)",1981,~50-80,Ys; Trails / Kiseki,https://www.falcom.co.jp,JRPG,Ys; The Legend of Heroes: Trails,unknown,office,public (Tokyo),Classic JRPG studio.
Nintendo,Japan,Kyoto (Japan),1889,~7000+,console + software; very high profit margin,https://www.nintendo.com,platform; first party,Mario; Zelda; Pokémon (semi); Switch,rarely / competitive,office,public (Tokyo),Hardware+software integrated model.
Nintendo EAD Tokyo (tarihsel),Japan,Tokyo (Japan),1997-2015,Merged with EPD,Mario Galaxy; Smashville,https://www.nintendo.com,first-party,Super Mario Galaxy; Nintendogs; Splatoon roots,-,-,Nintendo (EPD),Historical EAD Tokyo; EPD continuation.
Nintendo EPD,Japan,Kyoto (Japan),2015 (EAD/SPD merger),thousands of bands,Mario; Zelda; Nintendo first-party,https://www.nintendo.com,first-party,Breath of the Wild; Mario Odyssey; Splatoon,unknown,office,Nintendo,Nintendo internal development unit.
Nintendo Software Technology,Japan,"Redmond, WA (USA)",1998,~100-150,Nintendo US development,https://www.nintendo.com,first-party / support,Mario vs. Donkey Kong; various,unknown,office,Nintendo,Nintendo US software studio.
Nintendo Treehouse,Japan,"Redmond, WA (USA)",—,Nintendo of America internal,localization / preparation for publishing,https://www.nintendo.com,localization; marketing,Nintendo west localization,unknown,office,Nintendo,Western expansion / Treehouse presentations.
Nippon Ichi Software,Japan,Gifu / Tokyo (Japan),1993,~200+,Disgaea,https://www.nipponichi.jp,strategy-RPG,Disgaea; Prinny,unknown,office,public (Tokyo),SRPG niche.
Omega Force (Koei Tecmo),Japan,Yokohama (Japan),1996,Inside Koei,Musou formula,https://www.koeitecmo.co.jp,action (musou),Dynasty Warriors; Hyrule Warriors (joint),unknown,office,Koei Tecmo,Owner of the Musou genre.
Otomate,Japan,Tokyo (Japan),2009 (within Idea Factory),Inside Idea Factory,otome publishing,https://www.otomate.jp,otome,Hakuoki; various otome,unknown,office,Idea Factory,Idea Factory otome label.
Paon DP,Japan,Tokyo (Japan),2015 (Paon+DP),~50-100,DKCR support historical / co-dev,https://www.paondp.jp,co-dev,various Nintendo/co-dev,unknown,office,independent,Japan co-dev.
PlatinumGames,Japan,Osaka / Tokyo (Japan),2006,~300 range,unknown,https://www.platinumgames.com,action,Bayonetta; NieR:Automata (development); Metal Gear Rising,unknown,office,independent (Tencent investment history),Character action specialist.
PTW,Japan,Tokyo (+ global),1993,~5000+,QA / art / engineering,https://ptw.com,service,multiple AAA clients,unknown,global,private,QA and art service network.
Retro Studios,Japan,"Austin, TX (USA; Nintendo)",1998,~200+,Metroid Prime,https://www.retrostudios.com,action-adventure,Metroid Prime; Donkey Kong Country Tropical Freeze,unknown,office,Nintendo,Nintendo's US first-party studio.
Ruby Party,Japan,Yokohama (Japan),1990 (within Koei),Koei Tecmo internal,Angelique; Neoromance,https://www.koeitecmo.co.jp,otome / Neoromance,Angelique series,unknown,office,Koei Tecmo,Neoromance otome brand.
Ryu Ga Gotoku Studio,Japan,Tokyo (Japan),2011,~200-300,Like a Dragon,https://ryugagotoku.sega.jp,action-RPG,Like a Dragon; Judgment,unknown,office,Sega,Yakuza/LAD studio.
Sega Sammy,Japan,Tokyo (Japan),1951 / 2004 group,thousands,Yakuza/Like a Dragon; Persona (Atlus),https://www.sega.com,AAA / JRPG / arcade legacy,Like a Dragon; Persona; Sonic; Total War (Creative Assembly),unknown,office,public (Tokyo),Atlus + Creative Assembly + Rovio.
SNK,Japan,Osaka (Japan),1978,~300+,Fatal Fury / KOF,https://www.snk-corp.co.jp,fighting / arcade,The King of Fighters; Fatal Fury; Metal Slug,unknown,office,public / private periodic,Arcade legacy.
Sonic Team,Japan,Tokyo (Japan),1990,~100-200,Sonic the Hedgehog,https://www.sonicteam.com,platform / action,Sonic series; Samba de Amigo,unknown,office,Sega,Sonic first-party studio.
Spike Chunsoft,Japan,Tokyo (Japan),1984 / 2012 merger,~200+,Danganronpa; Mystery Dungeon,https://www.spike-chunsoft.co.jp,visual novel / dungeon,Danganronpa; AI: The Somnium Files,unknown,office,Kadokawa,Narrative + roguelike.
Square Enix,Japan,Tokyo (Japan),2003 (Square 1986),~5000+,FF / DQ / publishing,https://www.square-enix.com,JRPG; AAA; publishing,Final Fantasy; Dragon Quest; Kingdom Hearts,unknown,office,public (Tokyo),JRPG flagship; western studio acquisitions/sales.
Square Enix Creative Business Unit I,Japan,Tokyo (Japan),—,in SE,Final Fantasy / XVI,https://www.square-enix.com,JRPG / AAA,Final Fantasy XVI; XVI ecosystem,unknown,office,Square Enix,Naoki Yoshida CBU I.
Square Enix Creative Business Unit II,Japan,Tokyo (Japan),—,in SE,FFVII Remake; Kingdom Hearts,https://www.square-enix.com,JRPG / AAA,FF7 Remake; Kingdom Hearts; First Soldier historical,unknown,office,Square Enix,Tetsuya Nomura / CBU II.
Square Enix Creative Business Unit III,Japan,Tokyo (Japan),—,in SE,Octopath; Voice of Cards; TriAce relations,https://www.square-enix.com,JRPG,Octopath Traveler; Triangle Strategy,unknown,office,Square Enix,SE CBU III.
Square Enix Creative Business Unit IV,Japan,Tokyo (Japan),—,in SE,Dragon Quest,https://www.square-enix.com,JRPG,Dragon Quest series; DQXII development,unknown,office,Square Enix,Yuji Horii / DQ line.
Square Enix Visual Works,Japan,Tokyo (Japan),1997 (previous CGI division),~100-200,cinematic / CG film,https://www.square-enix.com,cinematic; CG,FF Advent Children; Kingsglaive; game cinematics,unknown,office,Square Enix,SE CG/cinematic unit.
Sting,Japan,Tokyo (Japan),1989,~30-50,Dept. Heaven,https://www.sting.co.jp,strategy-RPG,Riviera; Knights in the Nightmare,unknown,office,independent,Niche SRPG.
Tango Gameworks,Japan,Tokyo (Japan),2010,closed (2024),Hi-Fi Rush,https://www.tangogameworks.com,action / horror,The Evil Within; Hi-Fi Rush,-,-,closed (Microsoft),Historical; Hi-Fi Rush legacy.
Team Ninja (Koei Tecmo),Japan,Tokyo / Osaka (Japan),1995 (Tecmo),~150–200,Nioh; Wo Long,https://www.teamninja-studio.com,action,Ninja Gaiden; Nioh; Dead or Alive,unknown,office,Koei Tecmo,Hard action / Nioh line.
The Pokémon Company,Japan,Tokyo (Japan),1998,~800+,Pokémon IP license / publishing,https://www.pokemon.co.jp,IP management; publishing,Pokémon series,unknown,office,Nintendo / Creatures / Game Freak collaboration,IP and brand management.
TOSE,Japan,Kyoto (Japan),1979,~1000+,ghost developer,https://www.tose.co.jp,service / co-dev,"hundreds of unnamed contributions (Dragon Quest support, etc.)",unknown,office,public (Tokyo),Legendary ghost developer.
Treasure,Japan,Tokyo (Japan),1992,~30–50,unknown,https://www.treasure-inc.co.jp,arcade action,Gunstar Heroes; Radiant Silvergun; Bangai-O,unknown,office,independent,Arcade design legend.
tri-Ace,Japan,Tokyo (Japan),1995,~100-150,Star Ocean; Valkyrie Profile,https://www.tri-ace.co.jp,JRPG,Star Ocean; Valkyrie Profile; Resonance of Fate,unknown,office,independent (SE publishing relationship),JRPG studio; own engine.
VanillaWare,Japan,Osaka (Japan),2002,~30–50,unknown,https://www.vanillaware.co.jp,action / 2D,13 Sentinels; Odin Sphere; Dragon's Crown,unknown,office,independent (Atlas/SE publishing),George Kamitani; 2D art icon.
Wright Flyer Studios,Japan,Tokyo (Japan),2014,~200+,Another Eden,https://wrightflyer.net,mobile JRPG,Another Eden,unknown,office,MIXI,MIXI game studio.
Yostar,Japan,Shanghai / Tokyo,2014,~500+,Azur Lane; Arknights publishing,https://www.yostar.co.jp,mobile publishing / development,Azur Lane; Arknights (JP/KR/EN release); Reverse: 1999,unknown,office,private,"China-rooted, Japan-operated global publisher."
Com2uS,South Korea,Seoul (South Korea),1998,~1000+,Summoners War,https://www.com2us.com,mobile strategy-RPG,Summoners War,unknown,office,public (Korea),Long-lasting gacha.
Com2uS Holdings,South Korea,Seoul (South Korea),1998 (group),thousands (group),holding,https://www.com2us.com,holding; mobile,Summoners War ecosystem,unknown,office,public (Korea),Com2uS group parent company.
DEVSISTERS,South Korea,Seoul (South Korea),2007,~400+,Cookie Run,https://www.devsisters.com,mobile runner / RPG,Cookie Run: Kingdom; OvenBreak,unknown,office,public (Korea),Cookie Run IP.
Dexter Studios,South Korea,Seoul (South Korea),2014,~200+,cinematic / VFX,https://www.dexterstudios.com,cinematic,AAA game CGI,unknown,office,private,Korean cinematic.
EA Seoul / EA Korea,South Korea,Seoul (South Korea),—,in EA,FIFA Online / FC Online,https://www.ea.com,sports / online,EA FC Online; FIFA Online historical,unknown,office,EA,Korea online sports operation.
Eyedentity Games,South Korea,Seoul (South Korea),2007,~100-200,Dragon Nest,https://www.eyedentitygames.com,action-MMO,Dragon Nest,unknown,office,Shengqu / special seasonal,Korean action MMO.
Gravity,South Korea,Seoul (South Korea),2000,~500+,Ragnarok Online IP,https://www.gravity.co.kr,MMORPG,Ragnarok Online,unknown,office,public; GungHo relationship,Classic MMO IP.
Highbrow / RisingWings,South Korea,Seoul (South Korea),2019,~100+,mobile publishing,https://www.risingwings.net,mobile / publishing,Locus; various midcore,unknown,office,Krafton,Krafton's mobile division.
inZOI Team (Krafton),South Korea,Seongnam (South Korea),—,Inside Krafton,inZOI,https://inzoigame.com,life sim,inZOI,unknown,office,Krafton,Life sim; within Krafton.
Joycity,South Korea,Seongnam (South Korea),2010,~300+,sports / tank mobile,https://www.joycity.com,mobile sports / action,Gunship Battle; Basketball Manager,unknown,office,public (Korea),Korean mobile sports/action.
Kakao Games,South Korea,Seongnam (South Korea),2016,~1000+,Kakao ecosystem,https://www.kakaogames.com,publishing; mobile/PC,Path of Exile (published KR); Odin,unknown,office,Kakao,Platform + publishing.
Krafton,South Korea,Seoul / Bundang (South Korea),2007 (Bluehole),~3000+,PUBG IP; public,https://www.krafton.com,battle royale / publishing,PUBG: Battlegrounds; inZOI,unknown,office,public (Korea),Post-PUBG with many studios.
Krafton Bluehole,South Korea,Seongnam (South Korea),2007,Inside Krafton,PUBG root brand,https://www.krafton.com,battle royale,PUBG roots,unknown,office,Krafton,Bluehole brand; associated with PUBG Studios.
LINE Games,South Korea,Seoul (South Korea),2017,~200-400,mobile / IP,https://line.games,mobile publishing,Exos Heroes; various,unknown,office,LINE,LINE ecosystem game.
Midcore,South Korea,Seoul (South Korea),2019,~100+,midcore mobile,https://www.midcore.games,mobile midcore,various,unknown,office,private,Korea midcore.
NCSoft,South Korea,Seongnam (South Korea),1997,~4000+,Lineage; Throne and Liberty,https://www.ncsoft.com,MMORPG,Lineage; Guild Wars (ArenaNet); Aion,unknown,office,public (Korea),Korean MMO flagship.
Neople,South Korea,Jeju / Seoul (South Korea),2001,~500+,Dungeon & Fighter,https://www.neople.co.kr,action-RPG / beat'em,Dungeon & Fighter; DNF Duel,unknown,office,Nexon,D&F revenue engine.
Neowiz,South Korea,Seongnam (South Korea),1997,~1000+,publishing + P / Lies of P,https://www.neowiz.com,publishing; souls-like,Lies of P; Browndust,unknown,office,public (Korea),Round8 + publishing.
Netmarble,South Korea,Seoul (South Korea),2000,~6000+ (group),mobile RPG; history of Discord investment,https://www.netmarble.com,mobile MMORPG / publishing,Seven Knights; Raven; Lineage2 Revolution,unknown,office,public (Korea); Bang Si-hyuk relationship,Large Korean mobile publisher.
Netmarble Monster,South Korea,Seoul (South Korea),—,Netmarble internal,T3 Arena / midcore,https://www.netmarble.com,mobile / midcore,various,unknown,office,Netmarble,Netmarble studio branch.
Netmarble Neo,South Korea,Seoul (South Korea),—,Netmarble internal,mobile RPG,https://www.netmarble.com,mobile RPG,various Netmarble RPG,unknown,office,Netmarble,Netmarble development subsidiary.
Netmarble Neptune,South Korea,Seoul (South Korea),—,Netmarble internal,mobile RPG,https://www.netmarble.com,mobile RPG,various,unknown,office,Netmarble,Netmarble development branch.
Nexon,South Korea,Seoul (South Korea) / Tokyo,1994,~7000+ (group),MapleStory; Dungeon&Fighter (Neople),https://www.nexon.com,PC/mobile online,MapleStory; D&F; Blue Archive (publishing),unknown,office,NXC / public structures,Korean online pioneer; global publishing.
Nexon Games,South Korea,Seoul (South Korea),2018,~300+,The First Descendant,https://www.nexon.com,looter-shooter,The First Descendant,unknown,office,Nexon,Nexon development subsidiary.
Nexon Red,South Korea,Seoul / Jeju (South Korea),—,Nexon in-game,mobile / online,https://www.nexon.com,mobile / online,various Nexon,unknown,office,Nexon,Nexon development label.
NHN,South Korea,Seongnam (South Korea),2013 (restructuring),thousands (group),game + cloud/payment,https://www.nhn.com,publishing; board; sports,Hangame; various,unknown,office,public (Korea),Platform + game group.
Pearl Abyss,South Korea,Gwacheon (South Korea),2010,~1000+,Black Desert,https://www.pearlabyss.com,MMORPG / action,Black Desert; Crimson Desert (development),unknown,office,public (Korea),High visual MMO.
PUBG Studios,South Korea,Seongnam (South Korea),2015 (within Bluehole),Inside Krafton,PUBG PC/console,https://pubg.com,battle royale,PUBG: Battlegrounds,unknown,office,Krafton,PUBG first-party development unit.
Shift Up,South Korea,Seoul (South Korea),2013,~300+,NIKKE; Stellar Blade,https://shiftup.co.kr,action / mobile,Goddess of Victory: NIKKE; Stellar Blade,unknown,office,public (Korea),Kim Hyung-tae; console+mobile.
Smilegate,South Korea,Seongnam (South Korea),2002,~3000+,CrossFire revenues,https://www.smilegate.com,FPS / publishing,CrossFire; Lost Ark (publish/joint),unknown,office,private,CrossFire global revenue.
Smilegate Entertainment,South Korea,Seongnam (South Korea),—,Inside Smilegate,CrossFire / publishing,https://www.smilegate.com,FPS / publishing,CrossFire,unknown,office,Smilegate,Smilegate game operations branch.
Smilegate RPG,South Korea,Seongnam (South Korea),—,Inside Smilegate,Lost Ark,https://www.smilegate.com,MMORPG,Lost Ark,unknown,office,Smilegate,Lost Ark development/publishing unit.
Webzen,South Korea,Seoul (South Korea),2000,~500+,MU Online,https://www.webzen.com,MMORPG,MU Online; Metin2 (publishing regions),unknown,office,public (Korea),Classic Korean MMO.
Wemade,South Korea,Seongnam (South Korea),2000,~1000+,Mir / blockchain experiments,https://www.wemade.com,MMORPG / Web3,The Legend of Mir; Night Crow,unknown,office,public (Korea),Classic Mir IP; Controversial Web3 era.
WhatStudio,South Korea,Seongnam (South Korea),2013,~50-100,Brown Dust,https://www.whatstudio.net,mobile RPG,Brown Dust; Brown Dust 2,unknown,office,Naver,Naver game studio.
XL Games,South Korea,Seoul (South Korea),2006,~100-200,ArcheAge,https://www.xlgames.com,MMORPG,ArcheAge; ArcheAge War,unknown,office,Kakao Games affiliated / exclusive,Korean sandbox MMO.
37Games (37 Interactive),China,Guangzhou (China),2011,~2000+,mobile/SLG revenue,https://www.37games.com,mobile RPG / SLG,Puzzles & Survival; various SLG,unknown,office,public (China),High-grossing publisher.
4399,China,Xiamen (China),2002,~1000+,mini game portal,https://www.4399.com,platform; casual,4399.com,unknown,office,private,China casual portal.
Activision Shanghai,China,Shanghai (China),—,in Activision,COD support / China,https://www.activision.com,AAA support,Call of Duty support,unknown,office,Microsoft / Activision,Activision China.
Alibaba Games / Lingxi,China,Hangzhou (China),—,hundreds+,publishing / investment,https://games.alibaba.com,publish,various mobile/PC seasonal,unknown,office,Alibaba,Platform developer's game controller.
Alibaba Lingxi Games,China,Hangzhou (China),—,within Alibaba,publishing / development,https://games.alibaba.com,publish,various Alibaba Games,unknown,office,Alibaba,Alibaba gaming division (Lingxi).
Aurora Studios (Tencent),China,China,—,Inside Tencent,Arena Breakout,https://www.arenabreakout.com,extraction shooter,Arena Breakout,unknown,office,Tencent,Mobile extraction.
Bilibili Games,China,Shanghai (China),—,hundreds+,publishing + IP,https://www.bilibili.com,publishing; anime-mobile,Azur Lane (CN relations); various ACG,unknown,office,Bilibili,Game controller of the video platform.
ChillyRoom,China,Shenzhen (China),2015,~50-100,Soul Knight,https://www.chillyroom.com,mobile roguelike,Soul Knight,unknown,office,private,Mobile roguelike hit.
Cognosphere,China,Singapore,2021,Inside HoYoverse,global operations,https://www.hoyoverse.com,publishing / operations,Genshin Impact; Star Rail,unknown,office,miHoYo,miHoYo global publishing arm.
FunPlus,China,Beijing / Global,2010,~1000+,State of Survival etc.,https://www.funplus.com,mobile strategy / SLG,State of Survival; King of Avalon,unknown,mixed,private,SLG publishing.
Game Science,China,Hangzhou (China),2014,~200–300,Black Myth: Wukong sales boom,https://www.gamesci.com.cn,action-RPG,Black Myth: Wukong,unknown,office,private,2024 global AAA release; China single-player milestone.
Giant Network,China,Shanghai (China),2004,~1000+,ZTI / MMO,https://www.ga-me.com,MMO,ZT Online (Zhengtu),unknown,office,public (China),Classic Chinese MMO company.
Gryphline,China,Singapore / global,2023,Related to Hypergryph,global publishing,https://www.gryphline.com,publish,Arknights ecosystem global,unknown,office,Hypergryph,Hypergryph global publishing.
Habby,China,China / global,2017,~200+,Archero,https://www.habby.com,mobile arcade / roguelite,Archero; Survive,unknown,office,private,Archero hit; Mavis Games TR on a separate list.
Hero Games,China,Beijing (China),2015,~500+,mobile publishing,https://www.herogames.com,mobile publishing,various global mobile,unknown,office,private,Cin mobile publishing.
Hypergryph,China,Shanghai (China),2017,~500+,Arknights,https://www.hypergryph.com,mobile tower-defense / RPG,Arknights; Ex Astris,unknown,office,private,Strong world building + music.
IGG,China,Singapore / Fuzhou roots,2006,~2000+,Lords Mobile,https://www.igg.com,mobile SLG / MMO,Lords Mobile; Castle Clash,unknown,mixed,public (HK),SLG global publishing.
Kuro Games,China,Guangzhou (China),2014,~1000+,Wuthering Waves,https://www.kurogame.com,open world action / gacha,Wuthering Waves; Punishing: Gray Raven,unknown,office,private,post-miHoYo global anime-ARPG competitor.
Level Infinite,China,Global (Tencent publishing label),2022,Inside Tencent,global publishing,https://levelinfinite.com,publish,PUBG Mobile; Arena Breakout; various western titles,unknown,mixed,Tencent,Tencent's global gaming publishing brand.
Lightning Games,China,Hong Kong / China,2014,~200+,publish,https://www.lightninggames.hk,publish,various,unknown,mixed,private,HK/China game publishing.
Lightspeed Studios,China,Shenzhen / Los Angeles,2016 (Tencent),thousands of bands,PUBG Mobile; other,https://lightspeed.qq.com,mobile / console,PUBG Mobile; Apex Mobile (historical); The Finals partnerships periodic,unknown,multi-office,Tencent,Tencent global studio brand.
Lilith Games,China,Shanghai (China),2013,~2000+,AFK Arena global,https://www.lilith.com,mobile strategy / idle,AFK Arena; Rise of Kingdoms,unknown,office,private,Global mobile revenue.
MICA Team,China,Shanghai (China),2015,~100-200,Girls' Frontline,https://sunborn.com,mobile tactics,Girls' Frontline,unknown,office,Sunborn,GFL development team.
miHoYo / HoYoverse,China,Shanghai (China) / Singapore,2012,~5000+,Genshin / Star Rail billions $,https://www.hoyoverse.com,open world action-RPG / gacha,Genshin Impact; Honkai: Star Rail; Zenless Zone Zero,unknown,office,private,Global anime-ARPG standard; HoYoverse brand.
MoreFun Studios,China,Shenzhen (China),Tencent internal,thousands of bands,Peacekeeper Elite / PUBGM ecosystem,https://game.tencent.com,mobile battle royale,Game for Peace; PUBG Mobile partner,unknown,office,Tencent,Tencent IEG studio.
NetDragon,China,Fuzhou (China),1999,~4000+ (group),education + game,https://www.netdragon.com,MMO / edtech,Conquer Online; Disney English etc.,unknown,office,public (HK),Game + education hybrid group.
NetEase Games,China,Hangzhou (China),2001 (game),ten thousands,Blizzard partnership periodic; own IP,https://www.neteasegames.com,PC/mobile MMO / publishing,Fantasy Westward Journey; Naraka; Justice,unknown,office,NetEase (NTES),"Western publishing (Quantic Dream investment, Mistplay, etc.)."
NetEase Thunder Fire,China,Hangzhou (China),—,thousands of bands,engine / AAA / service,https://www.thunderfire.com,engine; AAA,various NetEase AAA,unknown,office,NetEase,NetEase internal studio/technology.
Original Force,China,Nanjing / China + global,2006,~1000+,animation / art / cinematics,https://www.originalforce.com,service; animation,very AAA cinematic/art,unknown,multi-office,private,China major art/animation service.
Ourpalm,China,Beijing (China),2011,~1000+,mobile,https://www.ourpalm.com,mobile,various,unknown,office,public (China),Cin mobile.
Papergames (Paper Games),China,Shanghai (China),2012,~1000+,Love and Deepspace,https://www.papegames.com,otome / 3D narrative,Love and Deepspace; Love Nikki,unknown,office,private,3D otome global launch.
Perfect World Games,China,Beijing (China),2004,~2000+,MMO + publishing,https://www.pwrd.com,MMO / publishing,Perfect World; Torchlight (publication history),unknown,office,public (China),Classic Chinese MMO + western publishing.
PopCap Shanghai,China,Shanghai (China),—,In-house EA/PopCap,Bejeweled / PvZ China,https://www.popcap.com,casual,PvZ / Bejeweled China operation,unknown,office,EA,PopCap China entity.
Red Candle Games,China,Taipei (Taiwan),2015,small,horror narrative,https://redcandlegames.com,horror / narrative,Detention; Devotion; Nine Sols,unknown,small office,independent,Taiwan indie; Devotion controversy historical.
Seasun Games,China,Zhuhai (China),1995 (Kingsoft relationship),~1000+,JX / Snowbreak,https://www.seasungames.com,MMO / action,JX Online; Snowbreak: Containment Zone,unknown,office,Kingsoft,Classic Chinese MMO + new global.
Sempire Games,China,China / global,2017,~100-200,mobile SLG,https://www.sempiregames.com,mobile SLG,various SLG,unknown,office,private,China SLG publishing/development.
Shengqu Games,China,Shanghai (China),—,~1000+,MMO,https://www.shengqugames.com,MMO,various MMO,unknown,office,private,Cin MMO operator.
Softstar Entertainment,China,Taipei (Taiwan),1988,~200+,classic RPG,https://www.softstar.com.tw,JRPG / tool,Xuan-Yuan Sword,unknown,office,private,Taiwan classic RPG.
Sunborn / MICA Team,China,Shanghai (China),2015 (MICA),~200–400,Girls' Frontline,https://sunborn.com,mobile tactics / gacha,Girls' Frontline; GFL2,unknown,office,private,ACG tactical gacha.
Taomee,China,Shanghai (China),2007,~500+,children / metaverse-lite,https://www.taomee.com,children; online,Seer; Mole's World,unknown,office,private,China kids online IP.
Tencent Games,China,Shenzhen (China),1998 (Tencent); Games group,ten thousands,one of the largest game revenues in the world,https://game.tencent.com,publishing; investment; PC/mobile,Honor of Kings; PUBG Mobile (joint); Level Infinite,unknown,office,Tencent Holdings,"Investor + operator: Riot, Epic minority, Supercell, etc."
Tencent IEG,China,Shenzhen (China),2008 (IEG),ten thousands,game and esports group,https://game.tencent.com,publishing; investment; operations,Honor of Kings; Level Infinite; investments,unknown,office,Tencent,Interactive Entertainment Group.
Tencent Next Studios,China,Shanghai (China),2018,Inside Tencent,PC/console,https://www.tencent.com,PC/console,various projects,unknown,office,Tencent,Tencent PC/console studio.
The9,China,Shanghai (China),1999,~500+,MMO operation,https://www.the9.com,MMO publishing / operation,WoW China historical; Firefly; various,unknown,office,public (NASDAQ periodic),Classic Chinese MMO operator.
TiMi Studio Group,China,Shenzhen (China),2014 (within Tencent),thousands,Honor of Kings / CoD Mobile,https://timi.qq.com,mobile MOBA / shooter,Honor of Kings; Call of Duty: Mobile; Pokémon Unite,unknown,office,Tencent,Tencent's largest internal studio group.
XD Inc. / TapTap,China,Shanghai (China),2011,~1000+,TapTap store + game,https://www.xd.com,mobile store / development,TapTap; Ulala; various,unknown,office,public (HK),Exploration-focused mobile store.
Yoozoo Games,China,Shanghai (China),2009,~1000+,unknown,https://www.yoozoo.com,mobile / publishing,The Settlers (licensing periods) etc.,unknown,office,private,China publishing/development.
Agate,Other Asia / Oceania / MENA,Bandung (Indonesia),2009,~300+,unknown,https://agate.id,mobile / console; local IP,Coffee Talk (publishing/joint ecosystem); various,unknown,office,independent,One of the most well-known studios in Indonesia.
Big Ant Studios,Other Asia / Oceania / MENA,Melbourne (Australia),2001,~100–150,sports sim,https://www.bigant.com,sport,Rugby; Cricket 24; AO Tennis,unknown,office,independent,Australian sports sim niche.
Blue Tongue Entertainment,Other Asia / Oceania / MENA,Melbourne (Australia),1995,closed (2011),de Blob,,action,de Blob; Jurassic Park: Operation Genesis,-,-,closed (THQ),Historical Melbourne studio.
Boomzap Entertainment,Other Asia / Oceania / MENA,Singapore / Manila,2006,~100-200,HOPA / casual,https://www.boomzap.com,casual; HOPA,multiple HOPA titles,unknown,multi-office,independent,SEA casual.
Dhruva Interactive,Other Asia / Oceania / MENA,Bangalore (India),1997,~600+,art / co-dev / port,https://www.dhruva.com,service; art; co-dev,very AAA art/co-dev (post-Starbreeze acquisition),unknown,office,Starbreeze (acquisition) / periodic,India game service pioneer.
Digital Happiness,Other Asia / Oceania / MENA,Bandung (Indonesia),2013,~30–60,DreadOut,https://www.digitalhappiness.net,horror,DreadOut,unknown,office,independent,Indonesian horror indie.
EA Hyderabad,Other Asia / Oceania / MENA,Hyderabad (India),—,in EA,technology / support,https://www.ea.com,technology; support,EA FC / sports technology,unknown,office,EA,EA India technology campus.
Falafel Games,Other Asia / Oceania / MENA,Dubai / Beirut roots,2010,~50–100,strategy / MENA history,https://www.falafelgames.com,strategy / history,Age of Sails periods; Arabian Wars type,unknown,hybrid,independent,MENA historical strategy.
Firemonkeys Studios,Other Asia / Oceania / MENA,Melbourne (Australia),1999,~150-200,Real Racing; Sims Mobile,https://www.firemonkeys.com.au,mobile / racing,Real Racing 3; The Sims Mobile,unknown,office,EA,EA Australia mobile.
Games24x7,Other Asia / Oceania / MENA,Mumbai / Bangalore (India),2006,~2000+,fantasy sports / skill,https://www.games24x7.com,fantasy sports / rummy,My11Circle; RummyCircle,unknown,office,private (Tiger Global etc.),India real-money/skill games.
Garena / Sea Limited,Other Asia / Oceania / MENA,Singapore,2009,thousands (Sea Games),Free Fire revenue,https://www.garena.com,mobile / publishing,Free Fire,unknown,mixed,Sea Limited (publicly traded),Southeast Asia mobile power hub.
General Arcade,Other Asia / Oceania / MENA,Melbourne (Australia),2010,~50-100,port / co-dev,https://www.generalarcade.com,port; co-dev,very indie/AA port,unknown,office,independent,Australian port specialist.
Halfbrick Studios,Other Asia / Oceania / MENA,Brisbane (Australia),2001,~100–200,Fruit Ninja IP,https://halfbrick.com,mobile casual,Fruit Ninja; Jetpack Joyride,unknown,hybrid,independent,Australian casual icon.
Happylatte,Other Asia / Oceania / MENA,Singapore,2015,~50-100,mobile,https://www.happylatte.com,mobile casual,various,unknown,office,private,Singapore mobile.
House House,Other Asia / Oceania / MENA,Melbourne (Australia),2016,~4–8,Untitled Goose Game,https://www.househou.se,indie stealth / puzzle,Untitled Goose Game,unknown,small,independent,Kaz badge global indie hit.
JetSynthesys,Other Asia / Oceania / MENA,Pune (India),2012,~100-200,sports / esports / game,https://jetsynthesys.com,sports game; esports,various sports IP,unknown,office,private,India sports/games.
Krome Studios,Other Asia / Oceania / MENA,Brisbane (Australia),1999,~50-100,Ty the Tasmanian Tiger,https://www.kromestudios.com,platform,Ty series,unknown,office,independent,Australian platform.
Lakshya Digital,Other Asia / Oceania / MENA,Gurgaon / Pune (India),2004,~500+,art / animation,https://www.lakshyadigital.com,service; art,many AAA art/outsourcing,unknown,multi-office,Keywords Studios (acquisition),India art service; Keywords.
League of Geeks,Other Asia / Oceania / MENA,Melbourne (Australia),2011,small/medium,Armello,https://leagueofgeeks.com,digital board / strategy,Armello,unknown,hybrid,independent,Melbourne strategy/board.
Lemon Sky Studios,Other Asia / Oceania / MENA,Kuala Lumpur / Cyberjaya (Malaysia),2006,~500+,art / cinematic / Unreal,https://www.lemonsky.com,service; art; cinematic,very AAA art/cinematic,unknown,office,public (Malaysia),Malaysia large art service.
Mail.ru / MY.GAMES,Other Asia / Oceania / MENA,Limassol / Amsterdam (international),—,~1000+,War Robots; Hustle Castle,https://my.games,mobile / PC publishing,Warface (historical); Left to Survive,unknown,mixed,private / restructured,International brand from Russian roots.
Mekan Games,Other Asia / Oceania / MENA,Amman (Jordan),2012,~50+,mobile,https://mekangames.com,mobile casual / midcore,various mobile titles,unknown,office,independent,Jordan mobile studio.
Moonfrog Labs,Other Asia / Oceania / MENA,Bangalore (India),2013,~200+,board casual,https://moonfrog.com,mobile board / casual,Teen Patti; Ludo,unknown,office,private,India social casual.
Moonton,Other Asia / Oceania / MENA,Shanghai / Singapore,2014,~500+,Mobile Legends,https://www.moonton.com,mobile MOBA,Mobile Legends: Bang Bang,unknown,office,ByteDance,MLBB; SEA MOBA.
Nazara Technologies,Other Asia / Oceania / MENA,Mumbai (India),2000,~1000+ (group),India gaming holding,https://www.nazara.com,publishing; esports; IP,World Cricket Championship; Nodwin,unknown,mixed,public (India),India game holding.
Nodwin Gaming,Other Asia / Oceania / MENA,Gurugram (India),2018,~200+,esports / media,https://nodwingaming.com,esports; media,tournament and content,unknown,office,Nazara,India esports.
PlaySide Studios,Other Asia / Oceania / MENA,Melbourne (Australia),2011,~200+,service + IP,https://www.playside.com.au,service / license,multi-licensed mobile/console,unknown,office,public (ASX),Australian service studio.
Rockstar India,Other Asia / Oceania / MENA,Bangalore (India),2016,~500+,Rockstar support,https://www.rockstargames.com,AAA support,GTA/RDR support,unknown,office,Take-Two / Rockstar,Rockstar India.
Savvy Games Group,Other Asia / Oceania / MENA,Riyadh (Saudi Arabia),2022,investment holding,Scopely ~$4.9B; ESL/FACEIT,https://savvygames.com,investment / holding,Scopely; VSPO etc. investments,—,—,PIF (Saudi public fund),MENA's largest game investment vehicle.
Streamline Studios,Other Asia / Oceania / MENA,Kuala Lumpur (Malaysia),2001,~100-200,co-dev / art / AVN,https://www.streamline-studios.com,service; co-dev,multiple AAA co-dev/art,unknown,office,independent,Malaysia co-dev.
Synergy88 Studios,Other Asia / Oceania / MENA,Manila (Philippines),2009,~200+,service / art,https://synergy88studios.com,service / co-dev,various client projects,unknown,office,private,Philippines game service studio.
Toge Productions,Other Asia / Oceania / MENA,Jakarta (Indonesia),2009,~30–60,Coffee Talk,https://togeproductions.com,visual novel / cozy,Coffee Talk; A Space for the Unbound,unknown,office,independent,Southeast Asia cozy/narrative.
Torus Games,Other Asia / Oceania / MENA,Melbourne (Australia),1994,~50-100,license / children / co-dev,https://www.torusgames.com,license; co-dev,multi-licensed console/mobile,unknown,office,independent,Australia long-term licensed studio.
Touchten Games,Other Asia / Oceania / MENA,Jakarta (Indonesia),2012,~100+,unknown,https://touchten.com,mobile casual,various casual titles,unknown,office,independent,Indonesia mobile.
Ubisoft Abu Dhabi,Other Asia / Oceania / MENA,Abu Dhabi (UAE),2011,~50-100,support / innovation,https://www.ubisoft.com,support; AR/experimental,various Ubisoft support,unknown,office,Ubisoft,MENA Ubisoft office.
Ubisoft Philippines,Other Asia / Oceania / MENA,Santa Rosa (Philippines),2016,~200-300,AAA support,https://www.ubisoft.com,AAA support,Assassin's Creed / Rainbow Six support,unknown,office,Ubisoft,Philippines Ubisoft.
Ubisoft Pune,Other Asia / Oceania / MENA,Pune (India),2008,~500+,mobile + support,https://www.ubisoft.com,mobile / support,various Ubisoft mobile and support,unknown,office,Ubisoft,India Ubisoft campus.
Ubisoft Singapore,Other Asia / Oceania / MENA,Singapore,2008,~300-400,Skull & Bones; AC support,https://www.ubisoft.com,AAA / naval warfare,Skull & Bones; Assassin's Creed support,unknown,office,Ubisoft,Southeast Asia Ubisoft.
Virtuos,Other Asia / Oceania / MENA,Singapore (+ global),2004,~2000+,co-dev / port,https://www.virtuosgames.com,service; port; remaster,many AAA co-dev/remaster,unknown,multi-office,private,large service studio in Asia.
Wargaming,Other Asia / Oceania / MENA,Nicosia (Cyprus) / global,1998,~2000+,World of Tanks ecosystem,https://wargaming.com,MMO action,World of Tanks; World of Warships,unknown,"distributed (Vilnius, Prague…)",private,Belarus roots; HQ Cyprus; EU studios.
Witch Beam,Other Asia / Oceania / MENA,Brisbane (Australia),2013,small,Unpacking hit,https://witchbeam.com.au,indie puzzle / zen,Unpacking; Assembled With Colour,unknown,remote / small office,independent,Global visibility with Unpacking.
Reliance Games,Other Asia / Oceania / MENA,Mumbai (India),2009-2018+,unknown,licensed mobile,https://www.reliancegames.com,mobile,WWE Mayhem; Real Steel; Pacific Rim: The Mobile Game,-,-,Reliance,Reliance Entertainment's mobile games arm; still active. The previous record conflated it with Zynga India.
ACE Team,Latin America,Santiago (Chile),2007,~20–40,unknown,https://www.aceteam.cl,indie action,Zeno Clash; The Eternal Cylinder,unknown,small office,independent,Chilean indie; unique art direction.
Afterverse,Latin America,São Paulo (Brazil),2020,~100–200,mobile / UGC,https://afterverse.com,mobile / metaverse-lite,Battlelands Royale; Hot Potato!,unknown,hybrid,private,Brazil mobile/UGC.
Aoca Game Lab,Latin America,Salvador / Brazil,2016,small,indie / education,https://aoca.com.br,indie; education,various,unknown,small,independent,Brazil game lab/studio.
Aquiris Game Studio,Latin America,Porto Alegre (Brazil),2007,~100–200,Horizon Chase,https://www.aquiris.com.br,racing / console,Horizon Chase Turbo; (historical) Crackdown 3 support,unknown,office,independent,Brazil console visibility.
Behold Studios,Latin America,Brasília (Brazil),2009,~10-30,Knights of Pen & Paper; Dungeon of Zolthan,https://beholdstudios.com.br,indie RPG / pixel,Knights of Pen & Paper; Starlit Adventures,unknown,small,independent,Brazil pixel RPG.
Black River Studios,Latin America,Manaus (Brazil),2014,~50–100,in Amazon,https://www.blackriverstudios.com,mobile / Amazon,various Amazon Appstore titles,unknown,office,Amazon,Amazon's Brazil studio.
Cleverlik / Mexico — Kaxan Games,Latin America,Guadalajara (Mexico),2012,~20-40,indie / VR,https://www.kaxangames.com,indie; VR,various,unknown,office,independent,Mexico indie/VR.
Duaik Entretenimento,Latin America,Belo Horizonte (Brazil),2012,~10-30,Fobia; indie horror,https://duaik.com.br,horror / indie,Fobia: St. Dinfna Hotel,unknown,small,independent,Brazilian horror indie.
Dumativa,Latin America,Belo Horizonte (Brazil),2012,~30-60,indie / service,https://dumativa.com.br,indie; service,various,unknown,office,independent,Brazil indie/service.
Etermax,Latin America,Buenos Aires (Argentina),2009,~300-500,Trivia Crack,https://www.etermax.com,mobile trivia,Trivia Crack,unknown,office,private,LatAm casual hit.
Hoplon Infotainment,Latin America,Florianópolis (Brazil),2004,~50-100,MMO / F2P,https://www.hoplon.com,MMO / F2P,Taikodom; Combat Arms BR,unknown,office,independent,Brazil F2P/MMO.
IguanaBee,Latin America,Santiago (Chile),2010,~30-60,co-dev / art,https://www.iguanabee.com,service; co-dev,various,unknown,office,independent,Chile co-dev.
Jandusoft,Latin America,Mendoza (Argentina),2012,~50–100,unknown,https://jandusoft.com,mobile / console,various midcore / port,unknown,office,independent,Argentinian studio.
JoyMasher,Latin America,Brazil,2013,small,pixel action,https://joymasher.com,indie action,Odallus; Die By The Blade,unknown,small,independent,Brazilian pixel action.
Kaxan Games,Latin America,Guadalajara (Mexico),2012,~20-40,indie / VR,https://www.kaxangames.com,indie; VR,various,unknown,office,independent,Mexican indie.
Kokku,Latin America,Recife (Brazil),2009,~100–200,service + IP,https://kokku.com.br,service / Unreal,various co-dev; Fortnite creative,unknown,office,independent,Recife technical studio.
Nimble Giant Entertainment,Latin America,Buenos Aires (Argentina),2002,~100-200,co-dev / MMO,https://www.nimblegiant.com,co-dev,various co-dev,unknown,office,Embracer,Argentina co-dev.
Squad,Latin America,Mexico City (Mexico),2010,~30-60,Kerbal Space Program,https://squad.com,space sim,Kerbal Space Program,unknown,office,Take-Two (IP),KSP original; Mexico.
Swordtales,Latin America,Porto Alegre (Brazil),2014,~10-30,unknown,https://swordtales.com,indie action,Toren,unknown,small,independent,Brazilian indie action.
Ubisoft São Paulo,Latin America,São Paulo (Brazil),2008,closed (2015),support,,AAA support,Ubisoft support,-,-,closed (Ubisoft),Historical LatAm Ubisoft.
Wildlife Studios,Latin America,São Paulo / Rio (Brazil),2011,~1000+ (peak; simplification),mobile hypercasual/hybrid revenue,https://wildlife.io,mobile casual / sports,Color Switch (historical); Sniper 3D; tennis/soccer titles,unknown,hybrid,private (investors),One of the largest mobile studios in LatAm.
505 Games,Publishers / platforms,Milan (Italy),2006,~300+ (group),publisher hits,https://505games.com,publish,Control; Death Stranding (PC); Assetto Corsa,unknown,mixed,Digital Bros,Italian global publisher.
Adult Swim Games,Publishers / platforms,"Atlanta, GA (USA)",2011,small unit,indie publishing,https://games.adultswim.com,indie publishing,various alternative indie,unknown,hybrid,Warner Bros. Discovery,Alternative indie label.
Aeria Games (tarihsel),Publishers / platforms,Santa Clara / Berlin,2006,seasonal / merged,MMO publishing,https://www.aeriagames.com,MMO publishing,various free-to-play,-,-,gamigo / mergers,Historical F2P publishing.
Aksys Games,Publishers / platforms,"Torrance, CA (USA)",2006,~20-40,VN / fighting publishing,https://www.aksysgames.com,publish,BlazBlue west; VN,unknown,office,independent,VN/fighting niche publishing.
Akupara Games,Publishers / platforms,"Los Angeles, CA (USA)",2016,small,indie publishing,https://akuparagames.com,indie publishing,Darkwood; Unavowed; various,unknown,hybrid,independent,Curator indie publishing.
Annapurna Interactive,Publishers / platforms,"Los Angeles, CA (USA)",2016,small/medium,curated publishing,https://annapurnainteractive.com,indie publishing,What Remains of Edith Finch; Stray; Outer Wilds,unknown,mixed,Annapurna Pictures,Prestige indie publishing.
Apple Arcade,Publishers / platforms,"Cupertino, CA (USA)",2019,inside Apple,subscription game,https://www.apple.com/apple-arcade,subscription platform,hundreds of subscription titles,—,—,Apple,Mobile/console-subscription hybrid exploration.
Application Systems Heidelberg,Publishers / platforms,Heidelberg (Germany),1985,small/medium,Mac/Linux / niche publishing,https://www.application-systems.de,publishing; Mac,various Mac/indie,unknown,office,independent,Germany long-standing niche publisher.
Armor Games Studios,Publishers / platforms,"Irvine, CA (USA)",2018 (Armor Games core),~30-60,indie publishing,https://armorgamesstudios.com,indie publishing,Typoman; First Dwarf; various,unknown,hybrid,independent,Flash root publisher.
Assemble Entertainment,Publishers / platforms,Mainz (Germany),2016,small/medium,indie publishing,https://www.assemble-entertainment.com,publish,various sim/indie,unknown,office,independent,German sim/indie publisher.
Atlus USA,Publishers / platforms,"Irvine, CA (USA)",1991,~50-100,Persona western publishing,https://atlus.com,publish,Persona; SMT west,unknown,office,Sega / Atlus,Atlus western publishing branch.
Badland Games / BadLand Publishing,Publishers / platforms,Spain / EU,2014,small/medium,publish,https://badlandgames.com,publish,various indie/AA,unknown,hybrid,independent,Iber/EU publishing.
Bandai Namco Entertainment Europe,Publishers / platforms,Lyon (France),—,Bandai Namco internal,European publisher,https://www.bandainamcoent.com,publish,European BNE portfolio,unknown,office,Bandai Namco,BNE European operations.
Capcom Europe,Publishers / platforms,London (UK),—,in Capcom,European publisher,https://www.capcom-europe.com,publish,Capcom European portfolio,unknown,office,Capcom,Capcom Europe.
Capcom USA,Publishers / platforms,"San Francisco, CA (USA)",—,in Capcom,western publishing,https://www.capcomusa.com,publish,RE; MH; Street Fighter west,unknown,office,Capcom,Capcom America.
Chucklefish,Publishers / platforms,London (UK),2011,~50–100,publishing + development,https://chucklefish.org,indie publishing / development,Stardew Valley (early release); Wargroove; Eastward,unknown,hybrid,independent,Early Stardew publisher.
Coffee Stain Publishing,Publishers / platforms,Skövde (Sweden),2017,Coffee Stain group,indie-AA publishing,https://coffeestain.com/publishing,publish,Deep Rock Galactic,unknown,mixed,Embracer / Coffee Stain,Publishing arm of Satisfactory studio.
Crytivo,Publishers / platforms,USA / global,2016,~20-40,indie publishing,https://crytivo.com,publishing / sim,The Planet Crafter; sim,unknown,hybrid,independent,Sim/indie publishing.
Curve Games,Publishers / platforms,London (UK),2005,~50–100,indie-AA publishing,https://www.curvegames.com,publish,Human Fall Flat; For the King,unknown,hybrid,independent,British indie publishing.
Dangen Entertainment,Publishers / platforms,Tokyo / global,2016,small,indie publishing,https://dangenentertainment.com,indie publishing,various Japanese/indie,unknown,hybrid,independent,Japan-focused indie publishing.
Dear Villagers,Publishers / platforms,Montpellier (France),2012,~50-100,indie publishing,https://www.dearvillagers.com,indie publishing,various European indie,unknown,office,Plug In Digital,French indie publishing.
Deep Silver,Publishers / platforms,Munich / Planegg (Germany),2002,inside Plaion,AA/AAA publisher,https://www.deepsilver.com,publish,Dead Island; Saints Row (historical); Metro (publishing periods),unknown,office,Embracer / Plaion,Plaion publishing label.
Devolver Digital,Publishers / platforms,"Austin, TX (USA)",2009,~100–200,indie publishing hits,https://www.devolverdigital.com,indie publishing,Hotline Miami; Cult of the Lamb; Loop Hero,unknown,remote-friendly culture,public (UK/US),Marketing style legendary indie publisher.
Digerati,Publishers / platforms,Sheffield (UK),2016,small,indie publishing,https://digerati.online,publish,various niche indie,unknown,hybrid,independent,Niche indie publishing.
Epic Games Publishing,Publishers / platforms,"Cary, NC (USA)",2019,Inside Epic,third party funding/publishing,https://www.epicgames.com,publish,Alan Wake 2; Fall Guys (historical operation),unknown,mixed,Epic Games,UE + store strategy publishing.
Fangamer,Publishers / platforms,"Tucson, AZ (USA)",2007,~50-100,merch + publishing,https://www.fangamer.com,merch; niche publishing,Undertale/Deltarune merch; various publishing,unknown,office,independent,Indie merch + publishing.
Fellow Traveller,Publishers / platforms,Melbourne (Australia),2011 (Ghostpatch legacy),small/medium,curated publishing,https://fellowtraveller.games,indie publishing,Paradise Killer; Hacknet; The Forgotten City,unknown,remote,independent,Narrative/indie curator.
Fig,Publishers / platforms,"San Francisco, CA (USA)",2015,closed,crowdfunding publication,https://www.fig.co,crowdfunding,Psychonauts 2 funding,-,-,closed,Historical crowdfunding publishing.
Finji,Publishers / platforms,"Grand Rapids, MI (USA)",2006,small,curated publishing,https://finji.co,indie publishing,Tunic; Wilmot's Warehouse; Overland,unknown,remote,independent,Prestige small publishing.
Fireshine Games,Publishers / platforms,Brighton (UK),2020,~50-100,publish,https://fireshinegames.co.uk,publish,various indie-AA,unknown,hybrid,independent,British publishing.
Freedom Games,Publishers / platforms,USA,2020,small/medium,indie-AA publishing,https://freedomgames.com,publish,various,unknown,hybrid,independent,US publisher.
Frontier Foundry,Publishers / platforms,Cambridge (UK),2019,Inside Frontier,indie-AA publishing,https://www.frontierfoundry.com,publish,various sim/indie,unknown,hybrid,Frontier Developments,Frontier publishing branch.
Gamigo,Publishers / platforms,Hamburg (Germany),2000,~200-400,MMO publishing,https://www.gamigo.com,MMO publishing,Trove; various MMO,unknown,office,Heroes / special,German MMO publisher.
GOG.com (CD PROJEKT),Publishers / platforms,Warsaw (Poland),2008,Inside CDPR,DRM-free store,https://www.gog.com,digital store,classic + new DRM-free,—,—,CD PROJEKT,DRM-free PC store.
Good Shepherd Entertainment,Publishers / platforms,Amsterdam (Netherlands),2011,small/medium,indie publishing,https://goodshepherd.games,indie publishing,Slay the Spire (early); Monster Train,unknown,hybrid,independent,Strategy/roguelike publishing.
H2 Interactive,Publishers / platforms,Seoul (South Korea),2013,~50-100,KR/ASIA publishing,https://www.h2.co.kr,publish,various PC/console KR,unknown,office,independent,Korea regional publishing.
Headup Games,Publishers / platforms,Düren (Germany),2009,small/medium,indie publishing,https://headupgames.com,publish,various German/indie,unknown,office,independent,German indie publishing.
Hooded Horse,Publishers / platforms,global,2020,small,strategy publishing,https://hoodedhorse.com,strategy publishing,Against the Storm; Manor Lords,unknown,remote,independent,Strategy curator publishing.
Humble Games,Publishers / platforms,"San Francisco, CA (USA)",—,small,Humble Bundle ecosystem,https://humblegames.com,indie publishing,various indie titles,unknown,remote possibility,Iginternet / private,Bundle + publishing.
iam8bit,Publishers / platforms,"Los Angeles, CA (USA)",2005,small/medium,vinyl / special edition,https://iam8bit.com,special edition; music,game soundtrack + collection,unknown,office,independent,Game culture special edition.
Iceberg Interactive,Publishers / platforms,Haarlem (Netherlands),2009,small/medium,indie publishing,https://iceberg-games.com,indie publishing,various strategy/indie,unknown,hybrid,independent,Netherlands indie publishing.
Idea Factory International,Publishers / platforms,California (USA),2013,~30-60,western publishing,https://ifi.games,publish,Neptunia west; various JRPG,unknown,office,Idea Factory,IF western publishing.
itch.io,Publishers / platforms,global (US registration),2013,small team,open marketplace,https://itch.io,digital store / indie,hundreds of thousands of indie titles,—,remote,independent,Indie discovery market; not a classic publisher.
Kepler Interactive,Publishers / platforms,London / Paris,2022,small/medium,indie-AA publishing collective,https://kepler-interactive.com,publish,Clair Obscur; Sifu (not related to Sloclap — portfolio); Various,unknown,mixed,private (netease investment periodic),European publishing collective.
Koch Media,Publishers / platforms,Planegg (Germany),1994,Rebranded as Plaion,publishing; distribution,https://www.plaion.com,publish,Deep Silver label,unknown,office,Embracer,Historical name; Plaion sequel.
Konami Digital Entertainment US,Publishers / platforms,USA,—,inside Konami,western publishing,https://www.konami.com,publish,eFootball; Silent Hill west,unknown,office,Konami,Konami western operation.
Limited Run Games,Publishers / platforms,"Apex, NC (USA)",2015,~100+,physical special edition,https://limitedrungames.com,physical release,multiple special edition,unknown,office,independent,Physical collection publisher.
Maximum Entertainment,Publishers / platforms,global,2022,~200+,AA publisher,https://www.maximument.com,publish,Modus portfolio; various AA,unknown,mixed,private,Modus merger.
Merge Games,Publishers / platforms,Liverpool / Widnes (UK),2011,small/medium,indie publishing,https://www.mergegames.com,publish,various indie/AA,unknown,office,independent,UK indie publishing.
Modus Games,Publishers / platforms,Galveston / global,2018 (Maximum legacy),~100+,AA publisher,https://www.modusgames.com,publish,Remnant (early period); various AA,unknown,mixed,Maximum Entertainment,AA/multiplatform publishing.
NetherRealm Studios,Publishers / platforms,"Chicago, IL (USA)",2009 (Midway legacy),~200–300,MK / Injustice,https://www.netherrealm.com,fighting,Mortal Kombat; Injustice,unknown,office,Warner Bros. Games,Ed Boon fighting studio.
New Blood Interactive,Publishers / platforms,USA,2014,small,retro FPS publishing,https://newblood.games,indie publishing / FPS,Dusk; Ultrakill; Faith,unknown,remote,independent,Boomer shooter wave.
Nintendo Publishing,Publishers / platforms,Kyoto (Japan),—,Nintendo,first-party + third,https://www.nintendo.com,publish,Mario; Zelda; third-party Switch,—,—,Nintendo,Nintendo publishing umbrella.
NIS America,Publishers / platforms,California (USA),2003,~50-100,JRPG western publishing,https://www.nisamerica.com,publish,Disgaea west; VN/JRPG,unknown,office,Nippon Ichi,JRPG/VN western publishing.
Panic,Publishers / platforms,"Portland, OR (USA)",1997,~50–100,software + game publishing,https://panic.com,indie publishing; Mac software,Firewatch; Untitled Goose Game; Playdate,unknown,hybrid,independent,Playdate hardware + curated game.
Paradox Arc,Publishers / platforms,Stockholm (Sweden),2021,Inside Paradox,niche strategy publisher,https://www.paradoxinteractive.com,publish,third-party strategy/sim,unknown,hybrid,Paradox Interactive,Paradox niche publishing label.
Phoenixx,Publishers / platforms,Tokyo (Japan),2019,small/medium,indie/AA publishing,https://phoenixx.jp,publish,various JP/indie,unknown,office,independent,Japanese publisher.
Playism / Active Gaming Media,Publishers / platforms,Osaka / Tokyo (Japan),2011,~50-100,Japanese indie to the west,https://playism.com,indie publication / loc.,Touhou related; various JP indie,unknown,office,Active Gaming Media,JP indie export publisher.
PlayStack,Publishers / platforms,London (UK),2016,small/medium,mobile/indie publishing,https://playstack.com,publish,various mobile/indie,unknown,hybrid,independent,UK publisher.
PlayStation Publishing / SIE,Publishers / platforms,San Mateo / Tokyo,—,SIE,console publishing,https://www.playstation.com,publish,God of War; Spider-Man; Helldivers 2,—,—,Sony,SIE publishing umbrella.
Plug In Digital,Publishers / platforms,Montpellier (France),2012,~50-100,publishing / distribution,https://www.plugin-digital.com,publishing; distribution,Dear Villagers; various,unknown,office,independent,French publishing/distribution.
Portkey Games,Publishers / platforms,London / global (WB label),2017,small publishing unit,Hogwarts Legacy (Avalanche),https://www.portkeygames.com,publisher; Harry Potter IP,Hogwarts Legacy; Wonderbook (historical),unknown,mixed,Warner Bros. Games,HP gaming label.
Private Division,Publishers / platforms,New York (Take-Two label),2017,small publishing unit,Inside Take-Two,https://www.privatedivision.com,indie-AA publishing,Kerbal Space Program 2; The Outer Worlds (historical),unknown,mixed,Take-Two,AA/indie publishing branch.
Pub Games,Publishers / platforms,USA,2020,small,indie publishing,https://www.pub.games,indie publishing,various indie,unknown,remote,independent,Small indie publishing.
Ravenscourt,Publishers / platforms,Germany,2014,inside Plaion,indie-AA publishing,https://www.ravenscourt.games,publish,various indie/AA,unknown,hybrid,Embracer / Plaion,Plaion indie label.
Raw Fury,Publishers / platforms,Stockholm (Sweden),2015,small/medium,indie publishing,https://rawfury.com,indie publishing,Kingdom; Sable; Norco,unknown,remote / EU,independent,European curator publishing.
Rebellion Publishing,Publishers / platforms,Oxford (UK),—,Rebellion internal,publisher / comic,https://rebellion.com,publish,Sniper Elite; 2000 AD games,unknown,office,Rebellion,Rebellion publishing.
Robot Teddy,Publishers / platforms,UK / global,2018,small,indie publishing / consulting,https://www.robotteddy.com,indie publishing,Various indie (No Man's Sky consulting historical),unknown,remote,independent / associated with Thunderful,Indie publishing and strategy.
Sega Europe,Publishers / platforms,London (UK),—,In-house Sega,European publisher,https://www.sega.co.uk,publish,Total War; Football Manager; Sonic Europe,unknown,office,Sega,Sega Europe.
Sega of America,Publishers / platforms,"Irvine, CA (USA)",—,In-house Sega,US publishing,https://www.sega.com,publish,Sonic; Total War west,unknown,office,Sega,Sega America.
Skybound Games,Publishers / platforms,"Los Angeles, CA (USA)",2018,small/medium,TWD IP,https://www.skybound.com,publishing / IP,TWD games; Invincible,unknown,mixed,Skybound Entertainment,Kirkman IP publishing.
Slitherine,Publishers / platforms,UK / Italy,2000,~100-200,wargame publishing,https://www.slitherine.com,wargame publishing,Panzer Corps; wargames,unknown,mixed,independent,Wargame publisher.
Soedesco,Publishers / platforms,Rotterdam (Netherlands),2000,~50-100,publish,https://www.soedesco.com,publish,various AA/indie,unknown,office,independent,Dutch publishing.
Sold Out,Publishers / platforms,London (UK),2008,~50-100,physical/digital publishing,https://www.soldout.games,publishing; distribution,various (Fireshine relationship),unknown,office,independent / Fireshine origin,BK publishing/distribution; connected with Fireshine.
Sony Interactive Entertainment America,Publishers / platforms,"San Mateo, CA (USA)",1995,SIE internal,America PlayStation publishing,https://www.playstation.com,publisher / platform,PlayStation America portfolio,unknown,office,Sony,SIE America (SIEA).
Sony Interactive Entertainment Europe,Publishers / platforms,London (UK),1995,SIE internal,European PlayStation publishing,https://www.playstation.com,publisher / platform,PlayStation Europe portfolio,unknown,office,Sony,SIE Europe (SIEE).
Special Reserve Games,Publishers / platforms,"Austin, TX (USA)",2017,small,physical special edition,https://specialreservegames.com,physical release,multiple special edition,unknown,hybrid,independent,Physical collection.
Square Enix Collective,Publishers / platforms,London / Tokyo,2014,small unit,indie publishing,https://collective.square-enix.com,indie publishing,various indie,unknown,hybrid,Square Enix,SE indie label.
Square Enix Europe / Eidos,Publishers / platforms,London (UK),2000 (Eidos legacy),in SE,Crystal / Eidos publishing,https://www.square-enix.com,publish,Tomb Raider; Final Fantasy west,unknown,office,Square Enix,Southeast Europe / Eidos legacy.
Strictly Limited Games,Publishers / platforms,Germany / EU,2015,small,physical special edition,https://strictlylimitedgames.com,physical release,very limited edition,unknown,hybrid,independent,European collection publishing.
Super Rare Games,Publishers / platforms,London (UK),2018,small,Switch physical,https://superraregames.com,physical release,limited Switch prints,unknown,hybrid,independent,European physical Switch.
The Arcade Crew,Publishers / platforms,Paris (France),2016,small,indie publishing,https://www.thearcade.crew,indie publishing,Dead Estate; various arcade-indie,unknown,hybrid,independent,French indie publishing.
TinyBuild,Publishers / platforms,"Bellevue, WA / global",2011,~200+,indie publishing,https://www.tinybuild.com,indie publishing,Hello Neighbor; Streets of Rogue,unknown,remote / hybrid,public (BK),Indie publishing + studio network.
Tripwire Interactive,Publishers / platforms,"Roswell, GA (USA)",2005,~100–200,publishing + development,https://www.tripwireinteractive.com,FPS / publishing,Killing Floor; Maneater (publishing),unknown,office,independent,FPS + publishing hybrid.
Versus Evil,Publishers / platforms,"Baltimore, MD (USA)",2013,closed (2023),indie publishing,https://www.versusevil.com,indie publishing,Banner Saga; various RPGs,-,-,closed,Historical indie publisher.
Warner Bros. Games,Publishers / platforms,"Burbank, CA (USA)",—,thousands,TT Games; Rocksteady; Avalanche Montreal etc.,https://www.wbgames.com,publishing; licensed IP,MultiVersus; Hogwarts Legacy (Portkey); Mortal Kombat (NetherRealm),unknown,mixed,Warner Bros. Discovery,DC/HP IP; studio network variable.
Whitethorn Games,Publishers / platforms,USA,2019,small,cozy publishing,https://whitethorngames.com,indie publishing,various cozy/narrative,unknown,remote,independent,Cozy/narrative publishing.
Wired Productions,Publishers / platforms,London (UK),2015,small/medium,indie-AA publishing,https://wiredproductions.com,publish,various AA/indie,unknown,hybrid,independent,British publishing.
Xbox Game Studios Publishing,Publishers / platforms,"Redmond, WA (USA)",—,Microsoft Gaming,first party + third-party,https://www.xbox.com,publish,Halo; Forza; Indiana Jones,—,—,Microsoft,Xbox publishing umbrella.
XSEED Games,Publishers / platforms,"Torrance, CA (USA)",2004,~30-60,JRPG publishing,https://www.xseedgames.com,publish,Story of Seasons west,unknown,office,Marvelous,JRPG western publishing.
AEVI,Ecosystem / fair / association,Madrid (Spain),—,—,—,https://www.aevi.org.es,trade association,—,—,—,STK,Spain video game association.
BitSummit,Ecosystem / fair / association,Kyoto (Japan),2012,—,—,https://bitsummit.org,indie fair,—,—,—,event,Japan indie showcase.
Brazil Game Show,Ecosystem / fair / association,São Paulo (Brazil),2009,—,—,https://www.brazilgameshow.com.br,fair,—,—,—,event,LatAm major consumer fair.
CERO,Ecosystem / fair / association,Tokyo (Japan),2002,—,—,https://www.cero.gr.jp,rating,—,—,—,STK,Japan game rating.
ChinaJoy,Ecosystem / fair / association,Shanghai (China),2004,—,—,https://www.chinajoy.net,fair,—,—,—,various,China consumer/game fair.
D.I.C.E. Summit / Academy of Interactive Arts,Ecosystem / fair / association,Los Angeles / Las Vegas (USA),1998,—,—,https://www.interactive.org,award / conference,—,—,—,STK,Annual D.I.C.E. awards.
Dataspelsbranschen,Ecosystem / fair / association,Sweden,—,—,—,https://dataspelsbranschen.se,trade association,—,—,—,STK,Sweden game industry association.
DevGAMM,Ecosystem / fair / association,Vilnius / Europe,2014,—,—,https://devgamm.com,conference,—,—,—,event,Eastern European game conference.
EGDF,Ecosystem / fair / association,Brussels / EU,—,—,—,https://www.egdf.eu,trade association,—,—,—,STK,European game developer federation.
ESA (Entertainment Software Association),Ecosystem / fair / association,"Washington, D.C. (USA)",1994,—,—,https://www.theesa.com,trade association,—,E3 historical,—,STK,US publisher/developer association; E3.
ESRB,Ecosystem / fair / association,New York / USA,1994,—,—,https://www.esrb.org,rating,—,—,—,STK,US game rating agency.
G-STAR,Ecosystem / fair / association,Busan (South Korea),2005,—,—,https://www.gstar.or.kr,fair,—,—,—,event,Korean game fair.
Game Connection,Ecosystem / fair / association,Paris / global,2001,—,—,https://www.game-connection.com,B2B matchmaking,—,—,—,private,Developer-publisher matchmaking.
game Verband,Ecosystem / fair / association,Berlin (Germany),2004,—,—,https://www.game.de,trade association,—,—,—,STK,Germany game industry association.
Games Industry Poland,Ecosystem / fair / association,Warsaw (Poland),—,—,—,https://gamesindustry.pl,trade / portal,—,—,—,STK / platform,Poland game industry network.
gamescom / Koelnmesse,Ecosystem / fair / association,Cologne (Germany),2009 (gamescom),—,—,https://www.gamescom.global,fair,—,—,—,Koelnmesse / game Verband,Europe's largest consumer fair.
Gamescom Asia / Singapore,Ecosystem / fair / association,Singapore,2022,—,—,https://www.gamescom.asia,fair,—,—,—,Koelnmesse,Asia gamescom branch.
GDC / Informa Tech,Ecosystem / fair / association,San Francisco (USA),1988,—,—,https://gdconf.com,conference,—,—,—,Informa,The main conference of the industry; recruitment/networking.
IGDA,Ecosystem / fair / association,global (registered in the USA),1994,—,—,https://igda.org,professional organization,—,department internship/mentor programs,—,STK,International game developer association.
IIDEA,Ecosystem / fair / association,Milan (Italy),—,—,—,https://iidea.it,trade association,—,—,—,STK,Italy game and esports association.
IndieCade,Ecosystem / fair / association,Los Angeles / global (USA),2005,—,—,https://www.indiecade.com,indie festival / award,—,—,—,STK,Indie celebration and showcase.
Jump Festa,Ecosystem / fair / association,Chiba (Japan),1999,—,—,https://www.jumpfesta.com,consumer fair,—,—,—,Shueisha,Anime/game Jump showcase.
MIGS / Montréal International Game Summit,Ecosystem / fair / association,Montréal (Canada),2004,—,—,https://migs2025.com,conference,—,—,—,event,Canada game conference (MIGS).
Nordic Game / EGDF notu,Ecosystem / fair / association,Malmö / AB,—,—,—,https://nordicgame.com,ecosystem / fund network,—,—,—,STK / network,Entry into European indie and fund network.
Partner Transmedia / Korea — G-STAR,Ecosystem / fair / association,Busan (South Korea),2005,—,—,https://www.gstar.or.kr,fair,—,—,—,event,Korea international game fair.
PAX / ReedPop,Ecosystem / fair / association,USA / AUS / UK,2004,—,—,https://www.paxsite.com,consumer fair,—,—,—,ReedPop,Penny Arcade Expo network.
PAX Australia,Ecosystem / fair / association,Melbourne (Australia),2013,—,—,https://aus.paxsite.com,consumer fair,—,—,—,ReedPop,PAX Australia.
PAX East,Ecosystem / fair / association,"Boston, MA (USA)",2010,—,—,https://east.paxsite.com,consumer fair,—,—,—,ReedPop,PAX East USA
PAX West,Ecosystem / fair / association,"Seattle, WA (USA)",2004,—,—,https://west.paxsite.com,consumer fair,—,—,—,ReedPop,PAX original (Seattle).
PEGI,Ecosystem / fair / association,AB,2003,—,—,https://pegi.info,rating,—,—,—,STK,European game rating.
Pocket Gamer Connects,Ecosystem / fair / association,Helsinki / London / global,2012,—,—,https://www.pgconnects.com,mobile B2B,—,—,—,Steel Media,Mobile game networking.
Roblox Developer Conference,Ecosystem / fair / association,USA / global,2015,—,—,https://rdc.roblox.com,developer conference,—,—,—,Roblox,Roblox developer conference.
SNJV,Ecosystem / fair / association,Paris (France),2005,—,—,https://snjv.org,trade association,—,—,—,STK,France national game union.
Suomen Pelinkehittäjät,Ecosystem / fair / association,Helsinki (Finland),—,—,—,https://www.pelinkehittajat.fi,trade association,—,—,—,STK,Finnish game developers.
Taipei Game Show,Ecosystem / fair / association,Taipei (Taiwan),2002,—,—,https://www.tgs.com.tw,fair,—,—,—,event,Taiwan game fair.
Tokyo Game Show / CESA,Ecosystem / fair / association,Chiba / Tokyo (Japan),1996,—,—,https://expo.nikkeibp.co.jp/tgs/,fair,—,—,—,CESA / Nikkei BP,Japanese B2C/B2B showcase.
UKIE,Ecosystem / fair / association,London (UK),1989,—,—,https://ukie.org.uk,trade association,—,—,—,STK,BK games and interactive entertainment union.
Unity Unite,Ecosystem / fair / association,global,2007,—,—,https://unity.com/events/unite,developer conference,—,—,—,Unity,Unity developer conference.
Unreal Fest,Ecosystem / fair / association,global,—,—,—,https://www.unrealengine.com/events,developer conference,—,—,—,Epic Games,Unreal Engine events.
White Nights Conference,Ecosystem / fair / association,Belgrade / global,2012,—,—,https://wnconf.com,B2B conference,—,—,—,private,Game B2B conference.
