Firma,Bölge,Şehir,Kuruluş,Çalışan,Gelir_fon,Web,E-posta,Türler,Örnek_oyunlar,Staj,Uzaktan,Sahiplik,Not
2K,Kuzey Amerika,"Novato, CA (ABD)",2005,binlerce,NBA 2K + Borderlands vb.,https://2k.com,press@2k.com (basın),yayın; spor; shooter,NBA 2K; Borderlands; Civilization; Mafia; Borderlands 3; Civilization VI; Mafia: Definitive Edition; WWE 2K,bilinmiyor,karışık,Take-Two,"Yayın + stüdyo ağı (Firaxis, Hangar 13, Visual Concepts)."
3D Realms,Kuzey Amerika,Richardson / Aalborg (ABD/DK),1987 (Apogee),~30-60,Duke Nukem; Ion Fury yayın,https://3drealms.com,press@3drealms.com (basın),FPS / yayın,Ion Fury; Bombshell; Duke Nukem legacy; Duke Nukem 3D; Wrath,bilinmiyor,hibrit,bağımsız (DNA/Embracer dönemsel),Apogee mirası; boomer shooter yayın.
Activision,Kuzey Amerika,"Santa Monica, CA (ABD)",1979,binlerce (MS Gaming içinde),Call of Duty yıllık milyarlarca $,https://www.activision.com,press@activision.com (basın),AAA FPS / live service,Call of Duty; Crash; Spyro; Tony Hawk; Call of Duty: Black Ops 6; Call of Duty: Modern Warfare III; Warzone; Crash Bandicoot 4,bilinmiyor (Microsoft staj kanalları),ofis ağırlıklı,Microsoft,Call of Duty franchise çekirdeği; Microsoft Gaming altındaki stüdyo ağı.
Activision Central Tech,Kuzey Amerika,ABD / küresel,—,Activision içi,motor / online tech,https://www.activision.com,press@activision.com (basın),teknoloji,Call of Duty online services; Warzone backend; COD engine tools; multiplayer infrastructure; shared engine tech; matchmaking; live backend; COD engine/online infrastructure,bilinmiyor,karışık,Microsoft / Activision,Activision merkezi teknoloji.
Amazon Games,Kuzey Amerika,"Seattle, WA (ABD)",2012 (Amazon Game Studios),~1000+ bandı,Twitch + New World / publishing,https://www.amazon.com/gaming,press@amazon.com (basın),MMORPG / yayın,New World; Lost Ark west; Throne and Liberty west; Lost Ark (west); Throne and Liberty (west); Lost Ark (western publishing); Throne and Liberty (publishing),bilinmiyor,karışık,Amazon,AWS'ye yakın oyun organizasyonu; New World ve batı yayıncılığı.
Apogee Entertainment,Kuzey Amerika,ABD,2019 (yeniden),küçük,klasik IP yayın,https://apogee.com,press@apogeeentertainment.com (basın),yayın / klasik,Duke Nukem (legacy publish); Rise of the Triad; Crystal Caves; Commander Keen (legacy); Apogee / 3D Realms publishing revival; various Apogee IP revitalization,bilinmiyor,hibrit,3D Realms ilişkili,Apogee markasının dönüşü.
AppLovin,Kuzey Amerika,"Palo Alto, CA (ABD)",2012,~1500+,mobil reklam / AXON,https://www.applovin.com,press@applovin.com (basın),mobil reklam; SDK,AXON; MAX mediation; game marketing stack; mobile ad mediation; AppLovin MAX,bilinmiyor,hibrit,halka açık (APP),Mobil oyun reklam/ölçek.
ArenaNet,Kuzey Amerika,"Bellevue, WA (ABD)",2000,~300+,Guild Wars,https://www.arena.net,press@arena.net (basın),MMORPG,Guild Wars; Guild Wars 2; End of Dragons; Secrets of the Obscure,bilinmiyor,ofis,NCSoft,NCSoft'un batı MMO stüdyosu.
Arkane Austin,Kuzey Amerika,"Austin, TX (ABD)",2006,~100-150,Prey; Redfall,https://www.arkane-studios.com,press@bethesda.net (basın),immersive sim,Prey (2017); Redfall; Prey Mooncrash; Prey,bilinmiyor,ofis,Microsoft / ZeniMax,Arkane ABD; küçülme dönemleri izlenmeli.
Arkane Studios,Kuzey Amerika,"Lyon (Fransa) / Austin, TX",1999,~200–300,bilinmiyor (ZeniMax),https://www.arkane-studios.com,press@bethesda.net (basın),immersive sim,Dishonored; Dishonored 2; Prey; Deathloop; Redfall,bilinmiyor,ofis,Microsoft / ZeniMax,Immersive-sim uzmanları; Dishonored ve Prey soyu.
Armature Studio,Kuzey Amerika,"Austin, TX (ABD)",2008,~50-100,port / IP,https://www.armature.com,bilinmiyor,port; aksiyon,ReCore; Batman: Arkham VR; Remnant co-dev; ports; various ports,bilinmiyor,ofis,bağımsız,Austin co-dev/port.
Avalanche Software,Kuzey Amerika,"Salt Lake City, UT (ABD)",1995,~200+,Hogwarts Legacy,https://avalanchesoftware.com,press@warnerbros.com (basın),AAA açık dünya,Hogwarts Legacy; Disney Infinity; DisneyInfinity (historical); DisneyInfinity (tarihsel),bilinmiyor,ofis,Warner Bros. Games,Portkey / Hogwarts geliştiricisi.
Beamdog,Kuzey Amerika,"Edmonton, AB (Kanada)",2009,~50-80,Infinity Engine EE,https://beamdog.com,press@beamdog.com (basın),CRPG,Baldur's Gate Enhanced Edition; Siege of Dragonspear; Pathfinder support; Baldur's Gate Enhanced Editions; Baldur's Gate EE; Neverwinter Nights EE,bilinmiyor,hibrit,bağımsız,Klasik CRPG yenileme.
Beenox,Kuzey Amerika,"Québec City, QC (Kanada)",2000,~400+,porting + geliştirme,https://beenox.com,press@activision.com (basın),port / aksiyon,Crash Team Racing Nitro-Fueled; COD support; Spider-Man PC ports,bilinmiyor,ofis,Microsoft / Activision,Kanada port ve destek merkezi.
Behaviour Interactive,Kuzey Amerika,"Montréal, QC (Kanada)",1992,~1200+,Dead by Daylight,https://www.bhvr.com,press@bhvr.com (basın),asymmetrical horror / live ops,Dead by Daylight; Meet Your Maker; Deathgarden,evet — staj (Montréal),hibrit,özel,Dead by Daylight asimetrik korku live-service lideri.
Bend Studio,Kuzey Amerika,"Bend, OR (ABD)",1993,~100–150,bilinmiyor (SIE),https://bendstudio.com,press@playstation.com (basın),aksiyon-macera,Days Gone; Syphon Filter; Uncharted: Golden Abyss; Syphon Filter (historical); Syphon Filter (tarihsel),bilinmiyor,ofis,Sony / PlayStation Studios,PlayStation ilk parti.
Bethesda Game Studios,Kuzey Amerika,"Rockville, MD (ABD)",2001,~400+,TES / Fallout / Starfield,https://bethesdagamestudios.com,press@bethesda.net (basın),AAA RPG,Skyrim; Fallout 4; Starfield; Fallout 76,bilinmiyor,ofis,Microsoft / ZeniMax,BGS ana stüdyo (Softworks yayın ayrı).
Bethesda Game Studios Austin,Kuzey Amerika,"Austin, TX (ABD)",2012 (BattleCry mirası),~100-200,Fallout 76,https://bethesdagamestudios.com,press@bethesda.net (basın),AAA / live,Fallout 76; Fallout 76: Wastelanders; Fallout 76: Steel Dawn; Fallout 76: Atlantic City; Starfield support; ESO contribution; online live-ops,bilinmiyor,ofis,Microsoft / ZeniMax,BGS Austin Fallout 76 live-service geliştirmesini destekler.
Bethesda Game Studios Dallas,Kuzey Amerika,"Dallas, TX (ABD)",2018 (Escalation mirası),~50-100,BGS destek,https://bethesdagamestudios.com,press@bethesda.net (basın),AAA destek,Fallout Shelter; Fallout 76 support; Bethesda mobile/online; online support; Fallout/TES support; Fallout/TES destek,bilinmiyor,ofis,Microsoft / ZeniMax,BGS Dallas Bethesda paylaşımlı-dünya teknolojisine katkı verir.
Bethesda Softworks / BGS,Kuzey Amerika,"Rockville, MD (ABD)",1986,binlerce (ZeniMax grubu),Starfield / TES / Fallout portföyü,https://bethesda.net,press@bethesda.net (basın),AAA RPG / FPS,Skyrim; Fallout 4; Starfield; Fallout 76; Doom (publish); Wolfenstein (publish); The Elder Scrolls; Fallout,bilinmiyor,ofis,Microsoft / ZeniMax,Açık dünya RPG yayıncı/stüdyo; id/Arkane/MachineGames kardeşleri.
Big Fish Games,Kuzey Amerika,"Seattle, WA (ABD)",2002,~300-500,casual / HOPA,https://www.bigfishgames.com,press@bigfishgames.com (basın),casual; hidden object,Mystery Case Files; Fairway Solitaire; hidden-object portfolio; many HOPA; Casino,bilinmiyor,ofis,Aristocrat (alım),Casual portal + geliştirme.
BioWare,Kuzey Amerika,"Edmonton, AB (Kanada)",1995,~400–600 bandı,bilinmiyor (EA),https://www.bioware.com,press@ea.com (basın),AAA RPG,Mass Effect Legendary Edition; Dragon Age; SWTOR; Dragon Age: Inquisition; Dragon Age: The Veilguard; Mass Effect 2; Mass Effect; Star Wars: The Old Republic,bilinmiyor,ofis,EA,EA içinde anlatı RPG geleneği.
BioWare Austin,Kuzey Amerika,"Austin, TX (ABD)",2006,~100-200,SWTOR,https://www.bioware.com,press@ea.com (basın),MMORPG / RPG,Star Wars: The Old Republic; SWTOR expansions; Knights of the Fallen Empire; Onslaught; Anthem support,bilinmiyor,ofis,EA,Star Wars: The Old Republic'in arkasındaki BioWare MMO stüdyosu.
Blackbird Interactive,Kuzey Amerika,"Vancouver, BC (Kanada)",2010,~100+,Homeworld 3,https://blackbirdinteractive.com,press@blackbirdinteractive.com (basın),RTS / uzay,Homeworld 3; Hardspace: Shipbreaker; Homeworld: Deserts of Kharak; Homeworld Remastered support; Deserts of Kharak,bilinmiyor,ofis,bağımsız,Homeworld mirası.
Blind Squirrel Games,Kuzey Amerika,"Santa Ana, CA (ABD)",2010,~100-200,remaster / co-dev,https://blindsquirrelgames.com,press@blindsquirrelgames.com (basın),remaster; port,BioShock remaster; Elder Scrolls Online contribution; ports; ports/co-dev; various remasters,bilinmiyor,ofis,bağımsız,Remaster/co-dev.
Blizzard Albany,Kuzey Amerika,"Albany, NY (ABD)",—,Vicarious / Blizzard içi,Diablo destek,https://www.blizzard.com,press@blizzard.com (basın),AAA destek,Diablo IV support; Vicarious Visions legacy; Diablo IV destek,bilinmiyor,ofis,Microsoft / Blizzard,Vicarious Visions Blizzard birleşmesi sonrası.
Blizzard Entertainment,Kuzey Amerika,"Irvine, CA (ABD)",1991,~4000 bandı (tarihsel; MS sonrası değişir),WoW + Overwatch + Diablo canlı hizmet,https://blizzard.com,press@blizzard.com (basın),MMORPG / hero shooter / ARPG,WoW; Overwatch 2; Diablo IV; StarCraft II; World of Warcraft; Hearthstone; Warcraft III Reforged; Heroes of the Storm,evet — staj geçmişi,ofis ağırlıklı (Irvine),Microsoft / Activision Blizzard,"PC kültürü amiral gemisi: WoW, Diablo, Overwatch, StarCraft."
Bluepoint Games,Kuzey Amerika,"Austin, TX (ABD)",2006,~150–200,bilinmiyor (SIE),https://bluepointgames.com,press@playstation.com (basın),remake / AAA,Demon's Souls remake; Shadow of the Colossus remake; Uncharted: The Nathan Drake Collection; Gravity Rush Remastered; Uncharted: Legacy of Thieves contribution,bilinmiyor,ofis,Sony / PlayStation Studios,Yüksek sadakat remake uzmanı.
Bonfire Studios,Kuzey Amerika,"Orange County, CA (ABD)",2018,~50-100,MMO / live,https://www.bonfirestudios.com,press@tencentgames.com (basın),MMO,unannounced live-service project; studio founding slate; Blizzard alumni projects; unannounced; Activision/Blizzard alumni studio,bilinmiyor,ofis,özel (Tencent),Eski Blizzard talent.
Boss Fight Entertainment,Kuzey Amerika,"McKinney, TX (ABD)",2013,~50-100,Dungeon Defenders,https://www.bossfightentertainment.com,info@bossfightentertainment.com (genel),aksiyon / TD,Empires & Puzzles collab; Boss Fight midcore; Dungeon Defenders series; Dungeon Defenders serisi,bilinmiyor,ofis,bağımsız,Texas stüdyo.
Bungie,Kuzey Amerika,"Bellevue, WA (ABD)",1991,~900–1100 bandı,Destiny canlı hizmet,https://www.bungie.net,press@bungie.com (basın),looter-shooter / live service,Destiny 2; Destiny; Marathon (upcoming); Halo CE (historical); Halo 2; Halo 3; (historical) Halo; (tarihsel) Halo,evet — staj geçmişi,hibrit ihtimali,Sony (2022),Sony altında Destiny live-service; Halo mirası.
Camouflaj,Kuzey Amerika,"Bellevue, WA (ABD)",2009,~30-60,République; Iron Man VR,https://camouflaj.com,bilinmiyor,stealth / VR,République; Iron Man VR; Silent Hill: Ascension contribution; République Remastered; Dead Man's Rope,bilinmiyor,ofis,bağımsız,VR + mobil stealth.
Campo Santo,Kuzey Amerika,"San Francisco, CA (ABD)",2013,Valve içinde,Firewatch,https://www.camposanto.com,press@valvesoftware.com (basın),anlatı,Firewatch; In the Valley of Gods (unreleased); Valve support work; narrative adventure catalog; Valve absorption era,bilinmiyor,ofis,Valve,2018 Valve alımı.
Candywriter,Kuzey Amerika,"Miami, FL (ABD)",2014,~50-100,idle mobil,https://candywriter.com,bilinmiyor,mobil idle,Fun Run; Word Search; various idle RPG,bilinmiyor,hibrit,bağımsız,Idle mobil.
Capybara Games,Kuzey Amerika,"Toronto, ON (Kanada)",2003,~30-50,Below; Super Time Force,https://www.capybaragames.com,info@capybaragames.com (genel); support@capybaragames.com (destek),indie aksiyon,Below; Super Time Force Ultra; Critter Crunch; Super Time Force,bilinmiyor,ofis,bağımsız,Toronto uzun soluklu indie.
Certain Affinity,Kuzey Amerika,"Austin, TX (ABD)",2006,~200+,bilinmiyor,https://certainaffinity.com,press@certainaffinity.com (basın),AAA FPS / destek,Halo multiplayer maps; Age of Darkness; COD support; Halo support,bilinmiyor,ofis,bağımsız,Austin AAA destek/ortak geliştirme.
Cliffhanger Games,Kuzey Amerika,"Seattle, WA (ABD)",2021,~50-100,Xbox ilk parti,https://www.xbox.com,press@xbox.com (basın),AAA,Perfect Dark related Xbox slate; unannounced Xbox project; Seattle first-party work; unannounced project,bilinmiyor,ofis,Microsoft,Xbox Seattle stüdyosu.
Cloud Chamber,Kuzey Amerika,"Novato, CA (ABD)",2019,~100-200,BioShock yeniden,https://cloudchamberstudio.com,press@ubisoft.com (basın),AAA FPS / immersive sim,BioShock 4 (development); Tom Clancy / Ubisoft contribution; Tom Clancy / Ubisoft projects,bilinmiyor,ofis,Take-Two / 2K,BioShock yeni nesil stüdyosu.
Cloud Imperium Games,Kuzey Amerika,Los Angeles / Frankfurt / Manchester,2012,~800+,Star Citizen crowdfunding rekorları,https://robertsspaceindustries.com,press@cloudimperiumgames.com (basın),MMO uzay sim,Star Citizen; Squadron 42; Persistent Universe; Arena Commander; Persistent Universe updates,bilinmiyor,çok ofisli,özel (Chris Roberts),Star Citizen crowdfunding MMO; Squadron 42 tek oyunculu.
Codemasters,Avrupa,Southam (BK; EA),1986,~700+,racing sim,https://www.codemasters.com,press@ea.com (basın),yarış sim,EA Sports F1; GRID; DiRT Rally; Dirt,bilinmiyor,ofis,EA,2021 EA alımı; F1 lisansı.
Compulsion Games,Kuzey Amerika,"Montréal, QC (Kanada)",2009,~100–150,bilinmiyor (Microsoft),https://compulsiongames.com,press@xbox.com (basın),aksiyon-macera,We Happy Few; South of Midnight; Contrast; We Happy Few: Lightbearer,bilinmiyor,ofis,Microsoft,Montréal Xbox stüdyosu.
ConcernedApe,Kuzey Amerika,Seattle bölgesi (ABD),2012 (ticari),1–10,Stardew Valley uzun kuyruk,https://www.stardewvalley.net,concernedape@gmail.com (genel),farm sim / indie,Stardew Valley; Haunted Chocolatier (announced); Stardew Valley 1.6 update; Stardew multiplayer era; Haunted Chocolatier (upcoming); 1.6 update; Stardew 1.6 update,hayır,solo / küçük,bağımsız,Stardew Valley solo-dev fenomeni; sırada Haunted Chocolatier.
Criterion Games,Latin Amerika,Guildford (BK; EA),1993,~150–200,Need for Speed,https://www.criteriongames.com,press@ea.com (basın),arcade yarış,Need for Speed Hot Pursuit; Burnout Paradise; NFS Most Wanted; Need for Speed; Burnout (historical); Burnout (tarihsel),bilinmiyor,ofis,EA,Frostbite racing.
Cryptic Studios,Kuzey Amerika,"Los Gatos, CA (ABD)",2000,~150-250,Star Trek Online; Neverwinter,https://www.crypticstudios.com,bilinmiyor,MMORPG,Star Trek Online; Neverwinter; Champions Online; Star Trek Online expansions,bilinmiyor,ofis,Embracer / Perfect World geçmişi; Dark and Light değil — EG7/Daybreak dönemsel,MMO stüdyosu; sahiplik değişimleri.
Crystal Dynamics,Kuzey Amerika,"San Mateo, CA (ABD)",1992,~300+,Tomb Raider,https://crystald.com,press@square-enix.com (basın),AAA aksiyon-macera,Tomb Raider; Marvel's Avengers; Legacy of Kain (legacy); Legacy of Kain (historical); Legacy of Kain (tarihsel),bilinmiyor,ofis,Embracer,Lara Croft / Tomb Raider ana stüdyosu (Embracer/Crystal).
Daybreak Game Company,Kuzey Amerika,"San Diego, CA (ABD)",1997 (SOE mirası),~400+,live MMO,https://www.daybreakgames.com,press@daybreakgames.com (basın),MMORPG / live service,PlanetSide 2; EverQuest; EverQuest II; The Outer Worlds 2 (joint period),bilinmiyor,ofis,Enad Global 7,Klasik MMO operatörü.
Deck Nine Games,Kuzey Amerika,"Westminster, CO (ABD)",2012,~100-150,Life is Strange devam,https://www.deckninegames.com,contact@deckninegames.com (genel),anlatı macera,Life is Strange: True Colors; Life is Strange: Double Exposure; Before the Storm; The Awesome Adventures of Captain Spirit; Double Exposure,bilinmiyor,ofis,özel,LIS batonunu taşıyan stüdyo.
DICE,Avrupa,Stockholm (İsveç; EA),1992,~700 bandı,Battlefield franchise,https://www.dice.se,press@ea.com (basın),AAA FPS,Battlefield 2042; Battlefield V; Battlefield 1; Star Wars Battlefront II; Battlefield; (historical) Mirror's Edge; (tarihsel) Mirror's Edge,bilinmiyor,ofis,EA,Battlefield franchise yuvası; Frostbite mirası.
DICE Los Angeles,Kuzey Amerika,"Los Angeles, CA (ABD)",2013 (Danger Close mirası),~150-250,Battlefield destek,https://www.dice.se,press@ea.com (basın),AAA FPS,Battlefield support; Battlefield (joint); Battlefield (ortak),bilinmiyor,ofis,EA,DICE LA; Ripple Effect ile ilişkili tarihçe.
Digital Extremes,Kuzey Amerika,"London, ON (Kanada)",1993,~400+,Warframe canlı hizmet,https://www.digitalextremes.com,press@digitalextremes.com (basın),looter-shooter / F2P,Warframe; Soulframe (upcoming); The Darkness II; Soulframe (development),evet — staj geçmişi,ofis / hibrit,Tencent azınlık / özel,Warframe ücretsiz live-service uzun ömür modeli.
Dodgeroll,Kuzey Amerika,Vancouver / uzaktan,2011,küçük,Enter the Gungeon,https://dodgeroll.com,bilinmiyor,roguelike,Enter the Gungeon; Exit the Gungeon; Enter the Gungeon: House of the Gundead; Dodge Roll catalog; Enter the Gungeon House of the Gundead,bilinmiyor,uzaktan,bağımsız,Roguelike shooter.
Double Fine,Kuzey Amerika,"San Francisco, CA (ABD)",2000,~100–150,bilinmiyor (Microsoft),https://doublefine.com,press@xbox.com (basın),indie-AAA macera,Psychonauts 2; Psychonauts; Broken Age; Grim Fandango Remastered,bilinmiyor,ofis,Microsoft,Tim Schafer; Kickstarter dönemi ikonu.
Double Helix Games,Kuzey Amerika,"Irvine, CA (ABD)",2007,Amazon'a satıldı (2014),Killer Instinct,,bilinmiyor,aksiyon,Killer Instinct (2013); UFOs; Hunted: The Demon's Forge; Silent Hill: Book of Memories,-,-,Amazon,Tarihsel; Amazon Games kökü.
DoubleDown Interactive,Kuzey Amerika,"Seattle, WA (ABD)",2010,~200-400,social casino,https://www.doubledowninteractive.com,press@doubledowninteractive.com (basın),social casino,DoubleDown Casino; DoubleDown Fort Knox; Ungrounded; social casino portfolio; social casino,bilinmiyor,ofis,DoubleU Games / Kore ilişkili,Social casino.
Dreamhaven,Kuzey Amerika,"Irvine, CA (ABD)",2020,~100+,Mike Morhaime stüdyo grubu,https://www.dreamhaven.com,pr@dreamhaven.com (basın),holding / MMO,Dreamhaven publishing; Hi-Fi / Blizzard alumni network; Secret Door; Dreamhaven publishing slate; Hi-Fi Rush alumni network; Hidden Village studios,bilinmiyor,ofis,özel,Eski Blizzard başkanı girişimleri.
DrinkBox Studios,Kuzey Amerika,"Toronto, ON (Kanada)",2008,~30-50,Guacamelee,https://drinkboxstudios.com,bilinmiyor,metroidvania,Guacamelee!; Guacamelee! 2; Nobody Saves the World; Severed,bilinmiyor,ofis,bağımsız,Toronto indie aksiyon.
EA Montreal,Kuzey Amerika,"Montréal, QC (Kanada)",2004,~500+,Dead Space; Army of Two tarihsel; Motive ilişkisi,https://www.ea.com,press@ea.com (basın),AAA / destek,FPS support; Dead Space 2 contribution; various EA Montréal projects; Motive separate,bilinmiyor,ofis,EA,AAA ve live-service projeler için EA Montréal kampüsü.
EA Motive,Kuzey Amerika,"Montréal, QC (Kanada)",2015,~300–400,bilinmiyor (EA),https://www.ea.com/ea-studios/motive,press@ea.com (basın),AAA aksiyon,Dead Space remake; Star Wars: Squadrons; Star Wars: Eclipse (in development),bilinmiyor,ofis,EA,EA Montréal anlatı stüdyosu (Star Wars Jedi serisi).
EA Tiburon,Kuzey Amerika,"Orlando, FL (ABD)",1994,~500+,Madden NFL,https://www.ea.com,press@ea.com (basın),spor,Madden NFL; College Football 25; College Football,bilinmiyor,ofis,EA,Madden NFL ile ünlü EA Orlando stüdyosu.
EA Vancouver,Kuzey Amerika,"Burnaby, BC (Kanada)",1982,~2000+,NHL; UFC; FC katki,https://www.ea.com,press@ea.com (basın),spor,EA Sports FC; NHL; Skate (revival); UFC; EA FC contribution; EA FC katki,evet - staj,ofis,EA,"Büyük EA Kanada kampüsü (NHL, FIFA/FC destek mirası)."
Eidos-Montréal,Kuzey Amerika,"Montréal, QC (Kanada)",2007,~400–500,bilinmiyor (Embracer / Crystal),https://www.eidosmontreal.com,press@square-enix.com (basın),AAA aksiyon-RPG,Marvel's Guardians of the Galaxy; Deus Ex: Mankind Divided; Shadow of the Tomb Raider; Deus Ex; Marvel's Guardians; Thief (historical); Thief (tarihsel),bilinmiyor,ofis,Embracer / Crystal Dynamics ağı,Deus Ex mirası; sahiplik Embracer dönemi.
Electronic Arts (EA),Kuzey Amerika,"Redwood City, CA (ABD)",1982,~13000,yıllık ~$7B bandı (şirket raporları),https://www.ea.com,accessibility@ea.com (genel),AAA yayın; spor; live service,EA FC; Madden; Apex; The Sims; Battlefield; EA Sports FC; Madden NFL; Apex Legends,evet — EA staj programları,hibrit (ekibe göre),halka açık (EA),"Spor + live-service yayıncı; DICE, Respawn, BioWare ve Codemasters stüdyo ağında."
Ensemble Studios (tarihsel),Kuzey Amerika,"Dallas, TX (ABD)",1995-2009,kapalı,Age of Empires,https://www.microsoft.com,bilinmiyor,RTS,Age of Empires (legacy); Halo Wars (legacy); Age of Empires; Age of Mythology; Halo Wars,-,-,kapalı (Microsoft),Tarihsel RTS efsanesi; World's Edge devam.
Epic Games,Kuzey Amerika,"Cary, NC (ABD)",1991,~4000+,Fortnite + Unreal; milyarlarca $,https://www.epicgames.com,press@epicgames.com (basın),live service; motor; mağaza,Fortnite; Unreal Engine; Rocket League; Fall Guys; Unreal Engine 5; Epic Games Store; Twinmotion,evet — staj / erken kariyer,hibrit / ofis,özel (Tencent azınlık),UE5 + Epic Games Store + Fortnite ekosistemi.
Escalation Studios,Kuzey Amerika,"Dallas, TX (ABD)",2007,BGS Dallas'a dönüştü,Doom VFR,,bilinmiyor,VR / destek,Doom VFR; Singularity; Call of Duty companion/VR work; Arkham VR contribution,-,-,Microsoft / ZeniMax,Tarihsel; BGS Dallas.
Firaxis Games,Kuzey Amerika,"Hunt Valley, MD (ABD)",1996,~200 bandı,Civilization franchise,https://firaxis.com,press@2k.com (basın),4X strateji,Civilization VI; Civilization VII; XCOM 2; Marvel's Midnight Suns; Civilization; XCOM (historical); XCOM (tarihsel),bilinmiyor,ofis,Take-Two / 2K,2K altında Civilization ve XCOM uzmanı.
Firesprite,Avrupa,Liverpool (BK; SIE),2012,~250+,bilinmiyor (SIE),https://firesprite.com,press@playstation.com (basın),VR / aksiyon,Horizon Call of the Mountain; Knowledge is Power; support for The Dark Pictures,bilinmiyor,ofis,Sony / PlayStation Studios,2021 Sony alımı.
Frima Studio,Kuzey Amerika,"Québec City, QC (Kanada)",2003,~100-200,hizmet / VR,https://www.frimastudio.com,bilinmiyor,hizmet,Journey to the Savage Planet co-dev; various AAA co-dev; animation/services titles; Quebec co-dev slate; various co-dev,bilinmiyor,ofis,bağımsız,Québec hizmet.
Gearbox Software,Kuzey Amerika,"Frisco, TX (ABD)",1999,~500+ (grup dönemsel),Borderlands; Embracer dönemi,https://www.gearboxsoftware.com,press@gearboxsoftware.com (basın),looter-shooter / yayın,Borderlands 3; Tiny Tina's Wonderlands; Homeworld 3; Brothers in Arms; Borderlands,bilinmiyor,ofis,Take-Two (2024 alım haberleri) / Embracer geçmişi,Borderlands IP; sahiplik geçişleri izlenmeli.
Ghost Story Games,Kuzey Amerika,"Westwood, MA (ABD)",2017,küçük/orta,bilinmiyor,https://ghoststorygames.com,bilinmiyor,immersive sim,Judas (in development); BioShock Infinite alumni project; narrative shooter slate; Judas (development); BioShock Infinite alumni; BioShock Infinite alumni team,bilinmiyor,ofis,bağımsız,Ken Levine (BioShock) sonrası.
Giant Squid,Kuzey Amerika,"Santa Monica, CA (ABD)",2013,~20-40,Abzu; The Pathless,https://giantsquidstudios.com,contact@giantsquidstudios.com (genel); jobs@giantsquidstudios.com (İK),indie keşif,ABZU; The Pathless; Sword of the Sea,bilinmiyor,ofis,bağımsız,Matt Nava; Journey sanat yönetmeni mirası.
Glu Mobile / Electronic Arts (Glu),Kuzey Amerika,"San Francisco, CA (ABD)",2001,EA içinde,Design Home / Covet,https://www.glu.com,press@ea.com (basın),mobil lifestyle / lisans,Disney Emoji Blitz; Covet Fashion; Disney Sorcerer's Arena; MLB Tap,bilinmiyor,karışık,EA (2021 alım),Glu satın alımıyla EA mobil genişlemesi (design.home vb.).
Google Stadia Games and Entertainment,Kuzey Amerika,Montréal / Kaliforniya,2019,kapalı (2023),Stadia,,bilinmiyor,bulut oyun,Stadia first-party (wound down); Stadia first-party projects; Stadia ilk parti projeleri,-,-,kapalı (Google),Tarihsel Google Stadia stüdyoları.
Guerrilla Games,Avrupa,Amsterdam (Hollanda; SIE),2000,~400+,Horizon franchise,https://www.guerrilla-games.com,press@guerrilla-games.com (basın),AAA açık dünya,Horizon Forbidden West; Horizon Zero Dawn; Killzone Shadow Fall; Horizon Zero Dawn / Forbidden West,bilinmiyor,ofis,Sony / PlayStation Studios,Horizon açık dünya aksiyonu; Amsterdam'da Killzone mirası.
Halo Studios (ex-343 Industries),Kuzey Amerika,"Redmond, WA (ABD)",2007 (343); 2024 rebrand,~500 bandı,bilinmiyor (Microsoft),https://halowaypoint.com,press@xbox.com (basın),AAA FPS / live service,Halo Infinite; Halo MCC; Halo 5; Halo Wars 2; Halo Wars (joint); Halo Wars (ortak),bilinmiyor,ofis,Microsoft,Xbox ilk parti; Slipspace Engine dönemi.
Hangar 13,Kuzey Amerika,"Novato, CA (ABD) + Brno / Brighton",2014,~200–300,bilinmiyor (2K),https://hangar13games.com,press@2k.com (basın),AAA aksiyon,Mafia Definitive Edition; Mafia III; Mafia: The Old Country; Mafia: Definitive Edition; Mafia remakes / Mafia III,bilinmiyor,çok ofisli,Take-Two / 2K,2K altında Mafia anlatı suç serisi.
Hardsuit Labs,Kuzey Amerika,"Seattle, WA (ABD)",2012,~50–100,bilinmiyor,https://hardsuitlabs.com,bilinmiyor,FPS / hizmet,Vampire: The Masquerade – Bloodlines 2 (period); Deadfall Adventures; compact co-dev; Unannounced IP work; Vampire: The Masquerade – Bloodlines 2 (periodic),bilinmiyor,ofis,bağımsız,Seattle; proje devirleri dönemsel.
Harebrained Schemes,Kuzey Amerika,"Seattle, WA (ABD)",2011,~30-60,Shadowrun Returns; Battletech,https://harebrained-schemes.com,pr@paradoxinteractive.com (basın),strateji / RPG,Shadowrun Returns; Battletech; The Lamplighters League,bilinmiyor,ofis,Paradox (alım),Seattle strateji/RPG.
Haven Studios,Kuzey Amerika,"Montréal, QC (Kanada)",2021,~100-150,Fairgame$ / PS stüdyo,https://havenstudios.com,press@playstation.com (basın),çok oyunculu / live,Fairgame$; Sony live-service sports-adjacent; Fairgame$ (development),bilinmiyor,ofis,Sony / PlayStation Studios,2022 Sony alımı; Montréal.
HB Studios,Kuzey Amerika,"Lunenburg, NS (Kanada)",2000,~100-150,PGA Tour; spor,https://www.hbstudios.com,press@2k.com (basın),spor,PGA Tour 2K; The Golf Club; EA Sports PGA support; PGA Tour; various sports,bilinmiyor,ofis,bağımsız (2K ilişkileri dönemsel),Kanada spor stüdyosu.
Heart Machine,Kuzey Amerika,"Los Angeles, CA (ABD)",2012,~20-40,Hyper Light Drifter,https://heartmachine.com,hello@heart-machine.com (genel); support@heart-machine.com (destek),indie aksiyon,Hyper Light Drifter; Solar Ash; Hyper Light Breaker; Heart Machine catalog,bilinmiyor,hibrit,bağımsız,Pixel art aksiyon.
Hi-Rez Studios,Kuzey Amerika,"Alpharetta, GA (ABD)",2005,~400+,Smite; Fallen Earth tarihsel,https://www.hirezstudios.com,press@hirezstudios.com (basın),MOBA / hero shooter,Smite; Paladins; Rogue Company; Smite 2,bilinmiyor,ofis,özel,Gürcistan (ABD) çok oyunculu.
High Moon Studios,Kuzey Amerika,"Carlsbad, CA (ABD)",2005,~200+,bilinmiyor (Activision),https://highmoonstudios.com,press@activision.com (basın),AAA aksiyon,Transformers: Fall of Cybertron; COD support; Transformers; Destiny support,bilinmiyor,ofis,Microsoft / Activision,Activision destek/ilk parti stüdyo.
High Voltage Software,Kuzey Amerika,"Hoffman Estates, IL (ABD)",1993,~100-200 (dönemsel),co-dev / port / IP,https://www.high-voltage.com,press@embracer.com (basın),co-dev; port,Hunter: The Reckoning; LEGO support; ports; ports and co-dev; various co-dev; Hunter: The Reckoning historical; Hunter: The Reckoning tarihsel,bilinmiyor,ofis,Embracer / Lost Boys ilişkisi,Chicago uzun soluklu co-dev.
Hopoo Games,Kuzey Amerika,ABD (uzaktan),2012,küçük,Risk of Rain,https://hopoogames.com,press@hopoogames.com (basın),roguelike aksiyon,Risk of Rain 2; Risk of Rain Returns; Risk of Rain,bilinmiyor,uzaktan,bağımsız,Roguelike shooter.
Hothead Games,Kuzey Amerika,"Vancouver, BC (Kanada)",2006,~50-100,mobil aksiyon,https://www.hotheadgames.com,contact@hotheadgames.com (genel),mobil,Kill Shot Bravo; Rambo; Overwatch: Heroes Assemble; Rodeo Stampede partnership titles; Soft Reset,bilinmiyor,ofis,bağımsız,Vancouver mobil.
Housemarque,Avrupa,Helsinki (Finlandiya; SIE),1995,~150–200,bilinmiyor (SIE),https://housemarque.com,press@housemarque.com (basın),AAA aksiyon / arcade,Returnal; Resogun; Nex Machina; (historical) Resogun; (tarihsel) Resogun,bilinmiyor,ofis,Sony / PlayStation Studios,"Finlandiya PlayStation stüdyosu (Returnal, Resogun)."
Human Head Studios (tarihsel),Kuzey Amerika,"Madison, WI (ABD)",1997-2019,kapalı,Prey (2006); Rune,https://humanhead.com,bilinmiyor,FPS / aksiyon,Prey (2006); Rune; The Quiet Man; Batman: Arkham Origins Blackgate; Rune Classic,-,-,kapalı,Tarihsel Madison stüdyo.
id Software,Kuzey Amerika,"Richardson, TX (ABD)",1991,~200 bandı,bilinmiyor (ZeniMax),https://www.idsoftware.com,press@bethesda.net (basın),AAA FPS,Doom Eternal; Doom (2016); Doom The Dark Ages; Quake Champions; Rage 2; Doom; Quake; Rage,bilinmiyor,ofis,Microsoft / ZeniMax,Doom/Quake soyu; Bethesda altında FPS kurucu stüdyo.
Industrial Toys,Kuzey Amerika,"Pasadena, CA (ABD)",2012,EA içi,Star Wars: Hunters,https://www.industrialtoys.com,press@ea.com (basın),mobil / çok oyunculu,Star Wars: Hunters; Midnight Star; EA mobile FPS slate; live-service shooters; Twilight Struggle mobile (hist.); EA mobile,bilinmiyor,ofis,EA,EA mobil/çok oyunculu.
Infinity Ward,Kuzey Amerika,"Woodland Hills, CA (ABD)",2002,~400+,Modern Warfare,https://www.infinityward.com,press@activision.com (basın),AAA FPS,Call of Duty: Modern Warfare; MWII; MWIII; Ghosts,bilinmiyor,ofis,Microsoft / Activision,Call of Duty'nin Modern Warfare sütunu.
Innersloth,Kuzey Amerika,"Redmond, WA (ABD)",2015,~30-50,Among Us,https://www.innersloth.com,press@innersloth.com (basın),sosyal deduction / mobil-PC,Among Us; Henry Stickmin Collection; Among Us VR; Henry Stickmin; The Henry Stickmin Collection,bilinmiyor,hibrit,bağımsız,Among Us sosyal dedüksiyon patlaması; yalın indie örgüt.
Insomniac Games,Kuzey Amerika,"Burbank, CA (ABD)",1994,~500+,Spider-Man satışları,https://insomniac.games,press@insomniacgames.com (basın),AAA aksiyon,Marvel's Spider-Man 2; Marvel's Spider-Man; Miles Morales; Ratchet & Clank: Rift Apart; Sunset Overdrive; Ratchet & Clank,evet — staj geçmişi,ofis,Sony / PlayStation Studios,Sony stüdyosu; Spider-Man ve Ratchet güncel üretimi tanımlar.
Insomniac North Carolina,Kuzey Amerika,"Durham, NC (ABD)",2020 (Night School değil — Insomniac),~50-100,Spider-Man destek,https://insomniac.games,press@insomniacgames.com (basın),AAA destek,Marvel's Spider-Man support; Ratchet & Clank support; Insomniac multiplayer tech; Durham studio slate; Spider-Man support; multiplayer systems; Marvel's Spider-Man destek,bilinmiyor,ofis,Sony / PlayStation Studios,Insomniac uydu stüdyo.
Intercept Games,Kuzey Amerika,ABD,2020,~50-100,KSP2,https://www.privatedivision.com,press@privatedivision.com (basın),uzay sim,Kerbal Space Program 2; Private Division publishing era; Take-Two studio slate; Private Division partnership,bilinmiyor,hibrit,Take-Two,KSP2 stüdyosu.
inXile Entertainment,Kuzey Amerika,"Fountain Valley, CA (ABD)",2002,~100–150,bilinmiyor (Microsoft),https://www.inxile-entertainment.com,press@inxile-entertainment.com (basın),RPG / CRPG,Wasteland 3; Bard's Tale IV; Torment: Tides of Numenera; Wasteland; The Bard's Tale,bilinmiyor,ofis,Microsoft,Brian Fargo; Obsidian kardeş stüdyo.
Iron Galaxy,Kuzey Amerika,"Chicago, IL (ABD)",2008,~200-300,port / dövüş,https://www.irongalaxystudios.com,press@irongalaxystudios.com (basın),port; dövüş,Killer Instinct; Disney Afternoon Collection; ports; ports/co-dev; port work,bilinmiyor,çok ofisli,bağımsız,Port + dövüş.
Irrational Games,Kuzey Amerika,"Quincy, MA (ABD)",1997-2017,kapalı / yeniden yapılanma,BioShock; System Shock 2,https://www.irrationalgames.com,press@2k.com (basın),immersive sim,BioShock; BioShock Infinite; System Shock 2,-,-,kapalı (Take-Two),Tarihsel; Ghost Story devamı.
Jam City,Kuzey Amerika,"Los Angeles, CA (ABD)",2010,~1000+,lisanslı mobil,https://www.jamcity.com,press@jamcity.com (basın),mobil lisans / casual,Harry Potter: Puzzles & Spells; Cookie Jam; Disney Frozen Adventures; Wonderland Wilds; Harry Potter: Magic Awakened (hist.); Disney Emoji Blitz (hist.),bilinmiyor,hibrit,özel (NetEase yatırımı geçmişi),IP mobil yayın/geliştirme.
Kabam,Kuzey Amerika,San Francisco / Vancouver,2006,~400+,Marvel / Fast & Furious mobil,https://kabam.com,press@kabam.com (basın),mobil aksiyon-RPG,Marvel Contest of Champions; Marvel Strike Force; Transformers: Forged to Fight; Kingdoms of Camelot; Transformers; Infinite Magicraid,bilinmiyor,ofis,Netmarble,Lisanslı dövüş/koleksiyon RPG.
King,Avrupa,Stockholm / Londra (+ San Francisco),2003,~2000+,Candy Crush milyarlarca $,https://king.com,press@king.com (basın),mobil match-3 / casual,Candy Crush Saga; Farm Heroes Saga; Bubble Witch; Candy Crush Soda; Farm Heroes; Bubble Witch Saga; Candy Crush Friends; Pet Rescue Saga,bilinmiyor,hibrit ihtimali,Microsoft / Activision,Activision Blizzard / Microsoft içinde casual mobil gelir motoru.
Kitfox Games,Kuzey Amerika,"Montréal, QC (Kanada)",2015,~20-40,yayın + geliştirme,https://www.kitfoxgames.com,info@kitfoxgames.com (genel),indie yayın,Boyfriend Dungeon; Moon Hunters; Lucah; Lucah: Born of a Dream; Dwarf Fortress (publication),bilinmiyor,hibrit,bağımsız,Montréal küratör yayın.
Klei Entertainment,Kuzey Amerika,"Vancouver, BC (Kanada)",2005,~100-150,Don't Starve; ONI,https://www.klei.com,contact@kleientertainment.com (genel),survival / sim,Don't Starve Together; Oxygen Not Included; Griftlands; Hot Lava; Don't Starve,bilinmiyor,ofis,Tencent azınlık,Don't Starve ve Oxygen Not Included survival/sistem işçiliği.
Lightspeed LA,Kuzey Amerika,"Los Angeles, CA (ABD)",—,Tencent Lightspeed içi,küresel geliştirme,https://lightspeed.qq.com,press@tencentgames.com (basın),PC/konsol / mobil,Lightspeed Studios projects; Tencent western slate; multiplayer R&D; LA co-dev; various Lightspeed projects,bilinmiyor,ofis,Tencent,Lightspeed Studios LA.
Lionbridge Games,Kuzey Amerika,"Waltham, MA / küresel",—,binlerce,lokalizasyon / QA,https://www.lionbridge.com/games,bilinmiyor,lokalizasyon; test,localization/QA services; testing for AAA launches; audio localization; player support ops; localization; QA; player support,bilinmiyor,dağıtık,Lionbridge,Oyun lokalizasyon/QA.
Looking Glass Studios,Kuzey Amerika,"Cambridge, MA (ABD)",1990-2000,kapalı,Thief; System Shock,,bilinmiyor,immersive sim,Thief; System Shock (legacy); System Shock; Ultima Underworld,-,-,kapalı,"Tarihsel immersive-sim öncüsü (System Shock, Thief)."
Lost Boys Interactive,Kuzey Amerika,"Chicago, IL (ABD)",2021 (High Voltage mirası),~100-200,Diablo IV destek / co-dev,https://www.lostboysinteractive.com,press@embracer.com (basın),AAA co-dev / destek,Diablo IV support; Activision/Blizzard co-dev; Diablo IV; various Activision/Blizzard support,bilinmiyor,ofis,Embracer,High Voltage kökenli; Embracer stüdyosu.
Ludia,Kuzey Amerika,"Montréal, QC (Kanada)",2007,~200-400,Jurassic World Alive,https://www.ludia.com,bilinmiyor,mobil lisans,Jurassic World Alive; Jurassic World: The Game; Teenage Mutant Ninja Turtles: Legends; Dragons: Rise of Berk; Teenage Mutant Ninja Turtles,bilinmiyor,ofis,Jam City,Montréal lisanslı mobil.
Machine Zone,Kuzey Amerika,"Palo Alto, CA (ABD)",2008,~500+,SLG,https://www.machinezone.com,press@mz.com (basın),mobil strateji,Game of War; Mobile Strike; Final Fantasy XV: A New Empire; Game of Thrones: Conquest,bilinmiyor,çok ofisli,özel,SLG performans pazarlama.
MachineGames,Kuzey Amerika,Uppsala (İsveç; ZeniMax),2009,~150–200,bilinmiyor (ZeniMax),https://machinegames.com,press@bethesda.net (basın),AAA FPS,Wolfenstein: The New Order; Wolfenstein II; Indiana Jones and the Great Circle; Wolfenstein,bilinmiyor,ofis,Microsoft / ZeniMax,Wolfenstein reboot sorumluları; Indiana Jones macerası.
Maxis,Kuzey Amerika,"Redwood City / Emeryville, CA",1987,~200–300,The Sims,https://www.ea.com/games/the-sims,press@ea.com (basın),simülasyon / life sim,The Sims 4; SimCity; Spore; The Sims Mobile; The Sims; SimCity (historical); SimCity (tarihsel),bilinmiyor,ofis,EA,Life sim kategorisini tanımlayan stüdyo.
Media Molecule,Avrupa,Guildford (BK; SIE),2006,~100–150,bilinmiyor (SIE),https://www.mediamolecule.com,press@mediamolecule.com (basın),yaratıcı platform / UGC,Dreams; LittleBigPlanet 3; Tearaway; LittleBigPlanet,bilinmiyor,ofis,Sony / PlayStation Studios,LittleBigPlanet ve Dreams'in arkasındaki PlayStation UGC stüdyosu.
Microsoft Gaming / Xbox Game Studios,Kuzey Amerika,"Redmond, WA (ABD)",2001 (Xbox); 2022 Gaming org,Gaming bölümü on binlerce (Microsoft),Activision Blizzard alımı ~$69B (2023); Game Pass abonelik,https://www.xbox.com,press@xbox.com (basın),platform; AAA yayın; abonelik,Halo; Forza; Gears; Flight Simulator; Sea of Thieves; Halo Infinite; Forza Horizon 5; Gears 5,evet — Microsoft staj programları,hibrit / ofis (ekibe göre),Microsoft,Game Pass + birinci parti slate; Bethesda ve Activision Blizzard MS Gaming içinde.
Midway Games,Kuzey Amerika,"Chicago, IL (ABD)",1988-2009,kapalı,Mortal Kombat; NBA Jam,,bilinmiyor,dövüş / arcade,Mortal Kombat (legacy); NBA Jam (legacy); Mortal Kombat; Injustice roots; SpyHunter,-,-,kapalı (iflas); WB mirası,Tarihsel arcade/konsol; NetherRealm devam.
Mobius Digital,Kuzey Amerika,"Los Angeles, CA (ABD)",2014,~20-40,Outer Wilds,https://www.mobiusdigitalgames.com,support@mobiusdigitalgames.com (destek),indie keşif / puzzle,Outer Wilds; Echoes of the Eye; Mobius Digital shorts; Annapurna partnership titles; The Loma Pit,bilinmiyor,hibrit,bağımsız (Annapurna yayın),Outer Wilds kült hit.
Mojang Studios,Avrupa,Stockholm (İsveç; MS ilk parti),2009,~700 bandı,Minecraft milyarlarca gelir,https://www.minecraft.net,press@mojang.com (basın),sandbox; canlı hizmet,Minecraft; Minecraft Dungeons; Minecraft Legends; Minecraft Education,bilinmiyor,ofis / hibrit,Microsoft,Minecraft en çok satan; İsveç merkezli Xbox ailesi stüdyosu.
Monolith Productions,Kuzey Amerika,"Kirkland, WA (ABD)",1994,~200–300,bilinmiyor (WB),https://www.lith.com,press@warnerbros.com (basın),AAA aksiyon,Shadow of War; Shadow of Mordor; Gotham Knights; Shadow of Mordor/War; Middle-earth,bilinmiyor,ofis,Warner Bros. Games,Nemesis sistemi; WB stüdyo kapanış riskleri izlenmeli.
Mountaintop Studios,Kuzey Amerika,Kaliforniya (ABD),2020,~50-100,çok oyunculu,https://www.mountaintop.gg,bilinmiyor,çok oyunculu,unannounced competitive project; Valorant alumni studio; Mountaintop slate; unannounced multiplayer; Valorant alumni culture; project in development,bilinmiyor,ofis,özel,Eski Blizzard/Riot talent.
Naughty Dog,Kuzey Amerika,"Santa Monica, CA (ABD)",1984,~400–500,bilinmiyor (SIE),https://www.naughtydog.com,press@naughtydog.com (basın),AAA aksiyon-macera,The Last of Us Part I; The Last of Us Part II; Uncharted 4; Uncharted: Legacy of Thieves; Jak and Daxter (legacy); The Last of Us; Uncharted,nadiren,ofis,Sony / PlayStation Studios,PlayStation Studios'ta sinematik tek oyunculu AAA ölçütü.
Netflix Games,Kuzey Amerika,Los Angeles / küresel,2021 (birim),yüzlerce (birim),abonelik içi oyun,https://games.netflix.com,press@netflix.com (basın),mobil / bulut; yayın,Oxenfree; Into the Breach; Netflix Games catalog; Into the Dead; Squid Game related,bilinmiyor,karışık,Netflix,"Stüdyo alımları + yayın (Night School, Next Games vb.)."
Nexon America,Kuzey Amerika,"El Segundo, CA (ABD)",2006,~200+,Kore PC yayın batı,https://www.nexon.com,press@nexon.com (basın),yayın / MMO,MapleStory; The First Descendant; Blue Archive west; MapleStory west; The First Descendant (publishing),bilinmiyor,ofis,Nexon,Nexon batı operasyonu; MapleStory ve küresel yayın.
Niantic,Kuzey Amerika,"San Francisco, CA (ABD)",2015,~700 bandı,Pokémon GO gelirleri,https://nianticlabs.com,press@nianticlabs.com (basın),AR / location-based,Pokémon GO; Monster Hunter Now; Ingress; Peridot; Pikmin Bloom,bilinmiyor,hibrit,özel (Netflix yatırımı vb.),Pokémon GO arkasındaki AR oyun öncüsü.
Night School Studio,Kuzey Amerika,"Glendale, CA (ABD)",2014,~30-60,Oxenfree,https://nightschoolstudio.com,bilinmiyor,anlatı macera,Oxenfree; Oxenfree II; Afterparty; Twilight Theater,bilinmiyor,hibrit,Netflix,Netflix Games stüdyosu.
Nightdive Studios,Kuzey Amerika,"Vancouver, WA (ABD)",2012,~50-100,remaster / source port,https://nightdivestudios.com,press@nightdivestudios.com (basın),remaster; yenileme,System Shock remake; Quake enhanced; Blade Runner enhanced; Quake remasters,bilinmiyor,hibrit,Atari (alım),Klasik oyun kurtarma/remaster.
Ninja Theory,Avrupa,Cambridge (BK; Xbox),2000,~100–150,bilinmiyor (Microsoft),https://www.ninjatheory.com,press@xbox.com (basın),aksiyon / anlatı,Hellblade II; Hellblade; Bleeding Edge; DmC; Senua's Saga,bilinmiyor,ofis,Microsoft,Hellblade performans yakalama anlatı aksiyonu; Xbox stüdyosu.
Nixxes Software,Avrupa,Utrecht (Hollanda; SIE),1999,~100+,PC port kalitesi,https://www.nixxes.com,press@playstation.com (basın),PC port / mühendislik,Horizon PC; Ghost of Tsushima PC; Spider-Man PC; PC ports: Horizon; Ghost of Tsushima; Spider-Man; Horizon / Spider-Man PC versions,bilinmiyor,ofis,Sony / PlayStation Studios,SIE PC mühendislik stüdyosu.
Obsidian Entertainment,Kuzey Amerika,"Irvine, CA (ABD)",2003,~250–300,bilinmiyor (Microsoft),https://www.obsidian.net,press@obsidian.net (basın),RPG,Pentiment; Grounded; The Outer Worlds; Pillars of Eternity; Avowed; Fallout: New Vegas; Outer Worlds,bilinmiyor,ofis,Microsoft,Xbox Game Studios içinde CRPG/anlatı RPG evi.
Other Ocean Interactive,Kuzey Amerika,St. John's / Emeryville,2006,~100-200,port / co-dev,https://www.otherocean.com,press@otherocean.com (basın),port; co-dev,Battletoads; NBA Jam; ports/remasters; ports / remasters; various Nintendo/port,bilinmiyor,çok ofisli,bağımsız,Kanada/ABD port.
Panic Button,Kuzey Amerika,"Austin, TX (ABD)",2008,~50-100,konsol port,https://www.panicbuttongames.com,press@panicbuttongames.com (basın),port,Fortnite Switch; Overwatch Switch; console ports; Among Us console; Among Us konsol,bilinmiyor,ofis,bağımsız,Yüksek profilli portlar.
Paradox Tectonic,Kuzey Amerika,"Berkeley, CA (ABD)",2019,kapalı (2024),Life by You,https://www.paradoxinteractive.com,pr@paradoxinteractive.com (basın),life sim,Life by You (canceled); Paradox life-sim experiment; Berkeley studio era; Life by You (iptal),-,-,kapalı (Paradox),Tarihsel Paradox stüdyosu.
Phoenix Labs,Kuzey Amerika,"Vancouver, BC (Kanada)",2014,~100-200,Dauntless,https://phxlabs.ca,info@phxlabs.ca (genel); media@phxlabs.ca (basın),action MMO,Dauntless; Dauntless: Rise of the Blades; live-service monster hunting; Phoenix Labs catalog; Dauntless: Rise of the Shattered; Phoenix Labs live-ops,bilinmiyor,ofis,Garena / Sea,Monster-hunt live service.
PixelOpus,Kuzey Amerika,"San Mateo, CA (ABD)",2014-2023,kapalı,Concrete Genie,https://www.pixelopus.com,press@playstation.com (basın),indie / first-party,Concrete Genie; Astro Bot related PlayStation work; PS VR creative titles; PlayStation family showcase,-,-,kapalı (Sony 2023),Tarihsel PS stüdyosu.
Plarium,Ortadoğu,Herzliya (İsrail) / Vilnius,2009,~1000+,RAID: Shadow Legends,https://plarium.com,press@plarium.com (basın),mobil RPG / strateji,Raid: Shadow Legends; Mech Arena; Vikings: War of Clans; Vikings,bilinmiyor,çok ofisli,Aristocrat Leisure,Ağır performans pazarlamalı mobil RPG.
Playable Worlds,Kuzey Amerika,"San Mateo, CA (ABD)",2020,~50-100,MMO,https://playableworlds.com,jobs@playableworlds.com (İK); press@playableworlds.com (basın),MMO,Stars Reach (in development); Raph Koster MMO slate; sandbox social worlds; Raph Koster MMO; in development MMO,bilinmiyor,hibrit,özel,Raph Koster MMO.
Playground Games,Avrupa,Leamington Spa (BK; Xbox),2010,~500+,Forza Horizon,https://playground-games.com,press@xbox.com (basın),açık dünya yarış / AAA,Forza Horizon 5; Forza Horizon 4; Fable (upcoming); Forza Horizon 3; Forza Horizon; Fable (reboot); Fable (yeniden),bilinmiyor,ofis,Microsoft,Forza Horizon açık dünya yarış; Fable revival sürüyor.
PlayStation London Studio,Avrupa,Londra (BK),2002,~100–200,bilinmiyor (SIE),https://www.playstation.com,press@playstation.com (basın),VR / deneysel,SingStar; PlayLink; SingStar (historical); VR projects; SingStar (tarihsel); VR projeleri,bilinmiyor,ofis,Sony / PlayStation Studios,SIE Londra stüdyosu (SingStar mirası; VR/first-party işler).
PlayStation Studios,Kuzey Amerika,San Mateo / küresel,2020 (marka),SIE first-party ağı,God of War; Spider-Man; Horizon,https://www.playstation.com,press@playstation.com (basın),yayın / first-party şemsiye,God of War; Spider-Man; Horizon; The Last of Us; Gran Turismo; Astro Bot; PlayStation Studios portfolio,bilinmiyor,karışık,Sony,"Naughty Dog, SM Studio, Insomniac vb. şemsiye marka."
Playtika,Ortadoğu,Herzliya (İsrail) / ABD varlığı,2010,~4000,halka açık sosyal casino / casual,https://www.playtika.com,bizdev@playtika.com (iş),mobil social casino / casual,Slotomania; Bingo Blitz; House of Fun; June's Journey; Solitaire Grand Harvest; Ace Games investment,bilinmiyor,karışık,halka açılmış / özel yapı,İsrail merkezli live-ops/casino-mobil lideri; Ace Games TR bağlantısı.
Polyphony Digital,Japonya,Tokyo (Japonya; SIE),1998,~300+,Gran Turismo,https://www.polyphony.co.jp,press@playstation.com (basın),sim yarış,Gran Turismo 7; Gran Turismo Sport; Gran Turismo 6; Gran Turismo series; Gran Turismo serisi,bilinmiyor,ofis,Sony / PlayStation Studios,Sim racing standardı.
PopCap Games,Kuzey Amerika,"Seattle, WA (ABD)",2000,~200 bandı,Bejeweled / PvZ IP,https://www.popcap.com,press@ea.com (basın),casual / puzzle,Plants vs. Zombies; Bejeweled; Peggle; Zuma,bilinmiyor,ofis,EA,Casual PC→mobil köprüsü.
Proletariat,Kuzey Amerika,"Boston, MA (ABD)",2012,~100-150,World of Warcraft katkı,https://proletariat.com,press@blizzard.com (basın),MMO / live service,World of Warcraft contribution; Spellbreak (legacy); World of Warcraft contribution (post-acq); World of Warcraft (post-Blizzard),bilinmiyor,ofis,Microsoft / Blizzard,2022 Blizzard alımı.
Radical Entertainment,Kuzey Amerika,"Vancouver, BC (Kanada)",1991,kapalı (2012),Prototype,https://www.radical.ca,press@activision.com (basın),AAA aksiyon,Prototype; Prototype 2; Scarface: The World Is Yours; Crash Tag Team Racing; Scarface,-,-,kapalı (Activision),Tarihsel Vancouver AAA.
Rare,Avrupa,Twycross (BK; Xbox),1985,~200+,bilinmiyor (Microsoft),https://www.rare.co.uk,press@xbox.com (basın),AAA / canlı hizmet,"Sea of Thieves; Banjo-Kazooie (legacy); Perfect Dark (legacy); (classic) Banjo, GoldenEye; (klasik) Banjo, GoldenEye",bilinmiyor,ofis,Microsoft,Sea of Thieves live-service; klasik Rare IP mirası.
Raven Software,Kuzey Amerika,"Madison, WI (ABD)",1990,~300+,COD desteği / Warzone,https://ravensoftware.com,press@activision.com (basın),AAA FPS,Call of Duty Warzone; MW multiplayer support; Singularity; Call of Duty (joint); Jedi Knight (historical); Call of Duty (ortak); Jedi Knight (tarihsel),bilinmiyor,ofis,Microsoft / Activision,Activision içinde Warzone live-ops omurgası.
ReadyAtDawn,Kuzey Amerika,"Irvine, CA (ABD)",2003,~100-150,Lone Echo,https://www.readyatdawn.com,bilinmiyor,VR / aksiyon,Lone Echo; Lone Echo II; The Order: 1886; Echo Arena; The Order 1886,bilinmiyor,ofis,Meta,Meta VR stüdyosu.
Red Barrels,Kuzey Amerika,"Montréal, QC (Kanada)",2011,~50-80,Outlast,https://www.redbarrelsgames.com,bilinmiyor,korku,Outlast; Outlast 2; The Outlast Trials,bilinmiyor,ofis,bağımsız,Montréal korku.
Red Hook Studios,Kuzey Amerika,"Vancouver, BC (Kanada)",2012,~20-40,Darkest Dungeon,https://www.redhookgames.com,press@redhookgames.com (basın),roguelike RPG,Darkest Dungeon; Darkest Dungeon II; Darkest Dungeon console; DD II,bilinmiyor,hibrit,bağımsız,Stres mekaniği ikonu.
Red Storm Entertainment,Kuzey Amerika,"Cary, NC (ABD)",1996,~150-250,Rainbow Six kok,https://www.ubisoft.com,press@ubisoft.com (basın),taktik shooter,Rainbow Six legacy; Ghost Recon contribution; Rainbow Six historical; Rainbow Six tarihsel,bilinmiyor,ofis,Ubisoft,Tom Clancy taktik kokleri.
Relic Entertainment,Kuzey Amerika,"Vancouver, BC (Kanada)",1997,~200+,bilinmiyor (Sega dönemsel),https://www.relic.com,press@relic.com (basın),RTS / aksiyon,Company of Heroes 3; Dawn of War; Age of Empires IV (collab); Company of Heroes; Age of Empires IV (joint); Age of Empires IV (ortak),bilinmiyor,ofis,Sega (dönemsel yapı),RTS uzmanı Kanada stüdyosu.
Respawn Entertainment,Kuzey Amerika,"Los Angeles, CA (ABD)",2010,~500+ bandı,Apex canlı hizmet,https://www.respawn.com,press@ea.com (basın),AAA FPS / aksiyon,Apex Legends; Titanfall 2; Jedi: Survivor; Star Wars Jedi: Survivor; Star Wars Jedi: Fallen Order; Titanfall; Star Wars Jedi,bilinmiyor,ofis,EA,Vince Zampella stüdyosu; Apex + Star Wars Jedi sütunları.
Riot Games,Latin Amerika,"Los Angeles, CA (ABD)",2006,~4500+,LoL ekosistemi milyarlarca $,https://www.riotgames.com,press@riotgames.com (basın),MOBA / taktik / FPS,League of Legends; Valorant; TFT; Wild Rift; Teamfight Tactics; Legends of Runeterra; Ruined King,evet — staj / üniversite,hibrit (ofis + remote politikaları dönemsel),Tencent çoğunluk,Esports + live-service kültürü; LoL ve Valorant ana sütunlar.
Ripple Effect Studios,Kuzey Amerika,"Los Angeles, CA (ABD)",2012,~200-300,Battlefield destek,https://www.ea.com,press@ea.com (basın),AAA FPS,Battlefield 2042 support; Medal of Honor VR; Battlefield (joint); Battlefield (ortak),bilinmiyor,ofis,EA,EA LA shooter.
Ritual Entertainment (tarihsel),Kuzey Amerika,"Dallas, TX (ABD)",1996-2010,kapalı / ZeniMax,SiN; Counter-Strike: Condition Zero destek,,bilinmiyor,FPS,SiN; SiN Episodes; Heavy Metal F.A.K.K. 2; Counter-Strike support era,-,-,kapalı,Tarihsel Dallas FPS.
Roblox Corporation,Kuzey Amerika,"San Mateo, CA (ABD)",2004,~2400+,platform GMV / booking büyümesi,https://corp.roblox.com,press@roblox.com (basın),UGC platform / metaverse,Roblox; Roblox Studio; experience platform; creator economy titles; Experiences ecosystem; Roblox Experiences ecosystem,evet — staj,hibrit,halka açık (RBLX),UGC platform ekonomisi; geleneksel tek oyun stüdyosu değil.
Robot Entertainment,Kuzey Amerika,"Plano, TX (ABD)",2009,~50-100,Orcs Must Die!; Hero Academy,https://robotentertainment.com,contact@robotentertainment.com (genel); recruiting@robotentertainment.com (İK); press@robotentertainment.com (basın),aksiyon / strateji,Orcs Must Die!; Orcs Must Die! 2; Orcs Must Die! 3; Hero Academy; Age of Empires Online (hist.); Orcs Must Die! series; Orcs Must Die! serisi,bilinmiyor,ofis,bağımsız,Age of Empires veteranları.
Rockstar Dundee,Kuzey Amerika,Dundee (İskoçya),2008 (Ruffian),~50-100,destek,https://www.rockstargames.com,press@rockstargames.com (basın),AAA destek,GTA Online support; Red Dead Online support; Ruffian legacy; GTA / RDR support,bilinmiyor,ofis,Take-Two / Rockstar,2020 Ruffian alımı.
Rockstar Games,Kuzey Amerika,"New York, NY (ABD)",1998,binlerce (çok stüdyolu),GTA V / Online on milyarlarca $,https://www.rockstargames.com,press@rockstargames.com (basın),AAA açık dünya,GTA V; Red Dead Redemption 2; GTA Online; Grand Theft Auto V; Red Dead Online; Max Payne 3; Bully; L.A. Noire,nadiren; sıkı ofis kültürü,ofis odaklı,Take-Two,Açık dünya anlatı standardı; GTA ve Red Dead çıtayı belirler.
Rockstar Leeds,Avrupa,Leeds (BK),1997,~100-200,destek / port,https://www.rockstargames.com,press@rockstargames.com (basın),AAA destek,GTA Chinatown Wars; Liberty City Stories; GTA Stories historical; support; GTA Stories tarihsel; destek,bilinmiyor,ofis,Take-Two / Rockstar,Rockstar taşınabilir/destek stüdyosu (Bully Scholarship mirası).
Rockstar Lincoln,Avrupa,Lincoln (BK),2002,~100-200,QA / lokalizasyon,https://www.rockstargames.com,press@rockstargames.com (basın),QA,QA / localization hub; Rockstar test center; Rockstar test merkezi,bilinmiyor,ofis,Take-Two / Rockstar,Rockstar QA ve lokalizasyon uzman stüdyosu.
Rockstar London,Avrupa,Londra (BK),2005,~50-100,destek,https://www.rockstargames.com,press@rockstargames.com (basın),AAA destek,Manhunt 2; GTA Online contribution; Manhunt 2 historical; support; Manhunt 2 tarihsel; destek,bilinmiyor,ofis,Take-Two / Rockstar,Rockstar London destek/multiplayer katkı kampüsü.
Rockstar New England,Kuzey Amerika,"Andover, MA (ABD)",1999,~100+,destek,https://www.rockstargames.com,press@rockstargames.com (basın),AAA destek,Bully; Rockstar support; various Rockstar support,bilinmiyor,ofis,Take-Two / Rockstar,Rockstar destek stüdyosu (Bully Scholarship / online ops mirası).
Rockstar North,Kuzey Amerika,Edinburgh (İskoçya),1988 (DMA Design),~500-800,GTA,https://www.rockstargames.com,press@rockstargames.com (basın),AAA açık dünya,GTA V; GTA Online; Red Dead Redemption 2; GTA IV; Grand Theft Auto series; Grand Theft Auto serisi,bilinmiyor,ofis,Take-Two / Rockstar,Edinburgh amiral gemisi Rockstar; ana GTA geliştirme evi.
Rockstar San Diego,Kuzey Amerika,"Carlsbad, CA (ABD)",1984,~200-300,Red Dead,https://www.rockstargames.com,press@rockstargames.com (basın),AAA açık dünya,Red Dead Redemption; RAGE engine; Midnight Club; RDR2 contribution; RDR2 katki,bilinmiyor,ofis,Take-Two / Rockstar,Red Dead / RAGE teknolojisinin omurgası Rockstar stüdyosu.
Rockstar Toronto,Kuzey Amerika,"Oakville, ON (Kanada)",1981,~100-200,port / destek,https://www.rockstargames.com,press@rockstargames.com (basın),AAA destek,The Warriors; Bully Scholarship Edition; Max Payne 3 port historical; Max Payne 3 port tarihsel,bilinmiyor,ofis,Take-Two / Rockstar,Kanada Rockstar stüdyosu; The Warriors ve GTA destek mirası.
Roundhouse Games,Kuzey Amerika,ABD,2019,küçük/orta,ZeniMax destek,https://bethesda.net,press@bethesda.net (basın),destek / remaster,Bethesda/ZeniMax support titles; Bethesda/ZeniMax support; Doom/Quake support; Doom/Quake destek,bilinmiyor,ofis,Microsoft / ZeniMax,ZeniMax destek stüdyosu.
Running With Scissors,Kuzey Amerika,Arizona (ABD),1996,küçük,Postal,https://www.runningwithscissors.com,bilinmiyor,aksiyon,Postal; Postal 2; Postal 4: No Regerts; Postal: Brain Damaged; Postal series; Postal serisi,bilinmiyor,küçük,bağımsız,Postal IP.
San Diego Studio,Kuzey Amerika,"San Diego, CA (ABD)",2001,~200-300,MLB The Show,https://www.playstation.com,press@playstation.com (basın),spor,MLB The Show; Diamond Dynasty; MLB The Show series; MLB The Show serisi,bilinmiyor,ofis,Sony / PlayStation Studios,PlayStation spor stüdyosu.
Santa Monica Studio,Kuzey Amerika,"Los Angeles, CA (ABD)",1999,~400 bandı,bilinmiyor (SIE),https://sms.playstation.com,press@playstation.com (basın),AAA aksiyon,God of War (2018); God of War III; God of War,bilinmiyor,ofis,Sony / PlayStation Studios,PlayStation Studios'ta God of War sorumlusu.
SciPlay,Kuzey Amerika,"Las Vegas, NV (ABD)",1997 (köken) / 2019 halka,~1000+,sosyal casino / casual,https://www.sciplay.com,press@sciplay.com (basın),sosyal casino; casual,Jackpot Party; Gold Fish Casino; Quick Hit; Quick Hit Casino; Alictus portfolio (TR separate),bilinmiyor,karışık,Light & Wonder,Alictus Ankara ayrı Türkiye listesinde.
Scopely,Kuzey Amerika,"Culver City, CA (ABD)",2011,~2000+,Savvy Games ~$4.9B alım (2023),https://www.scopely.com,press@scopely.com (basın),mobil live service,MONOPOLY GO!; MARVEL Strike Force; Star Trek Fleet Command; Yahtzee with Buddies,bilinmiyor,hibrit,Savvy Games Group (Suudi PIF),MONOPOLY GO ölçeği; Loom Games TR ayrı listelenir.
Second Dinner,Kuzey Amerika,ABD (uzaktan / CA),2018,~100-150,Marvel Snap,https://seconddinner.com,press@seconddinner.com (basın),dijital TCG / mobil,Marvel Snap; Hearthstone alumni studio; digital card games; Second Dinner slate; mobile CCG live-ops,bilinmiyor,hibrit,özel (NetEase yatırımı),Hearthstone veteranları.
Secret Door,Kuzey Amerika,"Irvine, CA (ABD)",2020,Dreamhaven içi,MMO,https://www.dreamhaven.com,pr@dreamhaven.com (basın),MMO,unannounced Dreamhaven project; Blizzard alumni slate; Secret Door R&D; Dreamhaven label projects; Blizzard alumni studio,bilinmiyor,ofis,Dreamhaven,Dreamhaven alt stüdyo.
Serenity Forge,Kuzey Amerika,"Boulder, CO (ABD)",2014,~20-40,DDLC Plus; Before Your Eyes,https://serenityforge.com,contact@serenityforge.com (genel); jobs@serenityforge.com (İK); support@serenityforge.com (destek),indie / yayın,Doki Doki Literature Club Plus; Before Your Eyes; I Was a Teenage Exocolonist; The Cosmic Wheel Sisterhood; Dungeons & Degenerate Gamblers,bilinmiyor,hibrit,bağımsız,Anlatı indie.
Shiver Entertainment,Kuzey Amerika,Florida (ABD),2016,~100-200,Nintendo portlari,https://www.shiver.games,press@embracer.com (basın),port,Disney/Ubisoft ports; console ports; Luigi's Mansion / Disney ports; console/PC ports; Switch ports; Switch portlari,bilinmiyor,ofis,Embracer,Switch port odaklı.
Singularity 6,Kuzey Amerika,"Los Angeles, CA (ABD)",2018,~100-200,Palia,https://www.singularity6.com,hello@singularity6.com (genel),cozy MMO,Palia; cozy MMO live ops; Singularity 6 catalog; community seasons,bilinmiyor,ofis,özel,Cozy MMO.
SkyBox Labs,Kuzey Amerika,"Burnaby, BC (Kanada)",2011,~100-150,AoE / co-dev,https://www.skyboxlabs.com,info@skyboxlabs.com (genel); careers@skyboxlabs.com (İK); media@skyboxlabs.com (basın),co-dev,Age of Empires support; Minecraft Legends co-dev; Bleeding Edge co-dev; Xbox co-dev slate; Age of Empires destek,bilinmiyor,ofis,bağımsız,Vancouver co-dev.
Slant Six Games (tarihsel),Kuzey Amerika,"Vancouver, BC (Kanada)",2005-2013,kapalı,SOCOM,,bilinmiyor,shooter,SOCOM: Confrontation; SOCOM 4; PSP SOCOM titles; Sony shooter support; SOCOM Confrontation,-,-,kapalı,Tarihsel Vancouver.
Sledgehammer Games,Kuzey Amerika,"Foster City, CA (ABD)",2009,~300+,COD yıllık döngü,https://www.sledgehammergames.com,press@activision.com (basın),AAA FPS,Call of Duty: WWII; Vanguard; Advanced Warfare; Call of Duty: Advanced Warfare; MWIII,bilinmiyor,ofis,Microsoft / Activision,COD üç stüdyo döngüsünün parçası.
Sony Interactive Entertainment,Japonya,"San Mateo, CA (ABD) / Tokyo",1993 (PlayStation),on binlerce (PlayStation),konsol + ilk parti + PS Plus,https://www.playstation.com,press@playstation.com (basın),platform; AAA yayın,God of War; Spider-Man; Horizon; The Last of Us; Marvel's Spider-Man 2; Horizon Forbidden West; The Last of Us Part I; Gran Turismo 7,evet — PlayStation staj / üniversite,ofis ağırlıklı,Sony Group,PlayStation Studios ağı premium tek oyunculu ve büyüyen live-service bahislerini taşır.
Sperasoft,Kuzey Amerika,ABD / AB / uzaktan (Rus kök tarihsel),2007,~500+,co-dev / art,https://sperasoft.com,bilinmiyor,hizmet; co-dev,AAA co-dev services; art/engineering outsourcing; multiple unannounced AAA; Keywords network; multiple AAA co-dev,bilinmiyor,dağıtık,Keywords Studios (alım),Keywords hizmet ağı.
Splash Damage,Avrupa,Londra (BK),2001,~200–300,bilinmiyor,https://www.splashdamage.com,press@splashdamage.com (basın),çok oyunculu shooter,Dirty Bomb; Brink; Gears Tactics collab; Gears Tactics (joint); Dirty Bomb (historical); Gears Tactics (ortak); Dirty Bomb (tarihsel),bilinmiyor,ofis,Leyou / Tencent geçmişi; özel,Çok oyunculu uzman; sahiplik dönemsel.
Standing Stone Games,Kuzey Amerika,ABD,2016,~100-150,LotRO / DDO operasyon,https://www.standingstonegames.com,bilinmiyor,MMORPG,The Lord of the Rings Online; Dungeons & Dragons Online; Infinite Crisis; Turbine legacy MMOs; Lord of the Rings Online; DDO,bilinmiyor,hibrit,Daybreak / EG7 ilişkili,Turbine sonrası MMO operatörü.
Strange Loop Games,Kuzey Amerika,"Seattle, WA (ABD)",2012,~20-40,Eco,https://strangeloopgames.com,bilinmiyor,simülasyon / MMO-lite,Eco; Strange Loop catalog; simulation MMO experiments; Eco updates,bilinmiyor,hibrit,bağımsız,Ekoloji odaklı sim.
Striking Distance Studios,Kuzey Amerika,"San Rafael, CA (ABD)",2019,~100-200,Callisto Protocol,https://strikingdistance.com,press@strikingdistance.com (basın),korku / aksiyon,The Callisto Protocol; Dead Space alumni project; horror action slate; Dead Space alumni,bilinmiyor,ofis,Krafton,Glen Schofield korku stüdyosu; The Callisto Protocol (Krafton).
Studio MDHR,Kuzey Amerika,Toronto (Kanada),2013,~20-40,Cuphead,https://studiodmdhr.com,press@studiomdhr.com (basın),run-and-gun,Cuphead; Cuphead: The Delicious Last Course; Cuphead DLC bosses; Studio MDHR catalog; The Delicious Last Course; Cuphead Show tie-in,bilinmiyor,küçük ofis,bağımsız,1930s cartoon estetiği.
Subset Games,Kuzey Amerika,uzaktan,2012,2-10,FTL; Into the Breach,https://subsetgames.com,contact@subsetgames.com (genel),roguelike strateji,FTL: Faster Than Light; Into the Breach; FTL Advanced Edition; Subset catalog; FTL,bilinmiyor,uzaktan,bağımsız,FTL ve Into the Breach yaratıcıları; iki kişilik megahit stüdyo.
Sucker Punch Productions,Kuzey Amerika,"Bellevue, WA (ABD)",1997,~200–300,bilinmiyor (SIE),https://www.suckerpunch.com,press@suckerpunch.com (basın),AAA aksiyon-macera,Ghost of Tsushima; Ghost of Yōtei; Infamous Second Son; Sly Cooper; Infamous,bilinmiyor,ofis,Sony / PlayStation Studios,Ghost of Tsushima / Infamous sinematik aksiyon stüdyosu.
Sumo Digital,Avrupa,Sheffield (BK),2003,~1000+ (Sumo Group),yayın+geliştirme,https://www.sumo-digital.com,press@sumo-digital.com (basın),çok tür; hizmet + IP,Sackboy: A Big Adventure; Hot Wheels Unleashed; Crackdown 3; Sackboy; Hot Wheels Unleashed (shared ecosystem); Hot Wheels Unleashed (ortak ekosistem),bilinmiyor,çok stüdyolu BK/ABD,Tencent (Sumo Group alımı),BK'nin en büyük hizmet/IP stüdyo gruplarından.
Super Evil Megacorp,Kuzey Amerika,"San Mateo, CA (ABD)",2012,~150–200,Vainglory / Shadows,https://www.superevilmegacorp.com,bilinmiyor,MOBA / mobil-konsol,Vainglory; Daemon Hunter; SEMC mobile MOBA; not Darkside Detective — Shadows,bilinmiyor,ofis,bağımsız,Mobil MOBA öncüsü.
Superbrothers,Kuzey Amerika,Toronto (Kanada),2009,küçük,Sword & Sworcery,https://superbrothers.ca,bilinmiyor,indie macera,Superbrothers: Sword & Sworcery EP; JETT: The Far Shore; Superbrothers catalog; Sword & Sworcery EP,bilinmiyor,küçük,bağımsız,Pixel + müzik.
Supergiant Games,Kuzey Amerika,San Francisco Bay Area (ABD),2009,~20–40,Hades satış/ Twitch,https://www.supergiantgames.com,press@supergiantgames.com (basın),indie aksiyon-RPG / roguelite,Hades; Hades II; Pyre; Transistor; Bastion,bilinmiyor,küçük ofis / hibrit,bağımsız,Hades ile anılan indie; anlatı + savaş işçiliği.
System Era Softworks,Kuzey Amerika,"Seattle, WA (ABD)",2016,~50-80,Astroneer,https://www.astroneer.space,bilinmiyor,sandbox keşif,Astroneer; Astroneer expeditions; System Era catalog; co-op crafting updates,bilinmiyor,hibrit,bağımsız,Uzay keşif sandbox.
Take-Two Interactive,Kuzey Amerika,"New York, NY (ABD)",1993,~12000+,GTA/NBA 2K; Zynga mobil,https://www.take2games.com,press@take2games.com (basın),yayıncılık; AAA + mobil,GTA V; RDR2; NBA 2K; Borderlands; Grand Theft Auto V; Red Dead Redemption 2; Borderlands 3; Civilization VI,bilinmiyor (alt stüdyolara göre),karışık,halka açık (TTWO),Rockstar + 2K + Zynga holding; premium anlatı ve spor simleri.
Team Asobi,Japonya,Tokyo (Japonya; SIE),2020 (Japan Studio mirası),~80–120,Astro Bot,https://teamasobi.com,press@playstation.com (basın),platform / first-party,Astro's Playroom; Astro Bot; The Playroom; Astro Bot Rescue Mission,bilinmiyor,ofis,Sony / PlayStation Studios,Japan Studio kapanışı sonrası çekirdek ekip.
Team Cherry,Okyanusya,Adelaide (Avustralya),2014,~3–10,Hollow Knight,https://teamcherry.com.au,team@teamcherry.com.au (genel),metroidvania,Hollow Knight; Silksong; Godmaster; Hollow Knight: Silksong,bilinmiyor,küçük / uzaktan,bağımsız,Hollow Knight stüdyosu (Adelaide); Silksong uzun süredir beklenen devam.
Telltale Games,Kuzey Amerika,ABD (yeniden),2004; 2019 yeniden,~100+,episodik anlatı,https://telltalegames.com,bilinmiyor,episodik macera,The Walking Dead; The Wolf Among Us; Tales from the Borderlands; The Expanse: A Telltale Series,bilinmiyor,hibrit,LCG Entertainment,2018 kapanışından sonra yeniden canlanan anlatı macera uzmanı.
Thatgamecompany,Kuzey Amerika,"Santa Monica, CA (ABD)",2006,~30–60,Sky; Journey,https://thatgamecompany.com,bilinmiyor,indie duygusal / MMO-lite,Journey; Sky: Children of the Light; Flower; Flow,bilinmiyor,ofis,bağımsız,Jenova Chen; duygusal deneyim.
The Behemoth,Kuzey Amerika,"San Diego, CA (ABD)",2002,~20-40,Castle Crashers,https://www.thebehemoth.com,bilinmiyor,co-op aksiyon,Castle Crashers; BattleBlock Theater; Pit People; Alien Hominid,bilinmiyor,ofis,bağımsız,Co-op komedi aksiyon.
The Coalition,Kuzey Amerika,"Vancouver, BC (Kanada)",2010 (Black Tusk),~300–400,bilinmiyor (Microsoft),https://coalitiongdc.com,press@xbox.com (basın),AAA shooter,Gears 5; Gears Tactics; Gears 4; Gears of War series (Xbox era),bilinmiyor,ofis,Microsoft,Gears of War Xbox amiral gemisi nişancı stüdyosu.
The Initiative,Kuzey Amerika,"Santa Monica, CA (ABD)",2018,~100-200,Perfect Dark yeniden,https://www.xbox.com,press@xbox.com (basın),AAA,Perfect Dark (in development); Xbox AAA reboot slate; Santa Monica Initiative campus; unannounced PlayStation project; Perfect Dark (development rumor era); Perfect Dark (development),bilinmiyor,ofis,Microsoft,Xbox AAA stüdyosu.
The Quantum Astrophysicists Guild,Kuzey Amerika,ABD / uzaktan,2014,küçük,The Bridge; Manifold Garden yayın değil — Manifold Garden ayrı,https://theqag.net,bilinmiyor,indie yayın / geliştirme,The Bridge; The Beauty; puzzles catalog; The QAG shorts; various puzzle,bilinmiyor,uzaktan,bağımsız,Puzzle indie.
Thunder Lotus Games,Kuzey Amerika,"Montréal, QC (Kanada)",2014,~20-40,Spiritfarer,https://thunderlotusgames.com,press@thunderlotusgames.com (basın); business@thunderlotusgames.com (iş),indie anlatı,Spiritfarer; Jotun; Sundered; Bastionesque hand-drawn catalog,bilinmiyor,ofis,bağımsız,El çizimi sanat.
Toys for Bob,Kuzey Amerika,"Novato, CA (ABD)",1989,~200+,Crash / Spyro yenilemeleri,https://toysforbob.com,press@activision.com (basın),platform / aksiyon,Crash Bandicoot 4; Spyro Reignited; Crash Team Rumble; Skylanders; Crash Bandicoot N. Sane Trilogy,bilinmiyor,ofis,Microsoft / Activision,2024 bağımsızlaşma haberleri dönemsel; Activision mirası.
Tracktwenty Studios,Kuzey Amerika,"Los Angeles, CA (ABD)",2011,EA içi / küçüldü,The Simpsons: Tapped Out,https://www.ea.com,press@ea.com (basın),mobil,The Simpsons: Tapped Out; EA mobile live ops; Springfield events; Tracktwenty slate,bilinmiyor,ofis,EA,EA mobil stüdyo (dönemsel).
Treyarch,Kuzey Amerika,"Santa Monica, CA (ABD)",1996,~400+,COD Black Ops döngüsü,https://www.treyarch.com,press@activision.com (basın),AAA FPS,Call of Duty: Black Ops; Black Ops Cold War; Black Ops 6; Zombies,bilinmiyor,ofis,Microsoft / Activision,Call of Duty'nin Black Ops + Zombies sütunu.
Trion Worlds,Latin Amerika,"Redwood City, CA (ABD)",2006,kapalı,Rift; Trove,https://www.trionworlds.com,bilinmiyor,MMORPG,Rift; Defiance (legacy); Defiance; Trove,-,-,kapalı / Gamigo,Tarihsel MMO.
TT Games,Avrupa,Knutsford (BK),2005 (Traveller's Tales 1989),~400+,LEGO oyunları,https://www.ttgames.com,press@warnerbros.com (basın),aile / aksiyon-macera,LEGO Star Wars; LEGO Harry Potter; LEGO Marvel; LEGO Star Wars: The Skywalker Saga; LEGO Indiana Jones,bilinmiyor,ofis,Warner Bros. Games,LEGO oyun lisans makinesi.
Turbine,Kuzey Amerika,"Needham, MA (ABD)",1992,kapalı (2018),LotRO; DDO,https://www.turbine.com,bilinmiyor,MMORPG,LOTRO (legacy); DDO (legacy); Lord of the Rings Online; DDO,-,-,kapalı (WB),Tarihsel MMO stüdyosu.
Turn 10 Studios,Kuzey Amerika,"Redmond, WA (ABD)",2001,~200–300,Forza Motorsport,https://www.forzamotorsport.net,press@xbox.com (basın),sim yarış,Forza Motorsport (2023); Forza Motorsport 7; Forza Motorsport 6; Forza Motorsport,bilinmiyor,ofis,Microsoft,Playground'ın Horizon çizgisinden ayrı Motorsport.
Turtle Rock Studios,Kuzey Amerika,"Lake Forest, CA (ABD)",2002,~100–150,bilinmiyor,https://turtlerockstudios.com,press@turtlerockstudios.com (basın),asym / co-op shooter,Back 4 Blood; Evolve; Left 4 Dead (collab); Left 4 Dead (historical); Left 4 Dead (tarihsel),bilinmiyor,ofis,bağımsız (Tencent geçmiş yatırımı),Co-op horror/shooter.
Ubisoft Halifax,Kuzey Amerika,"Halifax, NS (Kanada)",2009 (Previously Related Designs değil — Hybride/Ubisoft),~100-150,destek / animasyon,https://www.ubisoft.com,press@ubisoft.com (basın),destek; sinematik,Assassin's Creed cinematic support; Assassin's Creed cinematic/support; Assassin's Creed sinematik/destek,bilinmiyor,ofis,Ubisoft,Live/online unvanları destekleyen doğu Kanada Ubisoft stüdyosu.
Ubisoft Quebec,Kuzey Amerika,"Québec City, QC (Kanada)",2005,~400-500,AC Odyssey/Valhalla,https://quebec.ubisoft.com,press@ubisoft.com (basın),AAA RPG,Assassin's Creed Odyssey; Assassin's Creed Valhalla; Valhalla,evet - staj,ofis,Ubisoft,Ubisoft Québec; Assassin's Creed RPG dönemi geliştirme merkezi.
Ubisoft Saguenay,Kuzey Amerika,"Saguenay, QC (Kanada)",2018,~50-100,destek,https://www.ubisoft.com,press@ubisoft.com (basın),AAA destek,Assassin's Creed support; Rainbow Six support; Québec satellite; Ubisoft Québec satellite; various Ubisoft support,bilinmiyor,ofis,Ubisoft,Québec Ubisoft uydu.
Ubisoft Toronto,Kuzey Amerika,"Toronto, ON (Kanada)",2010,~600-800,Star Wars Outlaws,https://toronto.ubisoft.com,press@ubisoft.com (basın),AAA açık dünya,Star Wars Outlaws; Watch Dogs 2; Far Cry support,evet - staj,ofis,Ubisoft,AAA ve live projeler için büyük Kanada Ubisoft kampüsü.
Ubisoft Winnipeg,Kuzey Amerika,"Winnipeg, MB (Kanada)",2018,~100-200,AAA destek,https://www.ubisoft.com,press@ubisoft.com (basın),AAA destek,AC / R6 support; Assassin's Creed / Rainbow Six support; Assassin's Creed / Rainbow Six destek,bilinmiyor,ofis,Ubisoft,Kanada Ubisoft uydu.
Undead Labs,Kuzey Amerika,"Seattle, WA (ABD)",2009,~100-150,State of Decay,https://www.undeadlabs.com,press@xbox.com (basın),survival,State of Decay; State of Decay 2; State of Decay 2: Juggernaut Edition; Undead Labs Xbox slate; State of Decay series; State of Decay serisi,bilinmiyor,ofis,Microsoft,Xbox zombie survival.
United Front Games (tarihsel),Kuzey Amerika,"Vancouver, BC (Kanada)",2007-2019,kapalı,Sleeping Dogs; Sleeping Dogs,,bilinmiyor,AAA aksiyon,Sleeping Dogs; ModNation Racers; Forza Street; LittleBigPlanet Karting,-,-,kapalı (Square Enix / bağımsız),Tarihsel Vancouver; Sleeping Dogs.
Unity Supersonic,Ortadoğu,Tel Aviv / küresel,2020 (marka),Unity içi,hypercasual yayın,https://www.supersonic.com,bilinmiyor,mobil yayın,hypercasual publishing; LevelPlay network; many hypercasual titles,bilinmiyor,hibrit,Unity,Unity hypercasual yayın kolu (Supersonic).
Unity Technologies,Kuzey Amerika,"San Francisco, CA (ABD)",2004,~4000–5000 bandı,motor + Runtime ücreti tartışmalı dönem,https://unity.com,press@unity3d.com (basın),oyun motoru / araç,Unity Engine; Unity Gaming Services; Unity Editor; Unity Asset Store ecosystem; Unity Ads,evet — staj,uzaktan / hibrit yaygın,halka açık (U),Motor + servis şirketi; ironSource/LevelPlay ile reklam yığını.
Unknown Worlds Entertainment,Kuzey Amerika,"San Francisco, CA (ABD)",2001,~50–100,Subnautica,https://unknownworlds.com,press@unknownworlds.com (basın),survival / keşif,Subnautica; Below Zero; Natural Selection 2; Subnautica: Below Zero,bilinmiyor,hibrit,Krafton (2021),Su altı survival hit.
Valve,Kuzey Amerika,"Bellevue, WA (ABD)",1996,~400–500 bandı,Steam + donanım + oyun; çok yüksek kâr,https://www.valvesoftware.com,press@valvesoftware.com (basın),platform; FPS; VR,Half-Life 2; Counter-Strike 2; Dota 2; Portal 2; Team Fortress 2; Steam Deck; Left 4 Dead 2; Half-Life,çok nadir / kapalı,ofis (düz hiyerarşi),özel (çalışan sahipliği),Steam ile PC dağıtım standardı; seçici birinci parti üretim.
VBlank Entertainment,Kuzey Amerika,ABD / uzaktan,2008,küçük,Retro City Rampage; 8-bit,https://www.vblank.com,bilinmiyor,indie retro,Retro City Rampage; Shakedown: Hawaii; Angry Video Game Nerd Adventures; VBlank catalog,bilinmiyor,uzaktan,bağımsız,Solo/küçük retro indie.
Vicarious Visions,Latin Amerika,"Albany, NY (ABD)",1990,~200+,Diablo IV destek / COD,https://www.vvisions.com,press@blizzard.com (basın),AAA destek,Crash Bandicoot N. Sane Trilogy; Diablo II Resurrected; Crash N. Sane Trilogy; Diablo IV; Crash N. Sane (historical); Guitar Hero; Crash N. Sane (tarihsel),bilinmiyor,ofis,Microsoft / Blizzard,2021 Blizzard birleşmesi.
Visual Concepts,Kuzey Amerika,"Novato, CA (ABD)",1988,~400+,NBA 2K yıllık,https://vcentertainment.com,press@2k.com (basın),spor,NBA 2K; WWE 2K; PGA Tour 2K; WWE 2K (seasonal),bilinmiyor,ofis,Take-Two / 2K,NBA 2K yıllık spor simülasyonu motor odası.
WB Games Montréal,Kuzey Amerika,"Montréal, QC (Kanada)",2010,~200-400,Gotham Knights,https://www.wbgames.com,press@warnerbros.com (basın),AAA aksiyon,Batman: Arkham Origins; Gotham Knights contribution; Gotham Knights,bilinmiyor,ofis,Warner Bros. Games,WB Montréal.
William Chyr Studio,Kuzey Amerika,"Chicago, IL (ABD)",—,küçük / solo+,Manifold Garden,https://manifold.garden,bilinmiyor,indie puzzle,Manifold Garden; architectural puzzle design; Manifold updates; William Chyr catalog,bilinmiyor,küçük,bağımsız,Mimari puzzle.
World's Edge,Kuzey Amerika,Remote / Microsoft,2019,küçük/orta,Age of Empires,https://www.ageofempires.com,press@xbox.com (basın),RTS,Age of Empires IV; Age of Empires II DE; Age of Mythology: Retold; AoE updates; AoE yenilemeleri,bilinmiyor,uzaktan ağırlıklı,Microsoft,Age franchise Xbox yayın.
Yacht Club Games,Kuzey Amerika,"Los Angeles, CA (ABD)",2011,~10-25,Shovel Knight,https://yachtclubgames.com,press@yachtclubgames.com (basın),indie platform,Shovel Knight; Shovel Knight Dig; Shovel Knight Pocket Dungeon; Shovel Knight Showdown; Mina the Hollower,bilinmiyor,küçük,bağımsız,Retro craftsmanship.
ZeniMax Online Studios,Kuzey Amerika,"Hunt Valley, MD (ABD)",2007,~300-400,ESO,https://www.elderscrollsonline.com,press@bethesda.net (basın),MMORPG,The Elder Scrolls Online; ESO chapters; ESO Morrowind; ESO Gold Road; ESO Plus,bilinmiyor,ofis,Microsoft / ZeniMax,ESO live service.
Zynga,Kuzey Amerika,"San Francisco, CA (ABD)",2007,~3000 bandı,Take-Two altında mobil gelir,https://www.zynga.com,press@zynga.com (basın),mobil social / casual,Words With Friends; Empires & Puzzles; Merge Dragons; Zynga Poker; Toon Blast (Peak); Peak Games portfolio,bilinmiyor,hibrit ihtimali,Take-Two,Peak/Gram/Rollic Türkiye stüdyoları ayrı; Take-Two iştiraki.
Zynga Austin,Kuzey Amerika,"Austin, TX (ABD)",—,Zynga içi,mobil casual,https://www.zynga.com,press@zynga.com (basın),mobil casual,CSR Racing support; Zynga racing live-ops; social casino support; Zynga Austin slate; Zynga social/casino support; various Zynga,bilinmiyor,ofis,Take-Two / Zynga,Zynga/Take-Two Teksas kampüsü; yarış ve live-ops desteği.
Zynga Chicago,Kuzey Amerika,"Chicago, IL (ABD)",—,Zynga içi,mobil casual,https://www.zynga.com,press@zynga.com (basın),mobil casual,Empires & Puzzles support eras; Zynga midcore live-ops; Chicago mobile slate; Take-Two Zynga; Zynga midcore contribution; various Zynga titles,bilinmiyor,ofis,Take-Two / Zynga,Take-Two altında Zynga Midwest midcore/live-ops katkısı.
Zynga Toronto,Kuzey Amerika,"Toronto, ON (Kanada)",—,Zynga içi,mobil,https://www.zynga.com,press@zynga.com (basın),mobil,Zynga Words With Friends support; Canada live-ops; Toronto casual slate; Zynga social; Zynga Canada live-ops,bilinmiyor,ofis,Take-Two / Zynga,Sosyal/casual live-ops destekleyen Zynga Kanada stüdyosu.
10 Chambers,Avrupa,Stockholm (İsveç),2017,~30-50,GTFO,https://www.10chambers.com,press@10chambers.com (basın),co-op horror FPS,GTFO; GTFO rundowns; cooperative horror FPS; 10 Chambers live ops; hardcore co-op,bilinmiyor,ofis,bağımsız,Payday veteranları; hardcore co-op.
11 bit studios,Avrupa,Varşova (Polonya),2010,~200+,This War of Mine; Frostpunk,https://www.11bitstudios.com,info@11bitstudios.com (genel); jobs@11bitstudios.com (İK),indie-AA strateji / anlatı,Frostpunk; Frostpunk 2; This War of Mine; The Alters; Children of Morta (publish),bilinmiyor,ofis,halka açık (Polonya),Zor seçimli anlatı stratejisi; Frostpunk ve This War of Mine.
2K Czech,Avrupa,Brno (Çekya),1997 (Illusion Softworks),~100-200,Mafia I/II tarihsel,https://www.2k.com,press@2k.com (basın),AAA aksiyon,Mafia; Mafia II; Mafia III support; Hangar 13 Czech lineage,bilinmiyor,ofis,Take-Two / 2K,Hangar 13 Brno ile devam.
2K Valencia,Avrupa,Valencia (İspanya),2017,~50-100,destek / geliştirme,https://www.2k.com,press@2k.com (basın),AAA destek,WWE 2K support; PGA Tour 2K support; 2K sports co-dev; Visual Concepts support; 2K portfolio support,bilinmiyor,ofis,Take-Two / 2K,2K İspanya.
4A Games,Avrupa,Valletta (Malta) / Kyiv kök,2006,~200–300,Metro serisi,https://www.4a-games.com,press@4a-games.com (basın),FPS / anlatı,Metro Exodus; Metro 2033; Metro: Last Light; Metro Last Light,bilinmiyor,Malta HQ,Embracer,Ukrayna kök; Malta merkez.
Abstraction Games,Avrupa,Eindhoven (Hollanda),2007,~50-100,port,https://www.abstractiongames.com,bilinmiyor,port,ports for indie/AA; multi-platform conversions; Unity/Unreal porting; Abstraction catalog; very Indie/AA port,bilinmiyor,ofis,bağımsız,Hollanda port.
Amber,Avrupa,Bükreş (Romanya),2009,~200-400,art / co-dev,https://amberstudio.com,bilinmiyor,hizmet,AAA art outsourcing; cinematic co-dev; character pipelines; Amber Studio services; AAA art/co-dev,bilinmiyor,ofis,Keywords Studios,Romanya hizmet stüdyosu.
Amplitude Studios,Avrupa,Paris (Fransa),2011,~100+,bilinmiyor (Sega),https://amplitude-studios.com,press@amplitude-studios.com (basın),4X strateji,Endless Space 2; Endless Legend; Humankind; Endless Space,bilinmiyor,ofis,Sega,4X uzmanı.
Ankama,Avrupa,Roubaix / Paris (Fransa),2001,~500+,Dofus / Wakfu,https://www.ankama.com,press@ankama.com (basın),MMORPG / animasyon,Wakfu; Dofus; Waven,bilinmiyor,ofis,bağımsız,Fransız MMO + animasyon IP.
Aristocrat Gaming / Product Madness,Avrupa,Londra (BK),2012 (Product Madness),~500+,mobil casino,https://www.productmadness.com,bilinmiyor,mobil casino / social,Lightning Link; social casino; Mega Hit Millions,bilinmiyor,ofis,Aristocrat Leisure,Plarium kardeş; social casino.
Arkane Lyon,Avrupa,Lyon (Fransa),1999,~100-150,Dishonored; Dishonored 2,https://www.arkane-studios.com,press@bethesda.net (basın),immersive sim,Dishonored; Dishonored 2; Deathloop; Dishonored series; Dishonored serisi,bilinmiyor,ofis,Microsoft / ZeniMax,Arkane Fransa merkezi.
Arrowhead Game Studios,Avrupa,Stockholm (İsveç),2008,~100–150,Helldivers 2 patlaması,https://www.arrowheadgamestudios.com,press@arrowheadgamestudios.com (basın),co-op shooter,Helldivers 2; Helldivers; Magicka,bilinmiyor,ofis,bağımsız (Sony yayın),Helldivers 2 patlaması; co-op shooter başarısı.
Artifex Mundi,Avrupa,Katowice (Polonya),2006,~100-150,HOPA / yayın,https://www.artifexmundi.com,contact@artifexmundi.com (genel),hidden object,hidden-object / premium casual; many HOPA; Bladebound,bilinmiyor,ofis,halka açık (Polonya),Hidden object + yayın.
Ascaron Entertainment,Avrupa,Gütersloh (Almanya),1991,kapalı (2009),Sacred; Patrician,,bilinmiyor,RPG / sim,Sacred; Sacred 2; Patrician; Port Royale,-,-,kapalı,Tarihsel Alman; Kalypso IP mirası.
Asobo Studio,Avrupa,Bordeaux (Fransa),2002,~300+,Flight Simulator ortaklığı,https://www.asobostudio.com,press@asobostudio.com (basın),simülasyon / macera,Microsoft Flight Simulator; A Plague Tale: Innocence; Fuel; A Plague Tale,bilinmiyor,ofis,bağımsız (MS ilişkisi güçlü),Microsoft Flight Simulator teknik vitrin ortağı.
Atomhawk,Avrupa,Gateshead (BK),2009,~100-200,concept art / UI,https://atomhawk.com,info@atomhawk.com (genel),hizmet; art,AAA concept art; UI/UX services; Mortal Kombat art support; Atomhawk portfolio; AAA concept/UI,bilinmiyor,ofis,Keywords Studios,BK art hizmet.
Atomic Jelly,Avrupa,Varşova (Polonya),2014,~30-50,303 Squadron; Ultrawings değil,https://atomicjelly.pl,bilinmiyor,sim / aksiyon,303 Squadron: Battle of Britain; Parasite; Space Haven support; Atomic Jelly catalog,bilinmiyor,ofis,bağımsız,Polonya küçük/orta stüdyo.
Avalanche Studios Group,Avrupa,Stockholm (İsveç),2003,~500+,bilinmiyor,https://avalanchestudios.com,press@avalanchestudios.com (basın),açık dünya,Just Cause 4; theHunter: Call of the Wild; Rage 2 (collab); Just Cause; theHunter; Rage 2 (joint); Rage 2 (ortak),bilinmiyor,ofis,Nordisk Film / özel,Apex motor; Stockholm + NY.
Azur Games,Avrupa,Limassol (Kıbrıs) / küresel,2016,~300+,hypercasual yayın,https://azurgames.com,press@azurgames.com (basın),mobil hypercasual,hypercasual publishing; Level Imposter; parking/idle slate; hypercasual publishing slate; multiple titles; Good Job Games portfolio relationship is periodic,bilinmiyor,dağıtık,özel,Good Job TR ayrı listede; Azur yayıncı.
Ballistic Moon,Avrupa,BK,2021,~50-100,co-dev,https://www.ballisticmoon.com,hello@ballisticmoon.com (genel),co-dev,Still Wakes the Deep support; co-dev/horror tools; Ballistic Moon slate; UK co-dev,bilinmiyor,ofis,bağımsız,BK co-dev.
Battlestate Games,Avrupa,Londra / RU kok,2012,~200-300,Escape from Tarkov,https://www.battlestategames.com,bilinmiyor,extraction shooter,Escape from Tarkov; Escape from Tarkov: Arena; Tarkov wipe seasons; Battlestate live ops,bilinmiyor,dağıtık,özel,Escape from Tarkov modern extraction-shooter beklentilerini tanımladı.
Belka Games,Avrupa,Limassol (Kıbrıs),2015,~200+,mobil puzzle/narrative,https://belka-games.com,press@belka-games.com (basın),mobil puzzle / story,Puzzle Clusters; Ball Sort; Color Water Sort; Grand Hotel Mania; type of Escape from Covetous Castle; Escape from Covetous Castle tipi,bilinmiyor,dağıtık,özel,Doğu Avrupa kök; Kıbrıs HQ.
Best Way,Avrupa,Ukrayna,1991,~50-100,Men of War,https://bestway.com.ua,press@bestway.com.ua (basın),RTS,Men of War; Men of War II; Faces of War; Men of War: Assault Squad 2,bilinmiyor,dağıtık,bağımsız,Ukrayna RTS.
Bigpoint,Avrupa,Hamburg (Almanya),2002,~200-400,browser games,https://www.bigpoint.com,press@bigpoint.net (basın),browser / MMO,DarkOrbit; Seafight; Drakensang Online; Bigpoint browser MMO catalog,bilinmiyor,ofis,özel,Erken browser oyun.
Black Forest Games,Avrupa,Offenburg (Almanya),2012,~50-100,Destroy All Humans remake,https://blackforestgames.com,press@blackforestgames.com (basın),aksiyon,Destroy All Humans remake; Destroy All Humans!; Giana Sisters,bilinmiyor,ofis,Embracer,Alman remake.
Black Spire,Avrupa,Polonya / AB,—,~50-100,co-dev,https://blackspire.studio,press@blackspire.com (basın),co-dev,co-dev / unannounced; service studio slate; European outsourcing; Black Spire projects,bilinmiyor,hibrit,bağımsız,Polonya/AB co-dev.
Blackmill Games,Avrupa,Haarlem (Hollanda),2010,~30-60,WW1 Game Series,https://www.blackmillgames.com,info@blackmillgames.com (genel),FPS,WW1 Game Series; Verdun; Tannenberg; Isonzo,bilinmiyor,ofis,bağımsız,I. Dunya Savasi FPS.
Blizzard Barcelona,Avrupa,Barselona (İspanya),—,Blizzard içi,destek / operasyon,https://www.blizzard.com,press@blizzard.com (basın),destek; operasyon,World of Warcraft support; Overwatch localization/ops; Blizzard EU support; live ops; Blizzard European support; Blizzard Avrupa destek,bilinmiyor,ofis,Microsoft / Blizzard,Live-ops ve lokalizasyon için Blizzard AB destek kampüsü.
Blizzard Cork,Avrupa,Cork (İrlanda),—,Blizzard içi,müşteri / operasyon / destek,https://www.blizzard.com,press@blizzard.com (basın),operasyon; destek,Blizzard player support; EU community ops; Battle.net support; Blizzard Cork campus; Blizzard European operations; Blizzard Avrupa operasyonu,bilinmiyor,ofis,Microsoft / Blizzard,Blizzard İrlanda oyuncu desteği ve topluluk operasyonları.
Bloober Team,Avrupa,Kraków (Polonya),2008,~200+,Silent Hill 2 remake,https://www.blooberteam.com,press@blooberteam.com (basın),korku / anlatı,Silent Hill 2; Layers of Fear; The Medium; Observer; Cronos: The New Dawn,bilinmiyor,ofis,halka açık (Polonya),Korku AA uzmanı; Silent Hill 2 remake küresel profili yükseltti.
Bohemia Interactive,Avrupa,Prag (Çekya),1999,~400+,Arma; DayZ,https://www.bohemia.net,press@bohemia.net (basın),askeri sim / sandbox,Arma 3; DayZ; Arma Reforger,bilinmiyor,ofis,bağımsız,Arma milsim + DayZ survival; Çek askeri-sim kültürü.
Bossa Studios,Avrupa,Londra (BK),2010,~50-100,Surgeon Simulator,https://www.bossastudios.com,press@bossagames.com (basın); bizdev@bossagames.com (iş),indie,Surgeon Simulator; I Am Bread; Worlds Adrift; Bossa catalog,bilinmiyor,ofis,bağımsız,Fizik komedi indie.
Broken Rules,Avrupa,Viyana (Avusturya),2009,~10-30,And Yet It Moves,https://brokenrules.at,hello@brokenrules.com (genel),indie,And Yet It Moves; Secrets of Raetikon; Ambition; Broken Rules catalog,bilinmiyor,küçük,bağımsız,Avusturya indie.
Bugbear Entertainment,Avrupa,Helsinki (Finlandiya),2000,~50-100,Wreckfest,https://www.bugbeargames.com,press@embracer.com (basın),yarış,Wreckfest; FlatOut; FlatOut 2; Ridge Racer Unbounded,bilinmiyor,ofis,Embracer,Destruction racing.
CCP Games,Avrupa,Reykjavík (İzlanda),1997,~300-400,EVE Online,https://www.ccpgames.com,press@ccpgames.com (basın),MMO uzay,EVE Online; EVE Vanguard; EVE: War of Ascension eras; Dust 514 (legacy); EVE: Valkyrie (legacy),bilinmiyor,ofis,Pearl Abyss,İzlanda MMO.
CD PROJEKT RED,Avrupa,Varşova (Polonya),2002 (CDPR 1994),~1100+,Witcher / Cyberpunk; Gwent,https://www.cdprojektred.com,jobs@cdprojektred.com (İK); media@cdprojektred.com (basın),AAA RPG,The Witcher 3; Cyberpunk 2077; Phantom Liberty; The Witcher 3: Wild Hunt; GWENT; Thronebreaker; The Witcher 2,evet — staj geçmişi,hibrit (şirket politikaları dönemsel),halka açık (CDR),Polonya AAA amiral gemisi; Witcher ve Cyberpunk stüdyoyu tanımlar.
Chibig,Avrupa,Valencia (İspanya),2016,~20-40,Moonlighter; The Mageseeker,https://chibig.com,info@chibig.com (genel); support@chibig.com (destek),indie aksiyon-RPG,Moonlighter; The Mageseeker; Moonlighter 2; Chibig cozy action catalog,bilinmiyor,ofis,bağımsız,İspanyol indie.
Chimera Entertainment,Avrupa,Münih (Almanya),2008,~50-100,mobil / strateji,https://www.chimera-entertainment.de,press@chimera-entertainment.de (basın),mobil strateji,The Settlers Online; mobile strategy; various mobile strategy,bilinmiyor,ofis,bağımsız,Alman mobil/strateji.
CI Games,Avrupa,Varşova (Polonya),2002,~200+,Sniper Ghost Warrior,https://cigames.com,press@cigames.com (basın),shooter / ARPG,Sniper Ghost Warrior; Lords of the Fallen; Enemy Front; Lords of the Fallen (2023),bilinmiyor,ofis,halka açık (Polonya),Polonya AA.
Climax Studios,Avrupa,Portsmouth (BK),1988,~150-200,port / VR,https://www.climaxgroup.com,bilinmiyor,port; VR,Silent Hill remake support; classic remasters; Assassin's Creed Nexus VR,bilinmiyor,ofis,bağımsız,Uzun soluklu BK stüdyo.
Coffee Stain Studios,Avrupa,Skövde (İsveç),2010,~100+ (stüdyo); grup daha büyük,Satisfactory; Goat Simulator,https://coffeestain.com,press@coffeestainstudios.com (basın),sim / indie yayın,Satisfactory; Goat Simulator; Deep Rock Galactic (publish); Valheim (publish); Deep Rock Galactic (publishing group),bilinmiyor,ofis,Embracer / The Coffee Stain,"Satisfactory + yayın (Valheim, DRG); Embracer yörüngesinde."
Colossal Order,Avrupa,Tampere (Finlandiya),2009,~50-80,Cities: Skylines,https://www.colossalorder.fi,press@colossalorder.fi (basın),şehir sim,Cities: Skylines; Cities: Skylines II; CS II,bilinmiyor,ofis,bağımsız,Sehir sim standardı.
CrazyLabs,Ortadoğu,Tel Aviv (İsrail),2010,~200-400,hypercasual yayın,https://www.crazylabs.com,bilinmiyor,mobil hypercasual,Stack Ball; Crowd City; Spiral Roll; Cubes King; hypercasual portfolio; multi-title,bilinmiyor,ofis,Tencent,Tencent destekli hypercasual yayıncı/stüdyo (Stack Ball vb.).
Creative Assembly,Avrupa,Horsham (BK),1987,~400–500,Total War,https://www.creativeassembly.com,press@sega.com (basın),strateji / RTS-grand,Total War Warhammer III; Alien Isolation; Total War: Warhammer III; Total War: Pharaoh; Alien: Isolation; Total War series; Total War serisi,bilinmiyor,ofis,Sega,Total War strateji sütunu; Alien: Isolation öne çıkanı.
Creative Assembly Sofia,Avrupa,Sofya (Bulgaristan),2019,~100-200,Total War destek,https://www.creativeassembly.com,press@sega.com (basın),strateji,Total War support; Total War: Warhammer contribution; CA Sofia co-dev; strategy tools; Total War destek,bilinmiyor,ofis,Sega,CA Sofya.
Creepy Jar,Avrupa,Varşova (Polonya),2016,~30-50,Green Hell,https://creepyjar.com,contact@creepyjar.com (genel); press@creepyjar.com (basın),survival,Green Hell; Green Hell VR; Infernal; Creepy Jar survival catalog; Sons of the Forest adjacent culture,bilinmiyor,ofis,halka açık (Polonya),Orman survival.
Critical Force,Avrupa,Kajaani (Finlandiya),2012,~100-200,Critical Ops,https://www.criticalforce.com,press@criticalforce.fi (basın),mobil FPS,Critical Ops; Critical Strike; Critical Ops seasons; Critical Force FPS catalog; Critical Ops mobile FPS,bilinmiyor,ofis,bağımsız,Finlandiya mobil FPS.
Croteam,Avrupa,Zagreb (Hırvatistan),1993,~50-80,Serious Sam; Talos Principle,https://www.croteam.com,contact@croteam.com (genel),FPS / puzzle,Serious Sam 4; The Talos Principle; The Talos Principle 2; Serious Sam,bilinmiyor,ofis,özel,Serious Engine; Hirvat stüdyo.
Crows Crows Crows,Avrupa,Berlin (Almanya),2015,küçük,Dr. Langeskov; The Beginner's Guide ilişkili talent,https://crowscrowscrows.com,hello@crowscrowscrows.com (genel),indie deneysel,"The Stanley Parable Ultra Deluxe; There Is No Game; Dr. Langeskov, The Tiger; Accounts; The Stanley Parable Ultra Deluxe partner; The Stanley Parable Ultra Deluxe ortak",bilinmiyor,küçük,bağımsız,Berlin deneysel indie.
Crytek,Avrupa,Frankfurt (Almanya),1999,~400+,Hunt: Showdown; CryEngine,https://www.crytek.com,press@crytek.com (basın),AAA / F2P; motor,Hunt: Showdown; Crysis Remastered; The Climb; Crysis (historical); Crysis (tarihsel),bilinmiyor (İstanbul ayrı listede),ofis,özel (Türk kurucular; HQ Almanya),Crytek Istanbul Türkiye listesinde.
Cyanide Studio,Avrupa,Paris (Fransa),2000,~150-200,Blood Bowl; spor,https://www.cyanide-studio.com,contact@cyanide-studio.com (genel),spor / strateji,Blood Bowl; Space Hulk; Tour de France,bilinmiyor,ofis,Nacon,Fransiz spor/strateji.
D3T,Avrupa,Warrington (BK),2002,~100-200,port / co-dev,https://d3t.co.uk,bilinmiyor,port; co-dev,Call of Duty ports support; AAA console ports; UK co-dev; Keywords D3T slate; co-dev / ports UK; very port,bilinmiyor,ofis,Keywords Studios,BK port stüdyosu.
Daedalic Entertainment,Avrupa,Hamburg (Almanya),2007,~100–200,macera yayın,https://www.daedalic.com,press@daedalic.com (basın),macera / yayın,Deponia; Blackguards; Shadow Tactics (publication history),bilinmiyor,ofis,Nacon (alım),Alman macera + yayın.
Deck13 Interactive,Avrupa,Frankfurt (Almanya),2001,~100–150,bilinmiyor (Focus),https://www.deck13.com,press@deck13.com (basın),aksiyon-RPG,The Surge; Lords of the Fallen (hist.); Lords of the Fallen (2014),bilinmiyor,ofis,Focus Entertainment,Alman AA aksiyon-RPG.
Demonware,Avrupa,Dublin (İrlanda),2003,~200-300,COD online backend,https://www.demonware.net,press@activision.com (basın),online altyapı,COD online services; matchmaking backend; Call of Duty netcode/services; Call of Duty netcode/hizmetleri,bilinmiyor,ofis,Microsoft / Activision,Activision online teknoloji.
Dennaton Games,Avrupa,İsveç,2012,küçük,Hotline Miami,https://www.devolverdigital.com,press@dennaton.com (basın),indie aksiyon,Hotline Miami; Hotline Miami 2: Wrong Number; Dennaton shorts; Devolver partnership; Hotline Miami 2; Hotline Miami Collection,bilinmiyor,küçük,bağımsız (Devolver),Hotline Miami.
Destructive Creations,Avrupa,Gliwice (Polonya),2014,~30-60,Hatred; Ancestors Legacy,https://destructivecreations.pl,press@destructivecreations.com (basın),strateji / aksiyon,Hatred; Ancestors Legacy; not Risen — War Mongrels,bilinmiyor,ofis,bağımsız,Polonya strateji/aksiyon.
Digic Pictures,Avrupa,Budapeşte (Macaristan),2002,~200-300,sinematik,https://www.digicpictures.com,bilinmiyor,sinematik animasyon,Destiny/COD cinematics; CG trailers; cinematics / CG trailers; AAA game trailer; AAA oyun trailer,bilinmiyor,ofis,bağımsız,Oyun sinematik.
DigixArt,Avrupa,Montpellier (Fransa),2015,~30-50,Gylt,https://www.digixart.com,press@digixart.com (basın),anlatı,Road 96; Gylt; Behind the Frame,bilinmiyor,ofis,bağımsız,Fransız anlatı.
Dontnod Bordeaux,Avrupa,Bordeaux (Fransa),2019,~50-100,Dontnod uydu,https://dontnod.com,press@dontnod.com (basın),anlatı,Jusant; Don't Nod Bordeaux projects; various Dontnod projects,bilinmiyor,ofis,Dontnod,Dontnod'un anlatı kapasitesini genişleten Bordeaux kampüsü.
Dontnod Entertainment,Avrupa,Paris (Fransa),2008,~300 bandı,bilinmiyor,https://dontnod.com,press@dontnod.com (basın),anlatı macera,Life is Strange; Vampyr; Jusant; Tell Me Why; Life is Strange (historical); Life is Strange (tarihsel),bilinmiyor,ofis,halka açık (Fransa),Life is Strange anlatı stüdyosu; genç drama dışına genişliyor.
Double Eleven,Avrupa,Middlesbrough (BK),2009,~200-300,port + IP,https://doubleeleven.com,bilinmiyor,port; co-dev,Prison Architect console; Rust console; Sea of Thieves support eras; Double Eleven live-ops; console ports / live-ops; various ports,bilinmiyor,ofis,bağımsız,"İngiltere co-dev/live-ops stüdyosu (Prison Architect, Rust console)."
EA Gothenburg,Avrupa,Göteborg (İsveç),2011 (eski Ghost Games kampüsü),EA içi / dönemsel,racing / destek,https://www.ea.com,press@ea.com (basın),yarış / destek,Battlefield / Frostbite support; Need for Speed historical; EA support; Need for Speed tarihsel; EA destek,bilinmiyor,ofis,EA,Frostbite/live unvanları destekleyen EA İsveç kampüsü.
EA Madrid,Avrupa,Madrid (İspanya),—,EA içi,FIFA/FC Online destek / mobil,https://www.ea.com,press@ea.com (basın),spor / mobil,EA Madrid campus support; EA FC services; EA FC hizmetleri,bilinmiyor,ofis,EA,Spor/live-ops katkısı için EA İspanya stüdyosu.
EA Romania,Avrupa,Bükreş (Romanya),2005,~1000+,FC backend / mobil,https://www.ea.com,press@ea.com (basın),spor / teknoloji,EA Bucharest services; EA FC services; EA FC hizmetleri,bilinmiyor,ofis,EA,Spor ve live destek için EA Bükreş kampüsü.
Easy Trigger Games,Avrupa,Skövde (İsveç),2016,küçük,Huntdown,https://easytrigger.com,info@easytrigger.com (genel),indie aksiyon,Huntdown; Easy Trigger arcade catalog; co-op run-and-gun; Swedish indie FPS,bilinmiyor,küçük,bağımsız,İsveç pixel aksiyon.
Eko Software,Avrupa,Paris (Fransa),1999,~50-100,V-Rally; Gear.Club,https://www.ekosoftware.com,press@ekosoftware.com (basın),yarış,tennis / sports simulations; V-Rally; Gear.Club,bilinmiyor,ofis,Nacon,Fransiz racing.
Electric Square,Avrupa,Guildford (BK),2011,~50-100,port / co-dev,https://www.electricsquare.com,bilinmiyor,port,DreamWorks Dawn of Art; VR/co-dev titles; AAA porting; Keywords Electric Square; co-dev / VR; very AAA port,bilinmiyor,ofis,Keywords Studios,Keywords Studios co-dev/port stüdyosu (İngiltere).
Embark Studios,Avrupa,Stockholm (İsveç),2018,~200-300,The Finals; Arc Raiders,https://www.embark.games,press@embark.games (basın),live service / FPS,THE FINALS; Arc Raiders; Embark multiplayer tech; former DICE founders slate,bilinmiyor,ofis,Nexon,Eski DICE liderlerinden Stockholm multiplayer; THE FINALS / Arc Raiders.
Embracer Group,Avrupa,Karlstad (İsveç),2011 (THQ Nordic köken),on binlerce (grup; sadeleşme dönemi),holding; yeniden yapılanma,https://embracer.com,press@embracer.com (basın),holding; çok stüdyo,multi-label portfolio; Darksiders; Remnant; Saints Row; Dead Island; Destroy All Humans; Goat Simulator; Saints Row (Gearbox era),bilinmiyor,karışık,halka açık (İsveç),Çok etiketli konsolidasyon; 2023–26 portföy sadeleştirme sürüyor.
Eugen Systems,Avrupa,Paris (Fransa),2000,~80–120,bilinmiyor,https://eugensystems.com,press@eugensystems.com (basın),RTS,Steel Division 2; WARNO; Act of Aggression; Steel Division; Wargame,bilinmiyor,ofis,bağımsız,Gerçek zamanlı taktik/RTS.
Expansive Worlds,Avrupa,Stockholm (İsveç),2011,~30-60,theHunter klasik,https://www.expansiveworlds.com,bilinmiyor,hunting sim,theHunter: Call of the Wild; theHunter classic; theHunter klasik,bilinmiyor,ofis,Avalanche,Hunting sim stüdyosu.
Facepunch Studios,Avrupa,Birmingham (BK),2004,~50-100,Garry's Mod; Rust,https://facepunch.com,contact@facepunch.com (genel),sandbox / survival,Rust; Garry's Mod; Soft Floppy Friends,bilinmiyor,ofis,bağımsız,Rust ve Garry's Mod; oyuncu güdümlü sandbox kültürü.
Fall Damage,Avrupa,Stockholm (İsveç),2016,~50-100,Generation Zero,https://falldamage.com,press@avalanchestudios.com (basın),co-op shooter,Generation Zero; Avalanche Studios sister project; open-world shooter; Fall Damage catalog,bilinmiyor,ofis,Embracer,İsveç co-op shooter.
Far North Entertainment,Avrupa,İsveç,2015,küçük,co-op / kart,https://www.farnorth.games,bilinmiyor,co-op; kart,Aces & Adventures; Far North card battler; indie tactical catalog,bilinmiyor,küçük,bağımsız,İsveç indie.
Farm 51,Avrupa,Gliwice (Polonya),2005,~100+,bilinmiyor,https://www.thefarm51.com,press@thefarm51.com (basın),aksiyon / VR / araç,Chernobylite; Get Even; World War 3,bilinmiyor,ofis,bağımsız / halka açık dönemsel,Polonya AA/araç.
Fast Travel Games,Avrupa,Stockholm (İsveç),2016,~50-100,VR,https://www.fasttravelgames.com,press@fasttravelgames.com (basın),VR,Budget Cuts; Until You Fall; After the Fall,bilinmiyor,ofis,bağımsız,İsveç VR.
Fatshark,Avrupa,Stockholm (İsveç),2008,~200+,Warhammer co-op,https://www.fatshark.se,press@fatshark.se (basın),co-op aksiyon,Vermintide 2; Darktide; Escape; Vermintide,bilinmiyor,ofis,Tencent azınlık,Warhammer lisanslı co-op.
Feral Interactive,Avrupa,Londra (BK),1996,~100-150,Mac/Linux port,https://www.feralinteractive.com,bilinmiyor,port,Total War macOS ports; Batman Arkham macOS; COMPANY OF HEROES ports; Tomb Raider Mac/Linux; Mac/Linux AAA ports; multiple AAA Mac/Linux/iOS port,bilinmiyor,ofis,bağımsız,Premium Mac/Linux/iOS AAA portlarında Londra uzmanı.
Flaregames,Avrupa,Karlsruhe (Almanya),2012,~50-100,mobil yayın,https://www.flaregames.com,info@flaregames.com (genel),mobil yayın,Fashion Dreamer publishing; mobile midcore portfolio; Flaregames publishing slate; European mobile; various mobile,bilinmiyor,ofis,özel,Alman mobil yayın.
Flying Wild Hog,Avrupa,Varşova (Polonya),2009,~200+,bilinmiyor (Embracer),https://flyingwildhog.com,press@flyingwildhog.com (basın),aksiyon,Shadow Warrior 3; Evil West; Shadow Warrior 2; Shadow Warrior; Trek to Yomi,bilinmiyor,ofis,Embracer,Polonya aksiyon stüdyosu.
Focus Entertainment,Avrupa,Paris (Fransa),1996,~400+,yayın + stüdyo alımları,https://www.focus-entmt.com,press@focusent.com (basın),yayın; simülasyon; AA,A Plague Tale; SnowRunner; Atomic Heart; Space Marine 2 (publish); A Plague Tale: Requiem; Insurgency: Sandstorm; Atomic Heart (published),bilinmiyor,karışık,halka açık (Fransa),Avrupa AA yayıncısı; Plague Tale ve simülasyon markaları.
Fool's Theory,Avrupa,Bielsko-Biała (Polonya),2018,~50-100,The Thaumaturge,https://foolstheory.com,press@foolstheory.com (basın),RPG,The Witcher remake partner; Seven: Enhanced; The Thaumaturge,bilinmiyor,ofis,bağımsız,Polonya RPG.
Forever Entertainment,Avrupa,Gdynia (Polonya),2010,~50-100,yayın / port,https://forever-entertainment.com,press@forever-entertainment.com (basın),yayın; port,Contraptions; Fear Effect remasters; Conan Chop Chop publishing; Forever remaster slate; remasters / ports publishing; very retro/indie publishing,bilinmiyor,ofis,halka açık (Polonya),Polonya yayın.
Free Lunch Games,Avrupa,Malmö (İsveç),2018,küçük,indie,https://freelunchgames.com,bilinmiyor,indie,The Last Hero of Nostalgaia; Free Lunch soulslike comedy; indie action catalog,bilinmiyor,küçük,bağımsız,İsveç indie.
Free Radical Design,Avrupa,Nottingham (BK),1999; 2021 yeniden,~100+,TimeSplitters,https://www.freeradicaldesign.com,press@freeradicaldesign.co.uk (basın),FPS,TimeSplitters revival; TimeSplitters reboot; TimeSplitters yeniden,bilinmiyor,ofis,Embracer,Klasik FPS dönüşü.
Frictional Games,Avrupa,Helsingborg (İsveç),2006,~20-40,Amnesia; SOMA,https://frictionalgames.com,contact@frictionalgames.com (genel),korku,Amnesia: The Bunker; SOMA; Amnesia: Rebirth; Amnesia; The Bunker,bilinmiyor,ofis,bağımsız,İsveç korku.
Frogwares,Avrupa,Kyiv / Paris / Dublin,2000,~100-150,Sherlock Holmes,https://frogwares.com,press@frogwares.com (basın),macera,Sherlock Holmes: Chapter One; The Sinking City; Sherlock Holmes: The Awakened; Frogwares detective catalog; Sherlock Holmes; Sherlock Holmes Chapter One,bilinmiyor,dağıtık,bağımsız,Ukrayna kök dedektif.
Frontier Developments,Avrupa,Cambridge (BK),1994,~800+,Elite Dangerous; Planet Zoo,https://www.frontier.co.uk,press@frontier.co.uk (basın),simülasyon,Elite Dangerous; Planet Coaster; Planet Zoo; Jurassic World Evolution,bilinmiyor,ofis,halka açık (BK),Elite Dangerous + yönetim simleri (Planet Coaster/Zoo).
Frozenbyte,Avrupa,Helsinki (Finlandiya),2001,~50-80,Trine,https://www.frozenbyte.com,press@frozenbyte.com (basın),co-op puzzle,Trine; Trine 2; Trine 4; Trine 5: A Clockwork Conspiracy; Trine series; Trine serisi,bilinmiyor,ofis,bağımsız,Finlandiya co-op puzzle.
Fun Labs,Avrupa,Bükreş (Romanya),1999,~50-100,co-dev,https://www.funlabs.com,bilinmiyor,co-dev,Cabela's series; various licensed shooters; hunting sims; Fun Labs catalog,bilinmiyor,ofis,bağımsız,Romanya co-dev.
Funcom,Avrupa,Oslo (Norveç),1993,~400+,Conan / Dune MMO,https://www.funcom.com,press@funcom.com (basın),MMO / aksiyon-macera,Conan Exiles; Dune: Awakening; The Secret World,bilinmiyor,ofis,Tencent,Norveç MMO/aksiyon.
Futureplay,Avrupa,Helsinki (Finlandiya),2015,~50-100,mobil hybrid,https://futureplay.com,hello@futureplay.com (genel); press@futureplay.com (basın),mobil,Merge Gardens; Idle Frontier; Futureplay hybrid-casual; Stillfront mobile; various hybrid-casual,bilinmiyor,ofis,Stillfront,Finlandiya mobil.
FuturLab,Avrupa,Brighton (BK),2004,~30-50,Velocity,https://www.futurlab.co.uk,press@futurlab.co.uk (basın),indie aksiyon,Velocity; Velocity 2X; PowerUps; FuturLab twin-stick catalog; Velocity series; Velocity serisi,bilinmiyor,ofis,bağımsız,Brighton indie.
Gaijin Entertainment,Avrupa,Budapeşte (Macaristan),2002,~500+,War Thunder,https://gaijin.net,press@gaijinent.com (basın),MMO askeri sim,War Thunder; Enlisted; Crossout; CRSED,bilinmiyor,ofis,özel,Askeri arac MMO.
Galactic Cafe,Avrupa,BK,2013,küçük / solo,The Stanley Parable,https://www.galactic-cafe.com,press@galactic-cafe.com (basın),indie anlatı,The Stanley Parable; The Beginner's Guide; Ultra Deluxe,bilinmiyor,küçük,bağımsız,Anlatı meta-indie.
Gamechuck,Avrupa,Zagreb (Hırvatistan),2018,küçük,indie yayın,https://gamechuck.com,hello@gamechuck.com (genel),yayın,The Last Hero of Nostalgaia publishing; Croatian indie slate; Gamechuck catalog; regional indies; Croatian indie publishing; various regional indie,bilinmiyor,hibrit,bağımsız,Hırvat indie yayın/topluluk.
Gameforge,Avrupa,Karlsruhe (Almanya),2005,~300+,browser MMO yayın,https://www.gameforge.com,press@gameforge.com (basın),MMO yayın,Metin2; Ikariam; NosTale; OGame,bilinmiyor,ofis,özel,Alman browser/MMO.
Gameloft,Avrupa,Paris (Fransa),1999,~4000+,Vivendi altında mobil,https://www.gameloft.com,press@gameloft.com (basın),mobil AAA / casual,Asphalt 9; March of Empires; Modern Combat; Dragon Mania; Dragon Mania Legends; Asphalt; Disney/Marvel licenses,bilinmiyor,karışık,Vivendi,Erken mobil öncü; küresel stüdyo ayak izi.
Gameloft Bucharest,Avrupa,Bükreş (Romanya),2000,~300-500,mobil,https://www.gameloft.com,press@gameloft.com (basın),mobil,Asphalt; Gameloft midcore Romania; various Gameloft,bilinmiyor,ofis,Gameloft,Gameloft Romanya kampüsü.
Gaming Minds Studios,Avrupa,Gütersloh (Almanya),2009,~50-100,Railway Empire; Port Royale,https://www.gaming-minds.com,press@gaming-minds.com (basın),sim / strateji,Railway Empire; Port Royale; Tropico (seasonal),bilinmiyor,ofis,Kalypso,Alman sim/strateji.
Ghost Games,Avrupa,Göteborg (İsveç),2011-2020,kapalı / dağıtıldı,Need for Speed,https://www.ea.com,press@ea.com (basın),yarış,Need for Speed Heat; NFS Payback; Need for Speed (2015-2019 era),-,-,EA (kapanış),Tarihsel EA racing stüdyosu.
Ghost Ship Games,Avrupa,Kopenhag (Danimarka),2016,~40–80,Deep Rock Galactic,https://www.ghostship.dk,press@ghostship.dk (basın),co-op FPS,Deep Rock Galactic; Deep Rock Galactic: Survivor; DRG seasons; Ghost Ship co-op; DRG Survivor,bilinmiyor,ofis,bağımsız (Coffee Stain yayın),Cüce-uzay mayını co-op.
Ghost Town Games,Avrupa,Cambridge (BK),2014,küçük,Overcooked,https://www.ghosttowngames.com,bilinmiyor,co-op party,Overcooked!; Overcooked; Overcooked 2,bilinmiyor,küçük,bağımsız,Kaotik co-op mutfak.
Goodgame Studios,Avrupa,Hamburg (Almanya),2009,~200–400 bandı,bilinmiyor,https://www.goodgamestudios.com,press@goodgamestudios.com (basın),browser / mobil,Goodgame Empire; Big Farm; Shadow Kings; Goodgame browser/strategy catalog,bilinmiyor,ofis,özel,Hamburg sosyal/strateji.
Grimlore Games,Avrupa,Münih (Almanya),2013,~30-60,Iron Harvest,https://www.grimloregames.com,press@grimloregames.com (basın),RTS,SpellForce 3; Iron Harvest; SpellForce refinements; Grimlore RTS catalog,bilinmiyor,ofis,Embracer,Alman RTS.
GSC Game World,Avrupa,Prag / Kyiv (Ukrayna kök),1995,~300–400,S.T.A.L.K.E.R. 2,https://www.gsc-game.com,press@gsc-game.com (basın),FPS / açık dünya,S.T.A.L.K.E.R. 2; Call of Pripyat; Shadow of Chernobyl; S.T.A.L.K.E.R. series; S.T.A.L.K.E.R. serisi,bilinmiyor,Prag ofisi (savaş sonrası taşınma),bağımsız,Ukrayna kök; üretim Prag'a kaydırıldı.
Guerrilla Cambridge (tarihsel),Avrupa,Cambridge (BK),1997-2019,kapalı,Killzone Vita / destek,https://www.guerrilla-games.com,press@guerrilla-games.com (basın),FPS / destek,Killzone Vita / Mercenary (legacy); Killzone: Shadow Fall support; Vita; Killzone: Shadow Fall destek,-,-,kapalı (Sony),Tarihsel Guerrilla uydu.
Haemimont Games,Avrupa,Sofya (Bulgaristan),1997,~50-100,Tropico (eski); Surviving Mars,https://www.haemimontgames.com,press@haemimontgames.com (basın),strateji / sim,Surviving Mars; Stranded: Alien Dawn; Tropico (hist.),bilinmiyor,ofis,bağımsız,Bulgaristan strateji/sim.
HandyGames,Avrupa,Giebelstadt (Almanya),2000,~100+,mobil / konsol yayın,https://www.handygames.com,press@handygames.com (basın),yayın; casual,One Hand Clapping; Undead Horde; Sky Force Anniversary; HandyGames Embracer mobile; Embracer mobile / indie label,bilinmiyor,ofis,Embracer,"Embracer mobil/indie etiketi (One Hand Clapping, Sky Force)."
Hangar 13 Brighton,Avrupa,Brighton (BK),—,Hangar 13 içi,Mafia destek,https://hangar13games.com,press@2k.com (basın),AAA destek,Mafia support; Hangar 13 UK; Support for Mafia series; Mafia serisi destek,bilinmiyor,ofis,Take-Two / 2K,Hangar 13 BK uydu.
Happy Crush / not — Snowprint Studios,Avrupa,Stockholm (İsveç),2017,~100-200,Warhammer Tacticus,https://www.snowprintstudios.com,press@snowprintstudios.com (basın),mobil strateji,"Warhammer 40,000: Tacticus; Snowprint live ops; Tacticus seasons; mobile strategy",bilinmiyor,ofis,bağımsız,İsveç mobil strateji.
Hatch Entertainment,Avrupa,Helsinki (Finlandiya),2016,~50-100,bulut oyun / abonelik,https://www.hatch.live,press@hatch.fi (basın),bulut / abonelik,Hatch Cloud Gaming; cloud streaming service; Hatch platform; Nordic cloud gaming,bilinmiyor,ofis,özel,Finlandiya bulut oyun.
Hello Games,Avrupa,Guildford (BK),2008,~50 bandı,No Man's Sky uzun kuyruk,https://hellogames.org,hello@hellogames.org (genel),prosedürel keşif,No Man's Sky; The Last Campfire; Joe Danger,bilinmiyor,ofis,bağımsız,No Man's Sky uzun kuyruk desteği stüdyo itibarını yeniden yazdı.
Homa Games,Avrupa,Paris / Londra,2018,~400+,hypercasual yayın,https://www.homagames.com,press@homagames.com (basın),mobil hypercasual / hybrid,hybridcasual publishing; Save the Dog; Heartbeat Hero; hybridcasual publishing slate; multi-title portfolio,bilinmiyor,hibrit,özel,Avrupa hypercasual yayıncılarından.
Hutch,Avrupa,Londra (BK),2011,~100-200,mobil racing,https://www.hutch.io,bilinmiyor,mobil yarış,F1 Clash; Top Drives; Rebel Racing; Hutch motorsport catalog,bilinmiyor,ofis,bağımsız,Mobil racing/management.
Huuuge Games,Avrupa,Varşova (Polonya),2014,~500+,mobil casino / casual,https://huuuge.com,careers@huuugegames.com (İK); support@huuugegames.com (destek); business@huuugegames.com (iş),mobil casino,Huuuge Casino; Traffic Puzzle; Billionaire Casino; Huuuge social casino,bilinmiyor,ofis,halka açık,Polonya mobil.
Hyperstrange,Avrupa,Polonya,2018,~20-40,indie / yayın destek,https://hyperstrange.com,bilinmiyor,indie; co-dev,Paradise Lost; Observer support; Hyperstrange publishing/dev; Polish indie slate; various indie,bilinmiyor,hibrit,bağımsız,Polonya indie/co-dev.
Iceflake Studios,Avrupa,Tampere (Finlandiya),2007,~30-60,Pacific Drive değil — Surviving the Aftermath,https://iceflake.com,pr@paradoxinteractive.com (basın); support@iceflake.com (destek),strateji / sim,Surviving the Aftermath; Cities in Motion support eras; Iceflake strategy; Paradox studio; Train Sim World not a contribution,bilinmiyor,ofis,Paradox (alım),Finlandiya strateji; Paradox.
Image & Form,Avrupa,Göteborg (İsveç),1997,~30-50,SteamWorld,https://imageform.se,press@imageform.se (basın),indie aksiyon,SteamWorld Dig; SteamWorld Heist; Heist; Build,bilinmiyor,ofis,Thunderful,SteamWorld IP.
Independent Arts Software,Avrupa,Hamm (Almanya),1990,~50-100,port / co-dev,https://www.independentartssoftware.com,press@independent-arts.com (basın),port,AAA ports Germany; Nintendo/Switch co-dev; Independent Arts ports; German work-for-hire; co-dev / ports Germany; very port/co-dev,bilinmiyor,ofis,bağımsız,Alman port.
InnoGames,Avrupa,Hamburg (Almanya),2007,~400+,Modern Times Group,https://www.innogames.com,press@innogames.com (basın),browser / mobil strateji,Forge of Empires; Elvenar; Tribal Wars,evet — staj (Almanya),ofis / hibrit,MTG,Almanya mobil/browser.
IO Interactive,Avrupa,Kopenhag (Danimarka),1998,~300–400,Hitman + Project 007,https://www.ioi.dk,press@ioi.dk (basın),AAA stealth,Hitman World of Assassination; Hitman 3; Kane & Lynch; Hitman WoA,bilinmiyor,ofis,bağımsız (Square Enix çıkışı sonrası),Hitman World of Assassination live-service tek oyunculu hibrit.
Iron Gate Studio,Avrupa,İsveç,2019,~20-40,Valheim,https://irongatestudio.se,press@irongatestudio.se (basın),survival sandbox,Valheim; Mistlands; Ashlands; Ashlands update; Valheim Ashlands; deep north updates,bilinmiyor,küçük,bağımsız,Valheim survival fenomeni; Coffee Stain yayınladı.
ironSource,Ortadoğu,Tel Aviv (İsrail),2010,~1000+,mobil medyasyon / oyun araçları,https://www.is.com,press@ironsrc.com (basın),mobil altyapı / yayın araç,LevelPlay; Aura; Unity ads stack; LevelPlay mediation; Hypercasual publishing tools,bilinmiyor,ofis,Unity (alım 2022),Mobil oyun büyüme altyapısı.
Ironward,Avrupa,Ukrayna / AB,2012,~30-50,Vikings ARPG,https://ironward.com,bilinmiyor,aksiyon-RPG,Vikings: Wolves of Midgard; Ironward ARPG; co-dev action RPGs; THQ Nordic partnership,bilinmiyor,dağıtık,bağımsız,Ukrayna ARPG.
Isomorphic / Zen Studios,Avrupa,Budapeşte (Macaristan),2003,~100–150,pinball / VR,https://www.zenstudios.com,bilinmiyor,pinball / casual,Pinball FX; VR pinball; Zen Pinball,bilinmiyor,ofis,Embracer,Dijital pinball lideri.
Ivory Tower,Avrupa,Lyon (Fransa),2007,~200–300,The Crew,https://www.ivory-tower.fr,press@ubisoft.com (basın),açık dünya yarış,The Crew Motorfest; The Crew 2; The Crew; The Crew series; The Crew serisi,bilinmiyor,ofis,Ubisoft,Lyon racing.
Jagex,Avrupa,Cambridge (BK),2001,~500+,RuneScape,https://www.jagex.com,press@jagex.com (basın),MMORPG,RuneScape; Old School RuneScape; Chronicle: RuneScape Legends; Jagex MMO catalog; Chronicle,bilinmiyor,ofis,özel (CVC),RuneScape / OSRS uzun ömür; İngiltere MMO kurumu.
Jumpship,Avrupa,Londra / Dundee (BK),2018,~30-50,Somerville; Project C,https://jumpship.co.uk,info@jumpship.co.uk (genel); press@jumpship.co.uk (basın); support@jumpship.co.uk (destek),anlatı / sci-fi,Somerville; Jumpship narrative adventure; cinematic indie; Belgian studio debut,bilinmiyor,ofis,bağımsız,Chris Lee (Inside/Limbo art); sci-fi anlatı.
Jutsu Games,Avrupa,Łódź (Polonya),2012,~20-40,This War of Mine DLC destek / yönetici,https://jutsugames.com,bilinmiyor,strateji / yönetim,Not Disaster Report — Anomaly; Not Space Haven — OwnGames: Frostpunk support periods; Management,bilinmiyor,ofis,bağımsız,Polonya yönetim/strateji; This War of Mine ekip ilişkileri.
Kalypso Media,Avrupa,Worms (Almanya),2006,~200+ (grup),yayın / strateji,https://www.kalypsomedia.com,press@kalypsomedia.com (basın),yayın; strateji; sim,Tropico; Railway Empire; Dungeons; Sudden Strike,bilinmiyor,karışık,özel,Alman strateji/sim yayın.
Keen Games,Avrupa,Frankfurt (Almanya),2005,~50-100,Portal Knights; Gothic remake,https://keengames.com,press@keengames.com (basın),aksiyon-RPG,Portal Knights; Gothic 1 Remake; Keen co-op crafting; THQ Nordic partnership,bilinmiyor,ofis,bağımsız,Alman AA/indie.
Keen Software House,Avrupa,Prag (Çekya),2010,~50–100,Space Engineers,https://www.keenswh.com,info@keenswh.com (genel),sandbox / uzay sim,Space Engineers; Medieval Engineers; VRAGE engine; Keen sandbox catalog,bilinmiyor,ofis,bağımsız,VRage motor; voksel sandbox.
Keywords Studios,Avrupa,Dublin (İrlanda),1998,~12000+,hizmet holding,https://www.keywordsstudios.com,info@keywordsstudios.com (genel),QA; lokalizasyon; art,QA; localization; art services; QA / localization / art services; industry services,bilinmiyor,küresel,halka açık (BK),Oyun hizmetleri konsolidatörü.
Kiloo,Avrupa,Aarhus (Danimarka),2000,~100+,Subway Surfers ortak,https://kiloo.com,bilinmiyor,mobil yayın / geliştirme,Subway Surfers (with SYBO); Frisbee Forever; Kiloo publishing; Danish mobile catalog; Subway Surfers (SYBO partner); Subway Surfers (SYBO ortak),bilinmiyor,ofis,özel,SYBO ile Subway Surfers.
King Art Games,Avrupa,Bremen (Almanya),2000,~50-100,The Dwarves; Iron Harvest değil — Expeditions destek?,https://www.kingart-games.com,pr@kingart-games.com (basın),RPG / strateji,The Dwarves; Iron Sky; The Dive,bilinmiyor,ofis,bağımsız,"Alman anlatı/strateji stüdyosu (The Dwarves, Iron Harvest bağları)."
King Barcelona,Avrupa,Barselona (İspanya),—,King içi,casual geliştirme,https://king.com,press@king.com (basın),mobil casual,Candy Crush Saga live-ops; King Barcelona events; Saga match-3; Activision King campus; King casual portfolio; King portfolio,bilinmiyor,ofis,Microsoft / Activision,Candy Crush live-ops için King/Activision Barselona kampüsü.
King London,Avrupa,Londra (BK),—,King içi,Candy Crush operasyon,https://king.com,press@king.com (basın),mobil casual,Candy Crush ecosystem; King live-ops; Candy Crush Saga ecosystem; Candy Crush Saga ekosistemi,bilinmiyor,ofis,Microsoft / Activision,Saga live-ops için King/Activision Londra kampüsü.
King Stockholm,Avrupa,Stockholm (İsveç),2003 (King HQ),King merkezi,Candy Crush,https://king.com,press@king.com (basın),mobil casual,Candy Crush Saga; Farm Heroes Saga; Bubble Witch,bilinmiyor,ofis,Microsoft / Activision,Stockholm'deki King kurucu kampüsü (Candy Crush kökeni).
Kwalee,Avrupa,Leamington Spa (BK),2011,~200+,mobil,https://www.kwalee.com,bilinmiyor,mobil hypercasual,Draw It; Crowd City; hybrid titles,bilinmiyor,ofis,bağımsız,BK mobil.
Kylotonn,Avrupa,Paris (Fransa),2002,~100-150,TT Isle of Man; WRC,https://www.kylotonn.com,press@kylotonn.com (basın),yarış,WRC; TT Isle of Man; WRC periodic,bilinmiyor,ofis,Nacon,Fransiz sim/arcade racing.
Landfall Games,Avrupa,Stockholm (İsveç),2017,~10-30,Totally Accurate Battle Simulator,https://landfall.se,contact@landfall.se (genel),indie fizik / komedi,Totally Accurate Battle Simulator; Content Warning; Clustertruck; TABS,bilinmiyor,küçük,bağımsız,İsveç fizik komedi indie.
Larian Studios,Avrupa,Gent (Belçika) + küresel,1996,~450+,BG3 rekor satışlar,https://larian.com,info@larian.com (genel); press@larian.com (basın); support@larian.com (destek),CRPG,Baldur's Gate 3; Divinity: Original Sin 2; Divinity: Original Sin; Divinity: Dragon Commander,bilinmiyor,"çok ofisli (Gent, Quebec, Kuala Lumpur…)",bağımsız,BG3 sonrası bağımsız amiral gemisi; sistemik derinlikte CRPG.
Lucid Games,Avrupa,Liverpool (BK),2011,~100-150,co-dev,https://www.lucidgames.co.uk,bilinmiyor,co-dev,Destruction AllStars support; sports/co-dev; Lucid Games slate; UK multiplayer support; co-dev / sports support; various projects,bilinmiyor,ofis,bağımsız,Liverpool co-dev.
Mad Head Games,Avrupa,Novi Sad (Sırbistan),2011,~100-200,HOPA / yayın,https://www.madheadgames.com,press@madheadgames.com (basın),hidden object / casual,Hidden Object Bundle; Mystery Case Files support eras; Mad Head HOPA; casual adventure; hidden-object / adventure; very HOPA,bilinmiyor,ofis,bağımsız,Sırbistan casual/HOPA.
Massive Entertainment,Avrupa,Malmö (İsveç),1997,~600+,Avatar; The Division,https://www.massive.se,press@ubisoft.com (basın),AAA canlı hizmet / açık dünya,Avatar: Frontiers of Pandora; The Division 2; The Division; Tom Clancy's The Division,evet — Ubisoft staj kanalları,ofis,Ubisoft,The Division ve Avatar açık dünya; Ubisoft Stockholm merkezi.
Mediatonic,Avrupa,Londra (BK),2005,~200-300,Fall Guys,https://mediatonicgames.com,press@epicgames.com (basın),party,Fall Guys; Fall Guys seasons; Mediatonic party games; Epic Games studio; Amateur Surgeon; Murder by Numbers,bilinmiyor,ofis,Epic Games,Fall Guys; Epic alımı.
Melsoft,Avrupa,Limassol (Kıbrıs),2012,~200+,Family Island,https://melsoft-games.com,press@melsoft-games.com (basın),mobil idle,Family Island; Melsoft merge/farm; live-ops casual; Melsoft catalog; Project Makeover; Merge & Style,bilinmiyor,dağıtık,özel,Idle adventure.
MercurySteam,Avrupa,San Sebastián de los Reyes (İspanya),2002,~150–200,bilinmiyor,https://www.mercurysteam.com,info@mercurysteam.com (genel); press@mercurysteam.com (basın),aksiyon / metroidvania,Metroid Dread; Metroid Samus Returns; Castlevania: Lords of Shadow; Spacelords; Castlevania Lords of Shadow,bilinmiyor,ofis,bağımsız,Nintendo ile Metroid Dread.
Mimimi Games,Avrupa,Münih (Almanya),2011,kapali (2023),Shadow Tactics,https://mimimi.games,press@mimimi.games (basın),taktik stealth,Shadow Tactics; Desperados III; Shadow Gambit,-,-,kapali,Tarihsel Alman taktik.
Miniclip,Avrupa,Neuchâtel / Londra (İsviçre/BK),2001,~700+,Tencent; Masomo alımı,https://www.miniclip.com,press@miniclip.com (basın),mobil / casual / spor,8 Ball Pool; Agar.io publish; Football Strike; Head Ball 2 (Masomo),bilinmiyor,karışık,Tencent,Masomo İzmir ayrı Türkiye listesinde.
Mirage Game Studios,Avrupa,Karlstad (İsveç),2016,~20-40,co-dev,https://miragegamestudios.com,press@miragegamestudios.com (basın),co-dev,Hardspace: Shipbreaker support; THQ Nordic co-dev; Mirage slate; Swedish support studio; hardspace shipbreaker support; various THQ Nordic,bilinmiyor,ofis,Embracer,İsveç co-dev.
Moon Active,Ortadoğu,Tel Aviv (İsrail),2011,~800+,Coin Master milyarlarca $,https://www.moonactive.com,press@moonactive.com (basın),mobil casual / social,Coin Master; Coin Master Village; Spyke partnership; Coin Master events; Spyke partnership titles,bilinmiyor,ofis / hibrit,özel,Coin Master live-ops uzmanı; Spyke Games TR yatırımı ayrı listelenir.
Moon Studios,Avrupa,Viyana (Avusturya),2010,~50-80,Ori,https://moongamestudios.com,press@moongamestudios.com (basın),metroidvania / ARPG,Ori and the Will of the Wisps; Ori and the Blind Forest; No Rest for the Wicked,bilinmiyor,ofis,bağımsız,Avusturya metroidvania.
Motion Twin,Avrupa,Bordeaux (Fransa),2001,~10–20,Dead Cells,https://motion-twin.com,contact@motion-twin.com (genel),roguelite / aksiyon,Dead Cells; Dead Cells DLC; Motion Twin earlier browser games; Motion Twin catalog; Die2Nite; Motion Twin browser legacy,bilinmiyor,küçük ofis,işçi kooperatifi,Kooperatif sahiplik modeli; hit indie.
Movie Games,Avrupa,Varşova (Polonya),2016,~50-100,yayın / geliştirme,https://movie.games,press@moviegames.pl (basın),yayın; AA,The Medium publishing partnerships; Polish AA slate; Movie Games catalog; Warsaw publishing; Polish publishing / development slate; various Poland AA/indie,bilinmiyor,ofis,halka açık (Polonya),Polonya yayın grubu.
Nacon,Avrupa,Lesquin / Paris (Fransa),2019 (Bigben mirası),~1000+ (grup),yayın + donanım,https://www.nacongaming.com,press@nacongaming.com (basın),yayın; AA; çevre birimi,Test Drive Unlimited Solar Crown; RoboCop: Rogue City; Vampire; RoboCop; Session; various AA,bilinmiyor,karışık,halka açık (Fransa),Fransa yayın/donanım grubu.
NaturalMotion,Avrupa,Oxford / Londra (BK),2001,~200-300,CSR Racing,https://www.naturalmotion.com,press@zynga.com (basın),mobil,CSR Racing; Star Wars: Galaxy of Heroes (collab); Dawn of Titans,bilinmiyor,ofis,Zynga / Take-Two,Euphoria + mobil.
NeocoreGames,Avrupa,Budapeşte (Macaristan),2005,~100+,bilinmiyor,https://www.neocoregames.com,info@neocoregames.com (genel),aksiyon-RPG,Warhammer: Chaosbane; King Arthur series; Warhammer: Inquisitor; King Arthur,bilinmiyor,ofis,bağımsız,Macar AA/ARPG.
Neon Giant,Avrupa,Upsala / Stockholm (İsveç),2018,~20-40,The Ascent,https://www.neongiant.se,bilinmiyor,aksiyon RPG / cyberpunk,The Ascent; cyberpunk ARPG; Neon Giant debut; Curve/PLAION partnership,bilinmiyor,ofis,bağımsız (Curve yayın),İsveç isometric cyberpunk.
Next Games,Avrupa,Helsinki (Finlandiya),2013,~100-150,lisansli mobil,https://www.nextgames.com,press@nextgames.com (basın),mobil lisans,The Walking Dead: No Man's Land; The Walking Dead games; The Walking Dead oyunlari,bilinmiyor,ofis,Netflix,Netflix Finlandiya.
Nexters,Avrupa,Limassol (Kıbrıs),2010,~500+,Hero Wars,https://nexters.com,press@nexters.com (basın),mobil idle RPG,Hero Wars; Throne Rush; Chained Echoes publishing partnerships; Nexters midcore; Throne: Kingdom at War; Island Experiment; Throne Kingdom at War,bilinmiyor,dağıtık,özel,Mobil idle hasılat.
Nifflas,Avrupa,İsveç,—,küçük / solo,Knytt,https://nifflas.ni,bilinmiyor,indie platform,Knytt Underground; NightSky; Within a Deep Forest; Nifflas atmospheric platformers,bilinmiyor,solo,bağımsız,İsveç solo indie.
Nitro Games,Avrupa,Kotka (Finlandiya),2007,~50-100,hizmet / midcore,https://www.nitrogames.com,info@nitrogames.com (genel); support@nitrogames.com (destek),hizmet,Lords and Villeins co-dev; Nitro midcore; service/dev hybrids; Finnish mobile/PC; various midcore,bilinmiyor,ofis,halka açık,Finlandiya oyun hizmet.
No Code,Avrupa,Glasgow (İskoçya),2015,~20-40,Still Wakes the Deep,https://www.nocode.games,press@nocode.games (basın),indie anlatı,Stories Untold; Observation; Still Wakes the Deep,bilinmiyor,ofis,bağımsız,İskoç anlatı horror.
Nordeus,Avrupa,Belgrad (Sırbistan),2010,~200-400,Top Eleven,https://nordeus.com,pr@nordeus.com (basın),mobil spor yönetimi,Top Eleven; Goalapp; Nordeus football live ops; Serbian mobile sports; Goalpost; Top Eleven esports,bilinmiyor,ofis,Take-Two (alım),Belgrad spor yönetimi hit.
Novarama,Avrupa,Barselona (İspanya),2003,~50–100,bilinmiyor,https://www.novarama.com,press@novarama.com (basın),aksiyon / çok oyunculu,Invizimals; The Unliving; Star Trek: Resurgence support; Novarama AR/action,bilinmiyor,ofis,bağımsız,Barselona stüdyosu.
One More Level,Avrupa,Katowice (Polonya),2014,~50-100,Ghostrunner,https://www.onemorelevel.com,press@onemorelevel.com (basın),aksiyon / cyberpunk,Ghostrunner; Ghostrunner 2; God's Trigger; One More Level cyberpunk action; Ruin Rush,bilinmiyor,ofis,bağımsız,Polonya cyberpunk aksiyon.
Other Tales Interactive,Avrupa,İsveç,2017,küçük,indie anlatı,https://www.othertalesinteractive.com,hello@othertales.com (genel),indie anlatı,The Journey Down; The Journey Down: Chapter Three; Other Tales adventure; Norwegian point-and-click,bilinmiyor,küçük,bağımsız,İsveç anlatı.
Outfit7,Avrupa,Ljubljana (Slovenya),2009,~700+,Talking Tom ekosistemi,https://outfit7.com,press@outfit7.com (basın),mobil çocuk / casual,My Talking Tom; My Talking Angela; Talking Tom Gold Run; Talking Angela,bilinmiyor,karışık,Zhejiang Jinke / Çin ilişkisi,Karakter IP mobil.
Owlcat Games,Avrupa,Lefkoşa (Kıbrıs) / Moskova kök,2016,~150–200,Pathfinder CRPG,https://owlcat.games,press@owlcat.games (basın),CRPG,Pathfinder: Wrath of the Righteous; Rogue Trader; Kingmaker; Pathfinder WotR; Warhammer 40K CRPG,bilinmiyor,dağıtık,bağımsız,CRPG rönesansı aktörü.
Paintbucket Games,Avrupa,Berlin (Almanya),2016,küçük,Through the Darkest of Times,https://www.paintbucket.de,hello@paintbucket.games (genel),strateji / anlatı,Through the Darkest of Times; The Darkest Files; Paintbucket historical narrative; German indie,bilinmiyor,küçük,bağımsız,Berlin tarihsel anlatı.
Paradox Development Studio,Avrupa,Stockholm (İsveç),1995,~100-150,grand strategy,https://www.paradoxinteractive.com,pr@paradoxinteractive.com (basın),grand strategy,Crusader Kings III; Europa Universalis IV; Hearts of Iron IV; Stellaris; CK; EU; HoI,bilinmiyor,ofis,Paradox Interactive,Paradox ana strateji stüdyosu.
Paradox Interactive,Avrupa,Stockholm (İsveç),1999,~700+,grand strategy + yayın,https://www.paradoxinteractive.com,pr@paradoxinteractive.com (basın),strateji; yayın,CK3; EU4; HOI4; Stellaris; Cities Skylines II; Crusader Kings III; Europa Universalis IV; Hearts of Iron IV,bilinmiyor,ofis / hibrit,halka açık (İsveç),Grand strategy niş lideri + partner yayın ağı.
Pendulo Studios,Avrupa,Madrid (İspanya),1993,~50–80,macera,https://www.pendulo.com,press@pendulo.com (basın),point-and-click,Runaway: A Road Adventure; Yesterday; Yesterday Origins; New York Crimes; Runaway,bilinmiyor,ofis,bağımsız,İspanyol macera geleneği.
People Can Fly,Avrupa,Varşova (Polonya),2002,~300+,bilinmiyor,https://peoplecanfly.com,press@peoplecanfly.com (basın),AAA shooter,Outriders; Bulletstorm; Gears of War: Judgment; Bulletstorm (historical); Bulletstorm (tarihsel),bilinmiyor,ofis,halka açık (Polonya),FPS uzmanı.
People Can Fly Newcastle,Avrupa,Newcastle (BK),2020,~50-100,AAA shooter destek,https://peoplecanfly.com,press@peoplecanfly.com (basın),AAA destek,Outriders support; Bulletstorm lineage support; PCF UK; Newcastle multiplayer; PCF UK contribution; PCF portfolio support,bilinmiyor,ofis,People Can Fly,Outriders dönemi multiplayer için PCF İngiltere uydusu.
Pieces Interactive,Avrupa,Skövde (İsveç),2007,~30-60,co-dev,https://www.piecesinteractive.se,press@piecesinteractive.se (basın),co-dev,Magicka support; Embracer studio; various projects,bilinmiyor,ofis,Embracer,İsveç co-dev.
Piranha Bytes,Avrupa,Essen (Almanya),1997,kapali (2024),Gothic; Elex,https://www.piranha-bytes.com,bilinmiyor,aksiyon-RPG,Gothic; Risen; Elex,-,-,kapali (THQ Nordic),Tarihsel Alman RPG.
Pixel Crow,Avrupa,Varşova (Polonya),2016,~20-40,We. The Revolution,https://pixelcrow.com,bilinmiyor,anlatı / strateji,We. The Revolution; House of Remembrance; Pixel Crow narrative strategy; Polish indie,bilinmiyor,ofis,bağımsız,Polonya anlatı strateji.
Plaion (Koch Media),Avrupa,Planegg (Almanya),1994,binlerce (grup),Embracer yayın kolu,https://www.plaion.com,press@plaion.com (basın),yayın; dağıtım,Dead Island 2 (Deep Silver); Saints Row; Kerbal Space Program; Metro Exodus; Deep Silver / Ravenscourt labels; Deep Silver / Ravenscourt etiketleri,bilinmiyor,karışık,Embracer,Avrupa yayın/dağıtım.
Playdead,Avrupa,Kopenhag (Danimarka),2006,~50-80,Limbo; Inside,https://playdead.com,press@playdead.com (basın),indie puzzle-platform,Limbo; Inside; Playdead unannounced; Danish cinematic platformers; upcoming title,bilinmiyor,ofis,bağımsız,Minimalist anlatı ikonu.
Playrion Game Studio,Latin Amerika,Paris (Fransa),2010,~30-60,Airlines Manager; Train Manager,https://www.playrion.com,bilinmiyor,mobil sim yönetim,Airlines Manager; Airlines Manager Tycoon; Playrion management sims; French mobile tycoon,bilinmiyor,ofis,bağımsız,Fransız yönetim sim.
Playrix,Avrupa,Dublin (İrlanda; kök Doğu Avrupa),2004,~3000+,mobil puzzle gelir zirveleri,https://www.playrix.com,press@playrix.com (basın),mobil puzzle / match,Homescapes; Gardenscapes; Township; Fishdom; Manor Matters,bilinmiyor,dağıtık,özel,En yüksek hasılatlı mobil puzzle/metagame portföyü.
Playtonic Games,Avrupa,Leicestershire (BK),2014,~50-80,Yooka-Laylee,https://www.playtonicgames.com,press@playtonicgames.com (basın),3D platform,Yooka-Laylee; Yooka-Laylee and the Impossible Lair; Playtonic platformers; Rare alumni,bilinmiyor,ofis,bağımsız,Rare veteranları.
Product Madness,Avrupa,Londra (BK),2012,~500+,social casino,https://www.productmadness.com,bilinmiyor,mobil casino,Lightning Link; Heart of Vegas; Big Fish Casino; Product Madness slots,bilinmiyor,ofis,Aristocrat,Social casino.
QLOC,Avrupa,Varşova (Polonya),2009,~200-400,port / QA / lok.,https://qloc.com,bilinmiyor,port; QA; lokalizasyon,Dying Light ports; AAA PC/console ports; AAA porting; multiple AAA port/QA,bilinmiyor,ofis,bağımsız,Polonya port/QA.
Quantic Dream,Avrupa,Paris (Fransa),1997,~200–300,NetEase yatırımı,https://www.quanticdream.com,press@quanticdream.com (basın),sinematik macera,Detroit: Become Human; Heavy Rain; Beyond: Two Souls,bilinmiyor,ofis,NetEase azınlık/yatırım,Sinematik etkileşimli drama; Detroit ve Heavy Rain soyu.
Realmforge Studios,Avrupa,Münih (Almanya),2008,~30-60,Dungeons; Dungeons 3/4,https://www.realmforge.de,bilinmiyor,strateji / dungeon,Dungeons; Dungeons 2; Dungeons 3; Dungeons 4; Dungeons series; Dungeons serisi,bilinmiyor,ofis,Kalypso,Alman dungeon-keeper-like.
Rebellion Developments,Avrupa,Oxford (BK),1992,~400+,Sniper Elite; 2000 AD IP,https://rebellion.com,press@rebellion.co.uk (basın),AAA/AA shooter,Sniper Elite 5; Zombie Army; Strange Brigade; Sniper Elite,bilinmiyor,ofis,bağımsız,Sniper Elite ve sahip olunan klasik IP (2000 AD yakını).
Rebellion North,Avrupa,Liverpool bölgesi (BK),—,Rebellion içi,destek,https://rebellion.com,press@rebellion.co.uk (basın),AAA destek,Sniper Elite support; Zombie Army support; Rebellion multiplayer; UK satellite; Sniper Elite destek,bilinmiyor,ofis,Rebellion,Rebellion kuzey kampüsü.
RedLynx,Avrupa,Helsinki (Finlandiya),2000,~100–150,Trials,https://www.redlynx.com,press@redlynx.com (basın),arcade yarış / aksiyon,Trials Rising; Trials Fusion; Trials HD; Mario + Rabbids support (Ubisoft); Trials series; Trials serisi,bilinmiyor,ofis,Ubisoft,Finlandiya Ubisoft stüdyosu.
Remedy Entertainment,Avrupa,Espoo (Finlandiya),1995,~400+,Control / Alan Wake; halka açık,https://www.remedygames.com,press@remedygames.com (basın),AAA aksiyon-macera,Alan Wake 2; Control; Max Payne; Quantum Break; Alan Wake Remastered; Alan Wake; Max Payne (historical); Max Payne (tarihsel),bilinmiyor,ofis,halka açık (Finlandiya),Anlatı aksiyon-macera; Alan Wake ve Control bağlantılı evren.
Resolution Games,Avrupa,Stockholm (İsveç),2015,~100-150,VR multiplayer,https://www.resolutiongames.com,press@resolutiongames.com (basın),VR,Demeo; Cook-Out; Angry Birds VR; Disc Golf; various VR,bilinmiyor,ofis,bağımsız,İsveç VR.
Rocksteady Studios,Avrupa,Londra (BK),2004,~200–250,bilinmiyor (WB),https://www.rocksteadyltd.com,press@warnerbros.com (basın),AAA aksiyon,Arkham Knight; Arkham City; Suicide Squad; Batman: Arkham Knight; Arkham Asylum; Batman: Arkham,bilinmiyor,ofis,Warner Bros. Games,Arkham üçlemesi Batman'i tanımladı; Suicide Squad devamı.
Roll7,Avrupa,Londra (BK),2008,~30-60,OlliOlli,https://www.roll7.co.uk,press@roll7.co.uk (basın),indie spor,OlliOlli World; OlliOlli; Laser League; Roll7 skate/arcade,bilinmiyor,ofis,Take-Two / Private Division,Kaykay indie.
Room 8 Studio,Avrupa,Kyiv / Lefkoşa / küresel,2011,~1000+,art / co-dev,https://www.room8studio.com,hello@room8studio.com (genel),hizmet; art,art; full-cycle co-dev; art / full-cycle co-dev; multiple AAA art/co-dev,bilinmiyor,dağıtık,özel,Ukrayna kök hizmet.
Rovio Entertainment,Avrupa,Espoo (Finlandiya),2003,~500 bandı,Sega alımı (2023),https://www.rovio.com,press@rovio.com (basın),mobil / IP,Angry Birds 2; Angry Birds Journey; Angry Birds Friends; Angry Birds,bilinmiyor,hibrit,Sega,Angry Birds IP; Sega grubu.
Saber Interactive,Kuzey Amerika,Fort Lauderdale kök; stüdyolar AB/ABD,2001,~1000+ (grup dönemsel),port + IP; Embracer sadeleşme,https://www.saber3d.com,press@saber.games (basın),AAA hizmet / shooter,World War Z; Space Marine 2 (collab); Halo MCC PC; Space Marine 2 (co-op); Space Marine 2 (ortak),bilinmiyor,çok ofisli,Beacon Interactive (Embracer çıkışı sonrası),Büyük hizmet ağı; sahiplik 2024+ değişti.
Sandfall Interactive,Avrupa,Montpellier (Fransa),2020,~30-50,Clair Obscur: Expedition 33,https://www.sandfall-interactive.com,bilinmiyor,JRPG-benzeri / anlatı,Clair Obscur: Expedition 33; Sandfall debut RPG; French turn-based; Kepler partnership,bilinmiyor,ofis,bağımsız (Kepler Interactive yayın),İlk oyunu Clair Obscur: Expedition 33 küresel turn-based hit oldu.
SayGames,Avrupa,Limassol (Kıbrıs),2017,~200+,hypercasual yayın,https://say.games,bilinmiyor,mobil hypercasual,Save the Dog; Count Masters; SayGames hypercasual; multi-title publishing; hypercasual publishing; multi-title,bilinmiyor,dağıtık,özel,Hypercasual yayıncı.
Sega Hardlight,Avrupa,Royal Tunbridge Wells (BK),2012,~50-100,Sonic mobil,https://www.sega.co.uk,press@sega.com (basın),mobil,Sonic Dash; Sonic Forces: Speed Battle; Sonic Forces Mobile,bilinmiyor,ofis,Sega,SEGA mobil stüdyosu (Sonic Dash / Sonic Forces mobile).
Sharkmob,Avrupa,Malmö (İsveç) / Londra,2017,~200-300,Bloodhunt,https://www.sharkmob.com,bilinmiyor,live service,Vampire: The Masquerade – Bloodhunt; Exoborne; Sharkmob multiplayer; Tencent-backed; Bloodhunt; First Class Trouble,bilinmiyor,çok ofisli,Tencent,İsveç/BK live service.
Shiro Games,Avrupa,Bordeaux (Fransa),2012,~50-80,Northgard; Wartales,https://www.shirogames.com,press@shirogames.com (basın),strateji / RPG,Northgard; Wartales; Evoland,bilinmiyor,ofis,bağımsız,Bordeaux strateji.
SIDE,Avrupa,Londra (BK),2000,~1000+,ses / performans,https://side.global,bilinmiyor,ses; mocap,voice casting; audio localization; voice / audio localization; AAA audio/perf; AAA ses/perf,bilinmiyor,küresel,özel,Ses ve performans yakalama.
SIE London Studio,Avrupa,Londra (BK),2002,~100-200,VR / SingStar tarihsel,https://www.playstation.com,press@playstation.com (basın),VR / first-party,SingStar; PlayLink; London VR; PlayStation VR worlds,bilinmiyor,ofis,Sony / PlayStation Studios,PlayStation Londra (London Studio).
Slightly Mad Studios,Avrupa,Londra (BK),2009,~100-150,Project CARS,https://www.slightlymadstudios.com,press@slightlymadstudios.com (basın),yarış sim,Project CARS; Project CARS series; Project CARS serisi,bilinmiyor,ofis,EA / Codemasters,Sim racing.
Slipgate Ironworks,Avrupa,Aalborg (Danimarka),2017,~20-40,WRATH; Bombshell,https://slipgateironworks.com,bilinmiyor,FPS / yayın,Bombshell; Rise of the Triad; WRATH: Aeon of Ruin,bilinmiyor,ofis,3D Realms / Embracer ilişkili,Danimarka FPS/yayın.
Sloclap,Avrupa,Paris (Fransa),2015,~50-80,Sifu; Absolver,https://www.sloclap.com,press@sloclap.com (basın),dövüş / aksiyon,Sifu; Absolver; Sloclap brawlers; Paris studio catalog; The Architect: Paris,bilinmiyor,ofis,bağımsız,Paris dövüş aksiyon.
Small Giant Games,Avrupa,Helsinki (Finlandiya),2013,~100-200,Empires & Puzzles,https://www.smallgiantgames.com,press@smallgiantgames.com (basın),mobil match-RPG,Empires & Puzzles; Small Giant puzzle RPG; Zynga acquisition era; Helsinki mobile; Spooky Puzzles,bilinmiyor,ofis,Zynga / Take-Two,Finlandiya mobil; Zynga alımı.
Snowprint Studios,Avrupa,Stockholm (İsveç),2017,~100-200,Tacticus,https://www.snowprintstudios.com,press@snowprintstudios.com (basın),mobil strateji,"Warhammer 40,000: Tacticus; Snowprint live ops; Tacticus campaigns; mobile strategy; Relic of Life",bilinmiyor,ofis,bağımsız,İsveç mobil strateji.
Socialpoint,Avrupa,Barselona (İspanya),2008,~300+,mobil social,https://www.socialpoint.es,press@socialpoint.es (basın),mobil casual / social,Dragon City; Monster Legends; Socialpoint creature collectors; Zynga Barcelona; Word Life,bilinmiyor,ofis,Take-Two / Zynga,Barselona mobil.
Softgames,Avrupa,Berlin (Almanya),2009,~100-200,HTML5 / casual,https://www.softgames.de,bilinmiyor,mobil / HTML5,HTML5 Jewel Academy; Softgames casual catalog; browser/mobile puzzle; Berlin HTML5; HTML5 casual portfolio; very casual title,bilinmiyor,ofis,özel,Berlin casual yayın.
Southend Interactive,Avrupa,Malmö (İsveç),1998,~50-100,co-dev,https://www.southendinteractive.com,bilinmiyor,co-dev,Kinect Star Wars contribution; various XR/co-dev; Southend services; Swedish co-dev,bilinmiyor,ofis,bağımsız,İsveç co-dev.
Space Ape Games,Avrupa,Londra (BK),2012,~100-150,mobil strateji,https://www.spaceapegames.com,bilinmiyor,mobil strateji,Transformers: Earth Wars; Rival Stars Horse Racing; Fast & Furious: Legacy; Space Ape midcore,bilinmiyor,ofis,bağımsız,Londra live-ops mobil.
Spiders,Avrupa,Paris (Fransa),2008,~100–150,bilinmiyor (Nacon),https://www.spiders-games.com,contact@spiders-games.com (genel),aksiyon-RPG,GreedFall; Bound by Flame; Steelrising,bilinmiyor,ofis,Nacon,Fransız AA RPG.
Sports Interactive,Avrupa,Londra (BK),1994,~200+,Football Manager yıllık,https://www.footballmanager.com,press@sega.com (basın),spor yönetim sim,Football Manager 2025; FM 2024; Football Manager 2024; FM Touch; Football Manager,bilinmiyor,ofis,Sega,Sega altında Football Manager simülasyon kurumu.
Star Vault,Avrupa,İsveç,2010,~20-40,Mortal Online,https://www.starvault.se,bilinmiyor,sandbox MMO,Mortal Online; Mortal Online 2; Star Vault sandbox MMOs; Swedish full-loot MMO,bilinmiyor,ofis,bağımsız,İsveç sandbox MMO.
Starbreeze Studios,Avrupa,Stockholm (İsveç),1998,~200+,PAYDAY,https://www.starbreeze.com,press@starbreeze.com (basın),co-op FPS,PAYDAY 2; PAYDAY 3; Brothers: A Tale of Two Sons (pub era); Starbreeze FPS; Brothers: A Tale of Two Sons (hist.),bilinmiyor,ofis,halka açık (İsveç),Co-op heist.
Starward Industries,Avrupa,Kraków (Polonya),2019,~50-80,The Invincible,https://starward.eu,press@starwardindustries.com (basın),anlatı sci-fi,The Invincible; Starward narrative sci-fi; Polish adaptation games,bilinmiyor,ofis,bağımsız,Lem uyarlaması.
Stillfront Group,Avrupa,Stockholm (İsveç),2010,~1300+,holding gelirleri,https://www.stillfront.com,press@stillfront.com (basın),mobil/strategy holding,BitArena; CW portfolio; mobile strategy group; mobile strategy group portfolio; multi-studio portfolio,bilinmiyor,karışık,halka açık (İsveç),Çoklu stüdyo mobil holding.
Studio Fizbin,Avrupa,Ludwigshafen (Almanya),2011,küçük,indie anlatı,https://www.studio-fizbin.com,bilinmiyor,indie anlatı,The Inner World; The Inner World 2; Fizbin point-and-click; German adventure,bilinmiyor,küçük,bağımsız,Alman anlatı.
Stunlock Studios,Avrupa,Skövde (İsveç),2010,~50-100,V Rising; Battlerite,https://www.stunlockstudios.com,press@stunlockstudios.com (basın),aksiyon / survival,V Rising; Battlerite; Bloodline Champions; Stunlock multiplayer; Battlerite Royale,bilinmiyor,ofis,bağımsız (Tencent azınlık geçmişi),İsveç aksiyon/survival.
Sulake,Avrupa,Helsinki (Finlandiya),2000,~100-200,Habbo,https://www.sulake.com,contact@sulake.com (genel); careers@sulake.com (İK); press@sulake.com (basın),sosyal sanal dünya,Habbo; Habbo Origins; Sulake virtual world; Finnish social platform,bilinmiyor,ofis,Azerion,Erken sosyal sanal dünya.
Supercell,Avrupa,Helsinki (Finlandiya),2010,~400+,Clash / Brawl canlı hizmet; Tencent,https://supercell.com,press@supercell.com (basın),mobil strateji / live ops,Clash of Clans; Clash Royale; Brawl Stars; Hay Day; Squad Busters; Boom Beach; Mo.Co,bilinmiyor,ofis (hücre kültürü),Tencent çoğunluk,"Hücre modeli: az oyun, yüksek kalite, büyük live-ops ölçeği."
SUPERHOT Team,Avrupa,Varşova / Łódź (Polonya),2013,~20-40,SUPERHOT,https://superhotgame.com,press@superhotgame.com (basın),FPS / indie,SUPERHOT; SUPERHOT VR; Mind Control Delete,bilinmiyor,küçük,bağımsız,Zaman mekanikli FPS.
SuperPlay,Ortadoğu,Tel Aviv (İsrail),2019,~100-200,Dice Dreams,https://www.superplay.co,bilinmiyor,mobil casual,Dice Dreams!; SuperPlay board-casual; Israeli mobile live ops; dice merge; Dice Dreams; Domino Dreams; merge-casino hybrids,bilinmiyor,ofis,özel,İsrail casual.
SYBO,Avrupa,Kopenhag (Danimarka),2010,~100–150,Subway Surfers MAU,https://sybogames.com,bilinmiyor,mobil endless runner,Subway Surfers; Blade Ball partnership eras; SYBO endless runners; Copenhagen mobile; Blades of Brim; Subway Surfers City,bilinmiyor,ofis,bağımsız,Dünyanın en çok indirilen runner'larından.
Systemic Reaction,Avrupa,Stockholm (İsveç),—,Avalanche içi,theHunter,https://avalanchestudios.com,press@avalanchestudios.se (basın),online / hunting,theHunter: Call of the Wild; theHunter: Classic; Second Extinction; Avalanche Systemic,bilinmiyor,ofis,Avalanche,Avalanche online stüdyo etiketi.
Tarsier Studios,Avrupa,Malmö (İsveç),2004,~50-80,Little Nightmares,https://tarsier.se,press@tarsier.se (basın),korku / platform,Little Nightmares; Statik; Little Nightmares series; Little Nightmares serisi,bilinmiyor,ofis,Embracer,Little Nightmares.
Tate Multimedia,Avrupa,Varşova (Polonya),2000,~50-100,Urban Trial,https://tate.pl,press@tatem.eu (basın),yayın; yarış,Urban Trial; Chicken Police; Urban Trial series; Urban Trial serisi,bilinmiyor,ofis,bağımsız,Polonya yayın/geliştirme.
Team17,Avrupa,Wakefield (BK),1990,~300+,Worms + indie yayın,https://www.team17.com,press@team17.com (basın),yayın; indie-AA,Overcooked!; Worms; Dredge; Hell Let Loose (publish); Overcooked (publishing history); Hell Let Loose,bilinmiyor,hibrit,halka açık (BK),Worms mirası + Overcooked/Dredge yayın başarısı.
Team17 Digital,Avrupa,Wakefield (BK),2018 (marka),Team17 grubu,yayın + geliştirme,https://www.team17.com,press@team17.com (basın),yayın; geliştirme,Overcooked!; Worms; Dredge; Hell Let Loose (publish); Overcooked publication; Hell Let Loose,bilinmiyor,ofis,Team17,Team17 dijital/yayın kolu.
Techland,Avrupa,Wrocław (Polonya),1991,~500+,Dying Light serisi,https://www.techland.net,press@techland.pl (basın),AAA aksiyon / zombie,Dying Light 2; Dying Light; Dying Light: The Beast; The Beast; Call of Juarez,bilinmiyor,ofis,özel,Polonya açık dünya aksiyonu; Dying Light franchise çekirdeği.
Techland Warsaw,Avrupa,Varşova (Polonya),—,Techland içi,Dying Light destek,https://www.techland.net,press@techland.pl (basın),AAA destek,Dying Light; Dying Light 2 Stay Human; Dead Island (legacy); Techland parkour zombie,bilinmiyor,ofis,Techland,Techland Varşova.
Tequila Works,Avrupa,Madrid (İspanya),2009,~50–100,bilinmiyor,https://tequilaworks.com,press@tequilaworks.com (basın),aksiyon-macera,RiME; Deadlight; Song of Nunu,bilinmiyor,ofis,bağımsız,İspanyol AA/indie.
The Astronauts,Avrupa,Varşova (Polonya),2012,~50–80,bilinmiyor,https://www.theastronauts.com,press@theastronauts.com (basın),FPS / anlatı,Witchfire; The Vanishing of Ethan Carter; The Astronauts immersive sims; Polish FPS/RPG; Witchfire playtests,bilinmiyor,ofis,bağımsız,Ethan Carter + Witchfire.
The Chinese Room,Avrupa,Brighton (BK),2007,~30-50,Dear Esther,https://www.thechineseroom.co.uk,press@thechineseroom.co.uk (basın),walking sim,Dear Esther; Everybody's Gone to the Rapture; Still Wakes the Deep; Little Orpheus,bilinmiyor,ofis,Sumo / Tencent,Walking sim öncüsü.
The Game Kitchen,Avrupa,Sevilla (İspanya),2010,~20-40,Blasphemous,https://thegamekitchen.com,info@thegamekitchen.com (genel); press@thegamekitchen.com (basın),metroidvania,Blasphemous; Blasphemous II; The Last Door; The Game Kitchen metroidvania,bilinmiyor,ofis,bağımsız,İspanyol metroidvania hit.
THQ Nordic,Avrupa,Viyana (Avusturya),2011,Embracer içinde,bilinmiyor,https://www.thqnordic.com,press@thqnordic.com (basın),yayın; AA,Darksiders; Destroy All Humans; Desperados III; SpongeBob; Darksiders Genesis; SpongeBob Cosmic Shake; Kingdoms of Amalur,bilinmiyor,karışık,Embracer,Embracer içinde klasik IP revival etiketi.
Thunderful Games,Avrupa,Göteborg (İsveç),—,Thunderful içi,geliştirme,https://thunderfulgroup.com,press@thunderfulgroup.com (basın),geliştirme,SteamWorld; Lost in Random; various TFG,bilinmiyor,ofis,Thunderful Group,Thunderful geliştirme kolu.
Thunderful Group,Avrupa,Göteborg (İsveç),2019,~500+,holding,https://thunderfulgroup.com,press@thunderfulgroup.com (basın),holding; indie-AA,Nordic games group / publishing; SteamWorld ecosystem; SteamWorld ekosistemi,bilinmiyor,karışık,halka açık (İsveç),İsveç oyun grubu.
Toadman Interactive,Avrupa,Stockholm (İsveç),2013,~50-100,hizmet,https://www.toadmaninteractive.com,bilinmiyor,hizmet,GTFO co-dev/support; Toadman services; Swedish co-dev; multiplayer support,bilinmiyor,ofis,özel,İsveç hizmet.
Traplight,Avrupa,Tampere (Finlandiya),2011,~50-100,mobil,https://traplightgames.com,contact@traplightgames.com (genel); jobs@traplightgames.com (İK),mobil aksiyon,Puzzle & Survival; Puzzle Breakers; Traplight midcore; Finnish puzzle RPG,bilinmiyor,ofis,bağımsız,Finlandiya mobil.
Travian Games,Avrupa,Münih (Almanya),2005,~100-200,Travian,https://www.traviangames.com,bilinmiyor,browser strateji,Travian; Travian Kingdoms; Travian Legends; Travian browser strategy,bilinmiyor,ofis,özel,Klasik browser strateji.
Triumph Studios,Avrupa,Delft (Hollanda),1997,~30-60,Age of Wonders,https://www.triumphstudios.com,pr@paradoxinteractive.com (basın),strateji / 4X,Age of Wonders series; Overlord; Age of Wonders serisi,bilinmiyor,ofis,Paradox (alım),Hollanda 4X; Paradox.
Two Desperados,Avrupa,Novi Sad (Sırbistan),2014,~50-100,ShadowFight değil — Crystalix / midcore,https://twodesperados.com,press@twodesperados.com (basın),mobil midcore,Scarlet Hood and the Wicked Wood; Two Desperados adventure; Serbian indie; midcore slate; Scarlet Hood; various midcore,bilinmiyor,ofis,bağımsız,Sırbistan mobil.
Ubisoft,Avrupa,Saint-Mandé / Paris (Fransa),1986,~18000+,yıllık birkaç milyar $ bandı,https://www.ubisoft.com,press@ubisoft.com (basın),AAA yayın; açık dünya,Assassin's Creed; Far Cry; Rainbow Six; Mario+Rabbids; Assassin's Creed Valhalla; Far Cry 6; Rainbow Six Siege; Mario + Rabbids Sparks of Hope,evet — staj (Fransa/Kanada yaygın),hibrit / ofis,halka açık (UBI); Guillemot ailesi,Açık dünya ve live-service uzmanı; yoğun küresel stüdyo ağı.
Ubisoft Annecy,Avrupa,Annecy (Fransa),1996,~200-300,multiplayer / destek,https://www.ubisoft.com,press@ubisoft.com (basın),çok oyunculu,Assassin's Creed multiplayer systems; Assassin's Creed multiplayer historical; Assassin's Creed multiplayer tarihsel,bilinmiyor,ofis,Ubisoft,Ubisoft Annecy multiplayer/online uzman kampüsü.
Ubisoft Barcelona,Avrupa,Barselona (İspanya),1998,~300-400,mobil + destek,https://www.ubisoft.com,press@ubisoft.com (basın),mobil / destek,Might & Magic; Heroes legacy mobile; Ubisoft Barcelona live-ops; Spain Ubisoft support; Ubisoft mobile/support; various Ubisoft mobile/support,bilinmiyor,ofis,Ubisoft,Mobil ve live destek odaklı Ubisoft İspanya stüdyosu.
Ubisoft Berlin,Avrupa,Berlin (Almanya),2018,~100-200,AAA / yeni kampüs,https://www.ubisoft.com,press@ubisoft.com (basın),AAA,For Honor support; Rainbow Six support eras; Ubisoft Berlin; Germany live-ops; Ubisoft Germany support; various projects / support,bilinmiyor,ofis,Ubisoft,Live-service unvanlar için Ubisoft Almanya destek kampüsü.
Ubisoft Blue Byte,Avrupa,Düsseldorf / Mainz (Almanya),1988,~400+,Anno; The Settlers,https://www.bluebyte.com,press@ubisoft.com (basın),strateji / sim,Anno 1800; The Settlers; Anno 117; Anno,bilinmiyor,ofis,Ubisoft,"Alman Ubisoft strateji stüdyosu (The Settlers, Anno desteği)."
Ubisoft Bordeaux,Avrupa,Bordeaux (Fransa),2017,~200-300,AC destek,https://www.ubisoft.com,press@ubisoft.com (basın),AAA destek,Assassin's Creed Shadows contribution; Assassin's Creed support; Assassin's Creed destek,bilinmiyor,ofis,Ubisoft,Açık dünya markalarına katkı veren Ubisoft Bordeaux kampüsü.
Ubisoft Bucharest,Avrupa,Bükreş (Romanya),1992,~700+,Rainbow Six katki,https://www.ubisoft.com,press@ubisoft.com (basın),AAA / live,Tom Clancy's Rainbow Six Siege contribution; Ghost Recon support; Ubisoft Romania slate; live ops; Rainbow Six Siege contribution; Rainbow Six Siege katki,bilinmiyor,ofis,Ubisoft,Live-ops ve multiplayer destek için Ubisoft Romanya stüdyosu.
Ubisoft Leamington,Avrupa,Leamington Spa (BK),2012 (FreeStyleGames mirası),~100-150,steep / yarış / destek,https://www.ubisoft.com,press@ubisoft.com (basın),spor / destek,Steep; Riders Republic; Riders Republic contribution,bilinmiyor,ofis,Ubisoft,BK Ubisoft (FreeStyleGames).
Ubisoft Milan,Avrupa,Milano (İtalya),2001,~150-250,Mario+Rabbids,https://www.ubisoft.com,press@ubisoft.com (basın),strateji / co-dev,Mario + Rabbids Kingdom Battle; Mario + Rabbids Sparks of Hope; Italy Ubisoft strategy; Rabbids; Sparks of Hope,bilinmiyor,ofis,Ubisoft,Mario + Rabbids strateji hitlerinin arkasındaki İtalya Ubisoft.
Ubisoft Montpellier,Avrupa,Montpellier (Fransa),1994,~200-300,Rayman; BG&E,https://www.ubisoft.com,press@ubisoft.com (basın),aksiyon-macera,Beyond Good & Evil; Rayman Legends; Valiant Hearts; Beyond Good & Evil 2 (dev),bilinmiyor,ofis,Ubisoft,Fransa'da Beyond Good & Evil / Rayman yaratıcı kampüsü.
Ubisoft Montréal,Kuzey Amerika,"Montréal, QC (Kanada)",1997,~3500+ bandı,Ubisoft içinde,https://montreal.ubisoft.com,press@ubisoft.com (basın),AAA açık dünya,Assassin's Creed; Rainbow Six Siege; Far Cry; Watch Dogs; For Honor,evet — staj güçlü,ofis / hibrit,Ubisoft,Kuzey Amerika'nın en büyük stüdyolarından.
Ubisoft Odessa,Avrupa,Odesa (Ukrayna),2018,~100-200 (dönemsel),AAA destek,https://www.ubisoft.com,press@ubisoft.com (basın),AAA destek,Ubisoft services; Rainbow Six contribution; Odessa support campus; Ukraine Ubisoft; Ubisoft support services; various Ubisoft support,bilinmiyor,ofis,Ubisoft,Multiplayer/live ops için Ubisoft Ukrayna hizmet merkezi.
Ubisoft Paris,Avrupa,Paris (Fransa),1992,~500+,Rainbow Six; Ghost Recon,https://www.ubisoft.com,press@ubisoft.com (basın),AAA shooter,Rainbow Six Siege; Ghost Recon; R6 Extraction,bilinmiyor,ofis,Ubisoft,Rainbow Six ve daha fazlası için amiral gemisi Paris Ubisoft.
Ubisoft Reflections,Avrupa,Newcastle (BK),1984,~200-300,Driver; Watch Dogs Legion katkı,https://www.ubisoft.com,press@ubisoft.com (basın),AAA / yarış kök,Driver; Watch Dogs Legion; Driver series; Driver serisi,bilinmiyor,ofis,Ubisoft,İngiltere Ubisoft stüdyosu (Driver mirası; açık dünya katkısı).
Ubisoft Sofia,Avrupa,Sofya (Bulgaristan),2006,~200-300,AC destek,https://www.ubisoft.com,press@ubisoft.com (basın),AAA destek,Prince of Persia: The Lost Crown; Assassin's Creed support; Assassin's Creed destek,bilinmiyor,ofis,Ubisoft,Ubisoft Bulgaristan destek/prodüksiyon kampüsü.
Ubisoft Stockholm,Avrupa,Stockholm (İsveç),2017,~100-200,Avatar / Tom Clancy destek,https://www.ubisoft.com,press@ubisoft.com (basın),AAA destek,Avatar contribution; Massive support; Avatar: Frontiers of Pandora contribution; support; destek,bilinmiyor,ofis,Ubisoft,İsveç Ubisoft (Massive ayrı).
Virtual Toys,Avrupa,Madrid (İspanya),1999,~50-100,aile / çocuk,https://www.virtualtoys.com,press@virtualtoys.com (basın),aile,Sports Island; Family Trainer; Virtual Toys sports; Spanish family console; sports / family console titles,bilinmiyor,ofis,bağımsız,İspanyol aile stüdyosu.
Voidpoint,Avrupa,İrlanda / uzaktan,2015,küçük,Ion Fury,https://voidpoint.com,bilinmiyor,FPS,Ion Fury; Ion Fury: Aftershock; Build engine revival; Voidpoint FPS,bilinmiyor,uzaktan,bağımsız,Build Engine FPS.
Voidpoint / Ion Fury — Voidpoint,Avrupa,İrlanda / uzaktan,2015,küçük,Ion Fury,https://voidpoint.com,press@voidpoint.com (basın),FPS,Ion Fury; Ion Fury: Aftershock; Bombshell related lineage; Voidpoint FPS; Aftershock,bilinmiyor,uzaktan,bağımsız (3D Realms yayın),Build Engine FPS.
Voodoo,Avrupa,Paris (Fransa),2013,~800+,hypercasual yayın / hybrid,https://www.voodoo.io,press@voodoo.io (basın),mobil hypercasual / hybrid,Mob Control; Helix Jump; Beach Buggy Racing; numerous hyper-casual titles,bilinmiyor,hibrit,özel,Avrupa hypercasual yayın motoru.
Vostok Games,Avrupa,Kyiv / Lefkoşa,2012,~50-100,Survarium,https://vostokgames.com,press@vostokgames.com (basın),survival / shooter,Survarium; Fear the Wolves; Vostok extraction/survival; Ukrainian studio,bilinmiyor,dağıtık,bağımsız,STALKER veteranları.
Wooga,Avrupa,Berlin (Almanya),2009,~300+,June's Journey,https://www.wooga.com,press@wooga.com (basın),mobil narrative,June's Journey; Pearl's Peril; Tropicats; Wooga narrative casual; Hungry Dragon,bilinmiyor,ofis,Playtika,Berlin story casual.
XDev,Avrupa,Liverpool / Londra (BK),2007 (SIE),~50-100,PlayStation üçüncü parti destek,https://www.playstation.com,press@playstation.com (basın),yayın destek / QA,PlayStation Indies; EU third-party support; third party PS support,bilinmiyor,ofis,Sony / PlayStation,SIE dış geliştirme destek birimi.
Yager Development,Avrupa,Berlin (Almanya),1999,~100–150,bilinmiyor,https://yager.de,press@yager.de (basın),shooter / hizmet,Spec Ops: The Line; Deadlink; The Cycle (hist.); The Cycle (historical); The Cycle (tarihsel),bilinmiyor,ofis,bağımsız,Berlin stüdyosu; Spec Ops kült.
Zoink,Avrupa,Göteborg (İsveç),2001,~30-60,Lost in Random; Stick It to the Man,https://zoinkgames.com,press@zoinkgames.com (basın),indie aksiyon-macera,Lost in Random; Ghost Giant; The Stretchers,bilinmiyor,ofis,Thunderful,Thunderful grubu stüdyosu.
1-UP Studio,Japonya,Tokyo (Japonya),2000 (Brownie Brown),~50-80,Mother / Mario destek,https://www.1-up-studio.jp,press@noa.nintendo.com (basın),first-party destek,Mother 3; Mario & Luigi: Partners in Time support; Nintendo RPG support; Tokyo Nintendo partner; Mario & Luigi support periods,bilinmiyor,ofis,Nintendo,Nintendo bağlı Tokyo RPG ortağı (Mother 3 hattı).
Acquire,Japonya,Tokyo (Japonya),1994,~100-150,Tenchu; Akiba's Trip,https://www.acquire.co.jp,bilinmiyor,aksiyon / RPG,Tenchu series; Akiba's Trip; Octopath Traveler support; Acquire action/RPG; Tenchu,bilinmiyor,ofis,bağımsız,Japon aksiyon/RPG.
Aiming,Japonya,Tokyo (Japonya),2011,~300+,mobil MMO,https://aiming-inc.com,bilinmiyor,mobil MMO,Dragon Quest Tact support eras; Aiming online; Japanese mobile MMO; Aiming catalog,bilinmiyor,ofis,halka açık,Japon mobil MMO.
Akatsuki,Japonya,Tokyo (Japonya),2010,~500+,mobil RPG,https://aktsk.jp,bilinmiyor,mobil; anime IP,Fantasia Re:Zero; Septima Heroes; Akatsuki midcore; Tokyo mobile RPG; Fantasia Re:Zero etc. seasonal,bilinmiyor,ofis,halka açık (Tokyo),Japon mobil RPG.
AlphaDream,Japonya,Tokyo (Japonya),2000,kapalı (2019),Mario & Luigi,,bilinmiyor,JRPG,Mario & Luigi: Superstar Saga; Mario & Luigi: Dream Team; Mario & Luigi: Bowser's Inside Story; Mario & Luigi: Paper Jam; Mario & Luigi series; Mario & Luigi serisi,-,-,kapalı,Tarihsel Nintendo ikinci parti.
Ambrella (tarihsel),Japonya,Tokyo (Japonya),1996-2020,kapalı,Hey You Pikachu; Pokémon Channel,https://www.nintendo.com,bilinmiyor,Pokémon yan,"Hey You, Pikachu!; Pokémon Rumble; Pokémon Rumble World; Pokémon Dash",-,-,kapalı,Tarihsel Pokémon yan stüdyo.
Aniplex,Japonya,Tokyo (Japonya),1995,Sony Music grubu,anime IP,https://www.aniplex.co.jp,press@aniplex.co.jp (basın),yayın / IP,Fate/Grand Order; SAO games; Demon Slayer games; Fate ecosystem; SAO oyunlari; Fate ekosistemi,bilinmiyor,ofis,Sony Music Japan,Anime IP güç merkezi; FGO ve SAO ekosistemi.
Arc System Works,Japonya,Yokohama (Japonya),1988,~200+,Guilty Gear / Strive,https://www.arcsystemworks.com,press@arcsystemworks.com (basın),dövüş,Guilty Gear Strive; Dragon Ball FighterZ; BlazBlue; Granblue Fantasy Versus; Guilty Gear; Dragon Ball FighterZ (development),bilinmiyor,ofis,bağımsız,Anime dövüş uzmanı; Guilty Gear ve DBFZ.
Ateam,Japonya,Nagoya (Japonya),2000,~500+,mobil,https://www.a-tm.co.jp,bilinmiyor,mobil,Dark Heroes; romance/mobile titles; Ateam entertainment; Japanese midcore; various romance/mobile,bilinmiyor,ofis,halka açık (Tokyo),Nagoya mobil.
Atlus,Japonya,Tokyo (Japonya),1986,~300–400,Persona satışları,https://www.atlus.com,press@atlus.com (basın),JRPG / dungeon crawler,Persona 5 Royal; Persona 3 Reload; Metaphor: ReFantazio; SMT V Vengeance; Catherine Full Body; Persona; Shin Megami Tensei,bilinmiyor,ofis,Sega,Sega Sammy içinde Persona ve SMT amiral gemisi JRPG'ler.
Bandai Namco,Japonya,Tokyo (Japonya),2005 (birleşme),~8000+ (grup),anime IP + oyun,https://www.bandainamcoent.com,press@bandainamcoent.com (basın),yayın; dövüş; RPG,Tekken 8; Elden Ring (publish); Pac-Man; Dark Souls (publish); Scarlet Nexus; Tales of Arise; Dragon Ball FighterZ; Armored Core VI (publish),bilinmiyor,ofis,halka açık (Tokyo),Geniş IP evi; FromSoftware ile Elden Ring yayın ortağı.
Bushiroad,Japonya,Tokyo (Japonya),2007,~500+ (grup),kart / anime / oyun,https://bushiroad.co.jp,bilinmiyor,TCG; mobil; medya mix,Weiss Schwarz; BanG Dream!; D4DJ,bilinmiyor,ofis,halka açık (Tokyo),Medya mix + TCG.
Camelot Software Planning,Japonya,Tokyo (Japonya),1994,~50–80,Mario Golf / Tennis; Golden Sun,https://www.camelot.co.jp,press@noa.nintendo.com (basın),spor / JRPG,Mario Golf: Super Rush; Mario Tennis Aces; Mario Tennis; Golden Sun,bilinmiyor,ofis,bağımsız (Nintendo yayın),Nintendo spor + Golden Sun.
Capcom,Japonya,Osaka (Japonya),1979,~3000+,RE / MH rekor satışlar,https://www.capcom.com,press@capcom.com (basın),AAA aksiyon / korku,Resident Evil 4; Monster Hunter; Street Fighter 6; Monster Hunter Wilds; Devil May Cry 5; Ace Attorney; Dragon's Dogma 2; Mega Man,bilinmiyor,ofis,halka açık (Tokyo),"RE Engine dönemi kârlılık; Resident Evil, Monster Hunter, Street Fighter."
Capcom R&D Division 1,Japonya,Osaka (Japonya),—,Capcom içi,Resident Evil; Devil May Cry,https://www.capcom.com,press@capcom.com (basın),AAA aksiyon / korku,Resident Evil remakes; Devil May Cry 5; Exoprimal; Resident Evil; DMC; Ghosts'n Goblins modern,bilinmiyor,ofis,Capcom,Resident Evil remake motor odası; RE Engine vitrin birimi.
Capcom R&D Division 2,Japonya,Osaka (Japonya),—,Capcom içi,Monster Hunter; Street Fighter,https://www.capcom.com,press@capcom.com (basın),AAA aksiyon / dövüş,Monster Hunter World; Street Fighter 6; Ace Attorney; Monster Hunter; Street Fighter,bilinmiyor,ofis,Capcom,Monster Hunter ve Street Fighter üretim departmanı.
Cave,Japonya,Tokyo (Japonya),1994,~100+,shmup / pachinko geçiş,https://www.cave.co.jp,bilinmiyor,shoot-'em-up,DonPachi; DoDonPachi; Mushihimesama; Akai Katana,bilinmiyor,ofis,halka açık dönemsel,Bullet hell ikonu.
Colopl,Japonya,Tokyo (Japonya),2008,~1000+,bilinmiyor,https://colopl.co.jp,principles@colopl.jp (basın); help@colopl.jp (destek),mobil,White Cat Project; Quiz RPG: The World of Mystic Wiz; Colopl VR; Japanese mobile RPG; White Cat Project etc.; White Cat Project vb.,bilinmiyor,ofis,halka açık (Tokyo),Japon mobil.
Compile Heart,Japonya,Tokyo (Japonya),2006,~50-100,Neptunia,https://www.compileheart.com,bilinmiyor,JRPG,Neptunia; Death end re; Quest; Hyperdimension Neptunia series; Hyperdimension Neptunia serisi,bilinmiyor,ofis,Idea Factory,Neptunia IP.
Crafts & Meister,Japonya,Osaka (Japonya),2004,~50-80,co-dev / Gundam,https://www.crafts-meister.co.jp,bilinmiyor,co-dev; aksiyon,Mobile Suit Gundam Extreme Vs.; Gundam Battle; Bandai Namco fighters; Crafts & Meister; various Bandai,bilinmiyor,ofis,bağımsız,Osaka co-dev.
Creatures Inc.,Japonya,Tokyo (Japonya),1995,~200+,Pokémon ekibi üyesi,https://www.creatures.co.jp,bilinmiyor,IP / geliştirme,Pokémon Ranger; card game support; Hey You Pikachu!,bilinmiyor,ofis,Pokémon Company ortağı,TPC üçgeninin üçüncü ayağı.
CyberAgent,Japonya,Tokyo (Japonya),1998,binlerce (grup),internet + oyun,https://www.cyberagent.co.jp,bilinmiyor,holding,Cygames parent ecosystem; Abema entertainment; CyberAgent games investment; Tokyo digital; Cygames parent company,bilinmiyor,ofis,halka açık (Tokyo),Cygames ana şirket.
CyberConnect2,Japonya,Fukuoka (Japonya),1996,~200-300,Naruto Ultimate Ninja; .hack,https://www.cc2.co.jp,bilinmiyor,aksiyon / anime,Naruto Storm; Asura's Wrath; .hack; Naruto UNS; Little Noah; Fugue,bilinmiyor,ofis,bağımsız,Fukuoka anime-aksiyon.
Cygames,Japonya,Tokyo (Japonya),2011,~2000+,Uma Musume / Granblue,https://www.cygames.co.jp,press@cygames.co.jp (basın),mobil / konsol,Uma Musume; Granblue Fantasy; Princess Connect; Shadowverse; Granblue Fantasy Versus,bilinmiyor,ofis,CyberAgent,Japon mobil IP güç merkezi; Uma Musume ve Granblue.
DeNA,Japonya,Tokyo (Japonya),1999,~2000+,mobil + spor/diğer,https://dena.com,bilinmiyor,mobil; yayın ortaklıkları,Mobage; Mario Kart Tour partnership; Pokémon Masters EX; Final Fantasy Record Keeper; Mobage platform history; Nintendo partnerships,bilinmiyor,ofis,halka açık (Tokyo),Mobage öncüsü; Nintendo/Pokémon mobil ortaklıkları.
Dimps,Japonya,Osaka (Japonya),2000,~150-250,Dragon Ball; Street Fighter destek,https://www.dimps.co.jp,bilinmiyor,dövüş / aksiyon,Dragon Ball Sparking! Zero (collab); Street Fighter IV (collab); Dragon Ball FighterZ (with ArcSys); SFIV support; historical Sonic support; Dragon Ball FighterZ (ArcSys ile); SFIV destek; Sonic destek tarihsel,bilinmiyor,ofis,bağımsız,Osaka dövüş/aksiyon co-dev.
DMM Games,Japonya,Tokyo (Japonya),—,DMM grubu,platform + oyun,https://games.dmm.com,bilinmiyor,platform / yayın,Touken Ranbu; DMM GAMES platform; adult/PC publishing; DMM catalog; various PC/mobile,bilinmiyor,ofis,DMM.com,Japon dijital platform.
Drecom,Japonya,Tokyo (Japonya),2001,~300+,mobil / yayın,https://www.drecom.co.jp,bilinmiyor,mobil; yayın,Rakugaki Kingdom; Drecom online; Japanese publishing; Drecom mobile,bilinmiyor,ofis,halka açık,Japon mobil/yayın.
Epic Games Japan,Japonya,Tokyo (Japonya),—,Epic içi,UE / Fortnite JP,https://www.epicgames.com,press@epicgames.com (basın),motor / destek,Unreal Engine Japan; Fortnite JP support; Unreal Engine Japonya,bilinmiyor,ofis,Epic Games,Unreal ve Fortnite bölgesel operasyonları için Epic Japonya.
feelplus (tarihsel),Japonya,Tokyo (Japonya),2002-2012,kapalı,Lost Odyssey; Ninety-Nine Nights,,bilinmiyor,JRPG / aksiyon,Lost Odyssey; Eternal Sonata support; Microsoft Japan RPG era; feelplus catalog,-,-,kapalı (Microsoft ilişkili),Tarihsel Xbox JRPG.
Felistella,Japonya,Tokyo / Hyogo (Japonya),2010,~30-50,co-dev / JRPG destek,https://www.felistella.co.jp,bilinmiyor,co-dev,Atelier support; Gust co-dev; Felistella JRPG; Koei Tecmo partners; various JRPG co-dev,bilinmiyor,ofis,bağımsız,Japon co-dev stüdyosu.
French-Bread,Japonya,Tokyo (Japonya),1993,~30-50,Melty Blood; Under Night,https://www.french-bread.net,bilinmiyor,dövüş,Melty Blood: Type Lumina; Under Night In-Birth; Dengeki Bunko Fighting Climax; French-Bread fighters; Melty Blood,bilinmiyor,ofis,bağımsız,Niş dövüş stüdyosu.
FromSoftware,Japonya,Tokyo (Japonya),1986,~400+,Elden Ring / Souls,https://www.fromsoftware.jp,press@fromsoftware.jp (basın),aksiyon-RPG,Elden Ring; Dark Souls III; Sekiro; Armored Core VI; Bloodborne; Nightreign; Dark Souls; Armored Core,bilinmiyor,ofis,Kadokawa ilişkili,Souls-like türünü tanımlayan stüdyo; Elden Ring zirve erişimi.
Game Freak,Japonya,Tokyo (Japonya),1989,~150–200,Pokémon ana seri,https://www.gamefreak.co.jp,press@pokemon.com (basın),JRPG,Pokémon Scarlet/Violet; Legends Arceus; Legends: Arceus; Sword/Shield; Pokémon main series games,bilinmiyor,ofis,bağımsız (TPCi ortaklığı),Pokémon geliştiricisi; Nintendo/Creatures/GF üçgeni.
Genius Sonority,Japonya,Tokyo (Japonya),2002,~50-80,Pokémon puzzle / RPG destek,https://www.geniussonority.co.jp,info@geniussonority.co.jp (genel),puzzle / RPG,Pokémon Trozei; Pokémon Battle Revolution; Pokémon Shuffle; Pokémon Café ReMix,bilinmiyor,ofis,bağımsız,Pokémon yan oyunlar.
Good-Feel,Japonya,Tokyo (Japonya),2005,~50-100,Yoshi; Kirby destek,https://www.good-feel.co.jp,press@noa.nintendo.com (basın),platform,Yoshi's Crafted World; Kirby Rainbow Curse; Yoshi's Woolly World; Kirby's Extra Epic Yarn,bilinmiyor,ofis,bağımsız (Nintendo yayın),El işi görsel platform.
Grasshopper Manufacture,Japonya,Tokyo (Japonya),1998,~50–100,bilinmiyor,https://www.grasshopper.co.jp,contact@grasshopper.co.jp (genel); recruit@grasshopper.co.jp (İK); press@neteasegames.com (basın),aksiyon / garip,No More Heroes; Killer7; Shadows of the Damned,bilinmiyor,ofis,NetEase (alım),Suda51 stüdyosu.
Grezzo,Japonya,Tokyo (Japonya),2006,~100-150,Zelda remaster / Link's Awakening,https://www.grezzo.co.jp,press@noa.nintendo.com (basın),aksiyon-macera,Zelda: Link's Awakening; Majora's Mask 3D; Link's Awakening remake; Ocarina 3D,bilinmiyor,ofis,bağımsız (Nintendo yayın),Zelda remaster uzmanı.
gumi,Japonya,Tokyo (Japonya),2007,~700+,mobil / blockchain denemeleri,https://www.gu3.co.jp,bilinmiyor,mobil RPG / yayın,Brave Frontier; Destiny Child; gumi gacha catalog; Tokyo midcore; Various gacha; VR/blockchain initiatives,bilinmiyor,ofis,halka açık (Tokyo),Japon mobil yayın.
GungHo Online,Japonya,Tokyo (Japonya),2002,~1000+,Puzzle & Dragons,https://www.gungho.co.jp,press@gungho.jp (basın),mobil puzzle-RPG,Puzzle & Dragons; Ragnarok Mobile partnerships; GungHo publishing; Japanese puzzle RPG,bilinmiyor,ofis,halka açık (Tokyo),Erken mobil hasılat devi.
Gust (Koei Tecmo),Japonya,Nagano (Japonya),1993,~150+,Atelier; Nights of Azure,https://www.gust.co.jp,press@koeitecmo.co.jp (basın),JRPG,Atelier Ryza; Atelier Sophie; Blue Reflection; Atelier series; Atelier serisi,bilinmiyor,ofis,Koei Tecmo,Alchemist JRPG çizgisi.
HAL Laboratory,Japonya,Tokyo / Kyoto (Japonya),1980,~200+,Kirby; Super Smash Bros (tarihsel),https://www.hallab.co.jp,press@noa.nintendo.com (basın),first-party platform / dövüş,Kirby and the Forgotten Land; Smash Bros Ultimate (collab); Smash Bros. Ultimate (collab); BoxBoy!; Kirby; EarthBound (historical); Smash (with Sora); EarthBound (tarihsel),bilinmiyor,ofis,Nintendo yakın,Kirby evi.
Happy Elements,Japonya,Tokyo (Japonya) / Beijing kök,2009,~500+,Ensemble Stars,https://www.happyelements.co.jp,bilinmiyor,mobil idol / RPG,Ensemble Stars!; Mermaid Miracle; Happy Elements idols; China/Japan mobile,bilinmiyor,ofis,özel,Idol oyunları.
Idea Factory,Japonya,Tokyo (Japonya),1994,~200+,otomate / yayın,https://www.ideaf.co.jp,press@ideafintl.com (basın),JRPG / otome / yayın,Hyperdimension Neptunia; Death end re; Quest; Mary Skelter; Idea Factory otome/publishing; Neptunia (publisher); otome games,bilinmiyor,ofis,halka açık dönemsel,Neptunia yayıncısı ve otome/JRPG uzmanı (Japonya).
Intelligent Systems,Japonya,Kyoto (Japonya),1986,~150–200,Fire Emblem; Paper Mario ortak,https://www.intsys.co.jp,recruit@intsys.co.jp (İK); press@noa.nintendo.com (basın),strateji-RPG / first-party,Fire Emblem Engage; Paper Mario TTYD; Fire Emblem: Three Houses; Fire Emblem; WarioWare (joint periods),bilinmiyor,ofis,Nintendo yakın ortak,FE franchise.
Japan Studio (tarihsel),Japonya,Tokyo (Japonya),1993-2021,kapalı / Team Asobi devam,Astro; Gravity Rush; Bloodborne destek,https://www.playstation.com,press@playstation.com (basın),first-party,Astro Bot roots; Team Ico support (legacy); Gravity Rush; Knack,-,-,Sony (yeniden yapılanma),Team Asobi devamı ayrı kayıtta.
KLab,Japonya,Tokyo (Japonya),2000,~1000+,mobil lisans,https://www.klab.com,bilinmiyor,mobil; anime IP,Captain Tsubasa: Dream Team; Bleach: Brave Souls; Love Live! School Idol Festival; KLab mobile; Captain Tsubasa M; Bleach mobile periods,bilinmiyor,ofis,halka açık (Tokyo),"Tokyo mobil uzmanı (Captain Tsubasa, Bleach Brave Souls)."
Koei Tecmo,Japonya,Yokohama (Japonya),1978 / 2009 birleşme,~2500+,Dynasty Warriors; Nioh; Wo Long,https://www.koeitecmo.co.jp,press@koeitecmo.co.jp (basın),aksiyon; sim,Nioh 2; Dynasty Warriors; Rise of the Ronin; Dead or Alive 6; Wo Long; Atelier Ryza; Nioh; Dead or Alive,bilinmiyor,ofis,halka açık (Tokyo),Omega Force / Team Ninja / Gust çok markalı Japon yayıncı.
Konami,Japonya,Tokyo (Japonya),1969,~7000+ (grup; oyun dışı da),PES/eFootball; pachinko ağırlığı,https://www.konami.com,press@konami.com (basın),spor; korku IP; arcade,Silent Hill 2; eFootball; Yu-Gi-Oh! Master Duel; Super Bomberman R; Metal Gear Solid (legacy); Castlevania (legacy); Metal Gear (historical); Silent Hill (remake),bilinmiyor,ofis,halka açık (Tokyo),Oyun + eğlence holdingi; Silent Hill remake dönemi ve eFootball.
Lasengle,Japonya,Tokyo (Japonya),2021,~200+,Fate/Grand Order,https://www.lasengle.co.jp,support_ja@typelumina.com (destek),mobil gacha RPG,Fate/Grand Order; Lasengle DELiGHTWORKS successor; Type-Moon mobile; FGO live ops,bilinmiyor,ofis,Aniplex / Sony,FGO operasyon stüdyosu.
Level-5,Japonya,Fukuoka (Japonya),1998,~300 bandı,bilinmiyor,https://www.level5.co.jp,press@level5.co.jp (basın),JRPG / çocuk,Professor Layton; Yo-Kai Watch; Ni no Kuni; Fantasy Life; Inazuma Eleven; Ni no Kuni (joint); Ni no Kuni (ortak),bilinmiyor,ofis,bağımsız,"Fukuoka stüdyosu; Layton, Yo-Kai Watch, Ni no Kuni."
Luminous Productions,Japonya,Tokyo (Japonya),2018-2023,kapalı / SE birleşti,Forspoken,https://luminousproductions.square-enix.com,bilinmiyor,AAA aksiyon,Final Fantasy XV; Forspoken; Final Fantasy XV engine legacy,-,-,kapalı (Square Enix),Tarihsel SE stüdyosu; 2023 birleşme.
Marvelous,Japonya,Tokyo (Japonya),1997,~700+ (grup),Story of Seasons; Daemon X,https://www.marvelous.games,press@marvelous.co.jp (basın),sim / aksiyon; yayın,Story of Seasons; Rune Factory; Fate/Samurai Remnant; Fate/Samurai Remnant (publishing),bilinmiyor,ofis,halka açık (Tokyo),Çiftçilik sim + yayın.
Mistwalker,Japonya,Tokyo (Japonya) / Honolulu,2004,~50-100,Blue Dragon; Fantasian,https://mistwalkercorp.com,bilinmiyor,JRPG,Blue Dragon; Lost Odyssey (publishing); Fantasian,bilinmiyor,hibrit,bağımsız (Sakaguchi),Hironobu Sakaguchi stüdyosu.
Mixi / XFLAG,Japonya,Tokyo (Japonya),1999 (Mixi); XFLAG 2011,~1000+,Monster Strike,https://xflag.com,bilinmiyor,mobil aksiyon-puzzle,Monster Strike; MIXI sports apps; XFLAG arcade RPG; Japanese hit mobile,bilinmiyor,ofis,Mixi,Monster Strike hasılat efsanesi.
Monolith Soft,Japonya,Tokyo / Kyoto (Japonya),1999,~250–300,Xenoblade,https://www.monolithsoft.co.jp,press@noa.nintendo.com (basın),JRPG / açık dünya,Xenoblade Chronicles 3; Xenoblade 2; Xenoblade Chronicles 2; Xenoblade DE; Xenoblade Chronicles; (historical) Xenosaga; (tarihsel) Xenosaga,bilinmiyor,ofis,Nintendo,Nintendo birinci parti JRPG güç merkezi.
Nd Cube,Japonya,Tokyo / Sapporo (Japonya),2000,~100-150,Mario Party,https://www.ndcube.co.jp,press@noa.nintendo.com (basın),party,Super Mario Party Jamboree; Mario Party Superstars; Mario Party series; Mario Party serisi,bilinmiyor,ofis,Nintendo çoğunluk,Mario Party stüdyosu.
Neverland (tarihsel),Japonya,Tokyo (Japonya),1993-2013,kapalı,Lufia; Rune Factory erken,,bilinmiyor,JRPG,Lufia: Curse of the Sinistrals; Spectral Force; Rune Factory support eras; Neverland JRPG; Lufia,-,-,kapalı,Tarihsel JRPG stüdyosu.
Next Level Games,Japonya,"Vancouver, BC (Kanada; Nintendo)",2002,~150–200,Luigi's Mansion,https://www.nextlevelgames.com,info@nextlevelgames.com (genel); press@noa.nintendo.com (basın),aksiyon-macera,Luigi's Mansion 3; Mario Strikers: Battle League; Punch-Out!!; Luigi's Mansion: Dark Moon; Mario Strikers,bilinmiyor,ofis,Nintendo,2021 Nintendo alımı.
Nihon Falcom,Japonya,"Tachikawa, Tokyo (Japonya)",1981,~50-80,Ys; Trails / Kiseki,https://www.falcom.co.jp,press@falcom.co.jp (basın),JRPG,Trails series; Ys VIII; Ys X; Tokyo Xanadu; Ys; The Legend of Heroes: Trails,bilinmiyor,ofis,halka açık (Tokyo),Klasik JRPG stüdyosu.
Nintendo,Japonya,Kyoto (Japonya),1889,~7000+,konsol + yazılım; çok yüksek kâr marjı,https://www.nintendo.com,press@noa.nintendo.com (basın),platform; ilk parti,Mario Odyssey; Zelda TotK; Splatoon 3; Animal Crossing; Super Mario Odyssey; Zelda: Tears of the Kingdom; Pokémon; Animal Crossing: New Horizons,nadiren / rekabetçi,ofis,halka açık (Tokyo),Donanım+yazılım entegre model; Switch tabanı birinci parti IP'yi besler.
Nintendo EAD Tokyo (tarihsel),Japonya,Tokyo (Japonya),1997-2015,EPD'ye birleşti,Mario Galaxy; Smashville,https://www.nintendo.com,press@noa.nintendo.com (basın),first-party,Super Mario Galaxy; Nintendogs; Splatoon roots,-,-,Nintendo (EPD),Tarihsel EAD Tokyo; EPD devam.
Nintendo EPD,Japonya,Kyoto (Japonya),2015 (EAD/SPD birleşmesi),binlerce bandı,Mario; Zelda; Nintendo first-party,https://www.nintendo.com,press@noa.nintendo.com (basın),first-party,Breath of the Wild; Tears of the Kingdom; Mario Odyssey; Splatoon 3; Animal Crossing; Splatoon,bilinmiyor,ofis,Nintendo,Zelda/Mario/Splatoon sütunlarının arkasındaki iç geliştirme birimi.
Nintendo Software Technology,Japonya,"Redmond, WA (ABD)",1998,~100-150,Nintendo ABD geliştirme,https://www.nintendo.com,press@noa.nintendo.com (basın),first-party / destek,Mario vs. Donkey Kong; Metroid Prime Hunters support eras; NST Seattle; Nintendo first-party,bilinmiyor,ofis,Nintendo,Nintendo'nun Seattle first-party stüdyosu (Mario vs. Donkey Kong).
Nintendo Treehouse,Japonya,"Redmond, WA (ABD)",—,Nintendo of America içi,lokalizasyon / yayına hazırlık,https://www.nintendo.com,press@noa.nintendo.com (basın),lokalizasyon; pazarlama,Western localization; Treehouse Live; Nintendo west localization,bilinmiyor,ofis,Nintendo,Batıya çıkış / Treehouse sunumları.
Nippon Ichi Software,Japonya,Gifu / Tokyo (Japonya),1993,~200+,Disgaea,https://www.nipponichi.jp,press@nippon1.co.jp (basın),strateji-RPG,Disgaea 7; Prinny; Labyrinth of Refrain; Disgaea,bilinmiyor,ofis,halka açık (Tokyo),SRPG nişi.
Omega Force (Koei Tecmo),Japonya,Yokohama (Japonya),1996,Koei içinde,Musou formülü,https://www.koeitecmo.co.jp,press@koeitecmo.co.jp (basın),aksiyon (musou),Dynasty Warriors; Hyrule Warriors; Persona 5 Strikers; Hyrule Warriors (joint); Hyrule Warriors (ortak),bilinmiyor,ofis,Koei Tecmo,Musou türünün sahibi.
Otomate,Japonya,Tokyo (Japonya),2009 (Idea Factory içi),Idea Factory içi,otome yayın,https://www.otomate.jp,press@ideafintl.com (basın),otome,Hakuoki; Amnesia; Collar x Malice; Olympia Soiree; various otome,bilinmiyor,ofis,Idea Factory,"Idea Factory otome etiketi (Hakuoki, Amnesia, Collar x Malice)."
Paon DP,Japonya,Tokyo (Japonya),2015 (Paon+DP),~50-100,DKCR destek tarihsel / co-dev,https://www.paondp.jp,bilinmiyor,co-dev,Donkey Kong support eras; Nintendo co-dev; Paon DP ports; Japanese work-for-hire; various Nintendo/co-dev,bilinmiyor,ofis,bağımsız,Japon co-dev.
PlatinumGames,Japonya,Osaka / Tokyo (Japonya),2006,~300 bandı,bilinmiyor,https://www.platinumgames.com,press@platinumgames.com (basın),aksiyon,Bayonetta 3; NieR: Automata; Astral Chain; Metal Gear Rising; Bayonetta 2; Wonderful 101; Bayonetta; NieR:Automata (development),bilinmiyor,ofis,bağımsız (Tencent yatırımı geçmişi),Karakter aksiyonu uzmanı; Bayonetta ve NieR: Automata öne çıkanlar.
PTW,Japonya,Tokyo (+ küresel),1993,~5000+,QA / art / engineering,https://ptw.com,bilinmiyor,hizmet,QA; player support; certification; QA / player support / certification; multiple AAA clients,bilinmiyor,küresel,özel,QA ve art hizmet agi.
Retro Studios,Japonya,"Austin, TX (ABD; Nintendo)",1998,~200+,Metroid Prime,https://www.retrostudios.com,press@noa.nintendo.com (basın),aksiyon-macera,Metroid Prime Remastered; Metroid Prime 4; Donkey Kong Country Returns; Metroid Prime; Donkey Kong Country Tropical Freeze,bilinmiyor,ofis,Nintendo,Nintendo'nun ABD ilk parti stüdyosu.
Ruby Party,Japonya,Yokohama (Japonya),1990 (Koei içi),Koei Tecmo içi,Angelique; Neoromance,https://www.koeitecmo.co.jp,bilinmiyor,otome / Neoromance,Angelique; Neo Angelique; Harukanaru Toki no Naka de; Ruby Party otome; Angelique series; Angelique serisi,bilinmiyor,ofis,Koei Tecmo,Neoromance otome markası.
Ryu Ga Gotoku Studio,Japonya,Tokyo (Japonya),2011,~200-300,Like a Dragon,https://ryugagotoku.sega.jp,press@sega.com (basın),aksiyon-RPG,Like a Dragon; Yakuza 0; Judgment; Like a Dragon: Infinite Wealth; Lost Judgment,bilinmiyor,ofis,Sega,Like a Dragon / Yakuza anlatı aksiyon güç merkezi.
Sega Sammy,Japonya,Tokyo (Japonya),1951 / 2004 grup,binlerce,Yakuza/Like a Dragon; Persona (Atlus),https://www.sega.com,press@sega.com (basın),AAA / JRPG / arcade mirası,Like a Dragon; Persona 5 Royal; Sonic Frontiers; Like a Dragon: Infinite Wealth; Total War: Warhammer III; Football Manager 2025; Hatsune Miku; Persona,bilinmiyor,ofis,halka açık (Tokyo),Atlus + Creative Assembly + Rovio ile çok ayaklı Sega.
SNK,Japonya,Osaka (Japonya),1978,~300+,Fatal Fury / KOF,https://www.snk-corp.co.jp,press@snk-corp.co.jp (basın),dövüş / arcade,KOF XV; Fatal Fury COTW; Samurai Shodown; The King of Fighters XV; Fatal Fury: City of the Wolves; Metal Slug; The King of Fighters; Fatal Fury,bilinmiyor,ofis,halka açık / özel dönemsel,KOF / Fatal Fury dövüş oyunu miras evi.
Sonic Team,Japonya,Tokyo (Japonya),1990,~100-200,Sonic the Hedgehog,https://www.sonicteam.com,press@sega.com (basın),platform / aksiyon,Sonic Frontiers; Puyo Puyo Tetris; Phantasy Star Online 2; Sonic series; Samba de Amigo; Sonic serisi,bilinmiyor,ofis,Sega,Sonic first-party stüdyosu.
Spike Chunsoft,Japonya,Tokyo (Japonya),1984 / 2012 birleşme,~200+,Danganronpa; Mystery Dungeon,https://www.spike-chunsoft.co.jp,press@spike-chunsoft.co.jp (basın),görsel roman / dungeon,Danganronpa; AI: The Somnium Files; Shiren the Wanderer,bilinmiyor,ofis,Kadokawa,Anlatı + roguelike.
Square Enix,Japonya,Tokyo (Japonya),2003 (Square 1986),~5000+,FF / DQ / yayın,https://www.square-enix.com,press@square-enix.com (basın),JRPG; AAA; yayın,Final Fantasy VII Remake; FF XVI; Dragon Quest XI; Final Fantasy XVI; Kingdom Hearts III; Octopath Traveler II; Final Fantasy XIV; Outlanders,bilinmiyor,ofis,halka açık (Tokyo),"JRPG amiral gemisi; FF/DQ çekirdeği, değişken batı stüdyo stratejisi."
Square Enix Creative Business Unit I,Japonya,Tokyo (Japonya),—,SE içi,Final Fantasy / XVI,https://www.square-enix.com,press@square-enix.com (basın),JRPG / AAA,Final Fantasy XVI; Final Fantasy XIV; FFVII Remake; XVI ecosystem; XVI ekosistem,bilinmiyor,ofis,Square Enix,Square Enix CBU1; Final Fantasy amiral gemisi üretim birimi.
Square Enix Creative Business Unit II,Japonya,Tokyo (Japonya),—,SE içi,FFVII Remake; Kingdom Hearts,https://www.square-enix.com,press@square-enix.com (basın),JRPG / AAA,Dragon Quest XI; Triangle Strategy; Octopath; FF7 Remake; Kingdom Hearts; First Soldier historical; First Soldier tarihsel,bilinmiyor,ofis,Square Enix,Square Enix CBU2; Dragon Quest ve ilgili RPG birimi.
Square Enix Creative Business Unit III,Japonya,Tokyo (Japonya),—,SE içi,Octopath; Voice of Cards; TriAce ilişkileri,https://www.square-enix.com,press@square-enix.com (basın),JRPG,Kingdom Hearts; The World Ends with You; Octopath Traveler; Triangle Strategy,bilinmiyor,ofis,Square Enix,SE CBU III.
Square Enix Creative Business Unit IV,Japonya,Tokyo (Japonya),—,SE içi,Dragon Quest,https://www.square-enix.com,press@square-enix.com (basın),JRPG,Dragon Quest series; DQXII development; Dragon Quest serisi,bilinmiyor,ofis,Square Enix,Yuji Horii / DQ hattı.
Square Enix Visual Works,Japonya,Tokyo (Japonya),1997 (önceki CGI bölüm),~100-200,sinematik / CG film,https://www.square-enix.com,press@square-enix.com (basın),sinematik; CG,FF Advent Children; Kingsglaive; game cinematics,bilinmiyor,ofis,Square Enix,SE CG/sinematik birimi.
Sting,Japonya,Tokyo (Japonya),1989,~30-50,Dept. Heaven,https://www.sting.co.jp,support-www@sting.jp (destek),strateji-RPG,Riviera: The Promised Land; Knights in the Nightmare; Dept. Heaven; Sting SRPG; Riviera,bilinmiyor,ofis,bağımsız,Niş SRPG.
Tango Gameworks,Japonya,Tokyo (Japonya),2010,kapali (2024),Hi-Fi Rush,https://www.tangogameworks.com,press@bethesda.net (basın),aksiyon / korku,Hi-Fi Rush; The Evil Within; Ghostwire: Tokyo,-,-,kapali (Microsoft),Tarihsel; Hi-Fi Rush mirasi.
Team Ninja (Koei Tecmo),Japonya,Tokyo / Osaka (Japonya),1995 (Tecmo),~150–200,Nioh; Wo Long,https://www.teamninja-studio.com,press@koeitecmo.co.jp (basın),aksiyon,Nioh 2; Wo Long; Rise of the Ronin; Ninja Gaiden; Dead or Alive 6; Nioh; Dead or Alive,bilinmiyor,ofis,Koei Tecmo,"Sert aksiyon: Nioh, Ninja Gaiden, Rise of the Ronin."
The Pokémon Company,Japonya,Tokyo (Japonya),1998,~800+,Pokémon IP lisans / yayın,https://www.pokemon.co.jp,press@pokemon.com (basın),IP yönetimi; yayın,Pokémon Scarlet/Violet; Pokémon GO; Pokémon UNITE; Pokémon Masters EX; Pokémon Sleep; TCG Live; Pokémon series; Pokémon serisi,bilinmiyor,ofis,Nintendo / Creatures / Game Freak ortak,"Oyun, TCG ve medya genelinde IP ve marka yönetimi."
TOSE,Japonya,Kyoto (Japonya),1979,~1000+,ghost developer,https://www.tose.co.jp,bilinmiyor,hizmet / co-dev,"Dragon Quest support; countless co-dev credits; Nintendo/Square support; TOSE ghost developer; hundreds of unnamed contributions (Dragon Quest support, etc.)",bilinmiyor,ofis,halka açık (Tokyo),Efsanevi ghost developer.
Treasure,Japonya,Tokyo (Japonya),1992,~30–50,bilinmiyor,https://www.treasure-inc.co.jp,bilinmiyor,arcade aksiyon,Gunstar Heroes; Radiant Silvergun; Bangai-O,bilinmiyor,ofis,bağımsız,Arcade tasarım efsanesi.
tri-Ace,Japonya,Tokyo (Japonya),1995,~100-150,Star Ocean; Valkyrie Profile,https://www.tri-ace.co.jp,bilinmiyor,JRPG,Star Ocean; Valkyrie Profile; Resonance of Fate,bilinmiyor,ofis,bağımsız (SE yayın ilişkisi),JRPG stüdyosu; kendi motoru.
VanillaWare,Japonya,Osaka (Japonya),2002,~30–50,bilinmiyor,https://www.vanillaware.co.jp,bilinmiyor,aksiyon / 2D,13 Sentinels; Dragon's Crown; Unicorn Overlord; Odin Sphere,bilinmiyor,ofis,bağımsız (Atlas/SE yayın),George Kamitani; 2D sanat ikonu.
Wright Flyer Studios,Japonya,Tokyo (Japonya),2014,~200+,Another Eden,https://wrightflyer.net,bilinmiyor,mobil JRPG,Another Eden; World Flipper; Wright Flyer RPG; DeNA studio,bilinmiyor,ofis,MIXI,MIXI oyun stüdyosu.
Yostar,Japonya,Şanghay / Tokyo,2014,~500+,Azur Lane; Arknights yayın,https://www.yostar.co.jp,press@yostar.co.jp (basın),mobil yayın / geliştirme,Azur Lane; Arknights global; Reverse: 1999; Arknights (global); Path to Nowhere; Arknights (JP/KR/EN release),bilinmiyor,ofis,özel,"Çin kökenli, Japonya operasyonlu küresel yayıncı (Azur Lane, Arknights)."
Com2uS,Güney Kore,Seoul (Güney Kore),1998,~1000+,Summoners War,https://www.com2us.com,press@com2us.com (basın),mobil strateji-RPG,Summoners War; MLB 9 Innings; Ace Fishing; Soul Strike,bilinmiyor,ofis,halka açık (Kore),Uzun soluklu Summoners War gacha live-ops.
Com2uS Holdings,Güney Kore,Seoul (Güney Kore),1998 (grup),binlerce (grup),holding,https://www.com2us.com,press@com2us.com (basın),holding; mobil,Summoners War ecosystem; Com2uS Holdings publishing; Soul Seekers; Korean midcore group; Summoners War ekosistemi,bilinmiyor,ofis,halka açık (Kore),Com2uS grup ana şirketi.
DEVSISTERS,Güney Kore,Seoul (Güney Kore),2007,~400+,Cookie Run,https://www.devsisters.com,press@devsisters.com (basın),mobil runner / RPG,Cookie Run: Kingdom; OvenBreak; Cookie Run: OvenBreak; Cookie Run: Witch's Castle,bilinmiyor,ofis,halka açık (Kore),Cookie Run IP.
Dexter Studios,Güney Kore,Seoul (Güney Kore),2014,~200+,sinematik / VFX,https://www.dexterstudios.com,info@dexterkrema.com (genel); pr@dexterstudios.com (basın),sinematik,AAA CGI cinematics; game trailer production; VFX services; Dexter portfolio; AAA game CGI; AAA oyun CGI,bilinmiyor,ofis,özel,Kore sinematik.
EA Seoul / EA Korea,Güney Kore,Seoul (Güney Kore),—,EA içi,FIFA Online / FC Online,https://www.ea.com,press@ea.com (basın),spor / online,EA Korea publishing; FIFA Online legacy; EA FC Online; FIFA Online historical; FIFA Online tarihsel,bilinmiyor,ofis,EA,Kore online spor operasyonu.
Eyedentity Games,Güney Kore,Seoul (Güney Kore),2007,~100-200,Dragon Nest,https://www.eyedentitygames.com,bilinmiyor,aksiyon-MMO,Dragon Nest; Dragon Nest M; Eyedentity action MMO; Malaysian/Korean ops,bilinmiyor,ofis,Shengqu / özel dönemsel,Kore aksiyon MMO.
Gravity,Güney Kore,Seoul (Güney Kore),2000,~500+,Ragnarok Online IP,https://www.gravity.co.kr,press@gravity.co.kr (basın),MMORPG,Ragnarok Online; Ragnarok X; Ragnarok Origin,bilinmiyor,ofis,halka açık; GungHo ilişkisi,Klasik MMO IP.
Highbrow / RisingWings,Güney Kore,Seoul (Güney Kore),2019,~100+,mobil yayın,https://www.risingwings.net,press@krafton.com (basın),mobil / yayın,CAR TUNE; sports/racing; Locus; various midcore,bilinmiyor,ofis,Krafton,Krafton mobil kolu.
inZOI Team (Krafton),Güney Kore,Seongnam (Güney Kore),—,Krafton içinde,inZOI,https://inzoigame.com,press@krafton.com (basın),life sim,inZOI; Canvas tools; character creator,bilinmiyor,ofis,Krafton,Life sim; Krafton içi.
Joycity,Güney Kore,Seongnam (Güney Kore),2010,~300+,spor / tank mobil,https://www.joycity.com,support@joycity.com (destek),mobil spor / aksiyon,Gunship Battle; FreeStyle 2; Basketball Manager,bilinmiyor,ofis,halka açık (Kore),Kore mobil spor/aksiyon.
Kakao Games,Güney Kore,Seongnam (Güney Kore),2016,~1000+,Kakao ekosistemi,https://www.kakaogames.com,press@kakaogames.com (basın),yayın; mobil/PC,Odin; Path of Exile KR; Eternal Return; Odin: Valhalla Rising; Path of Exile (KR); Black Desert (hist. KR); Path of Exile (published KR),bilinmiyor,ofis,Kakao,Kakao'nun platform + yayın kolu; KR MMO/midcore odağı.
Krafton,Güney Kore,Seoul / Bundang (Güney Kore),2007 (Bluehole),~3000+,PUBG IP; halka açık,https://www.krafton.com,press@krafton.com (basın),battle royale / yayın,PUBG; inZOI; Subnautica; PUBG: Battlegrounds; Subnautica (Unknown Worlds); PUBG: New State,bilinmiyor,ofis,halka açık (Kore),PUBG sonrası çok stüdyolu yayıncı; portföyde inZOI ve Unknown Worlds.
Krafton Bluehole,Güney Kore,Seongnam (Güney Kore),2007,Krafton içi,PUBG kök marka,https://www.krafton.com,press@krafton.com (basın),battle royale,PUBG: Battlegrounds roots; PLAYERUNKNOWN'S BATTLEGROUNDS; Bluehole prototypes; Krafton FPS; PUBG roots,bilinmiyor,ofis,Krafton,Krafton grubu içinde PUBG'nin doğduğu stüdyo.
LINE Games,Güney Kore,Seoul (Güney Kore),2017,~200-400,mobil / IP,https://line.games,bilinmiyor,mobil yayın,Exos Heroes; Uncharted Waters Origin; V4; LINE Games midcore,bilinmiyor,ofis,LINE,"LINE bağlı yayıncı (Exos Heroes, Uncharted Waters Origin)."
Midcore,Güney Kore,Seoul (Güney Kore),2019,~100+,midcore mobil,https://www.midcore.games,bilinmiyor,mobil midcore,midcore mobile slate; Korean studio services; live-ops consulting; Midcore games,bilinmiyor,ofis,özel,Kore midcore.
NCSoft,Güney Kore,Seongnam (Güney Kore),1997,~4000+,Lineage; Throne and Liberty,https://www.ncsoft.com,press@ncsoft.com (basın),MMORPG,Lineage; Guild Wars 2; Throne and Liberty; Lineage II; Aion; Blade & Soul; Guild Wars (ArenaNet),bilinmiyor,ofis,halka açık (Kore),ArenaNet (Guild Wars) ile Kore MMO amiral gemisi.
Neople,Güney Kore,Jeju / Seoul (Güney Kore),2001,~500+,Dungeon & Fighter,https://www.neople.co.kr,press@neople.com (basın),aksiyon-RPG / beat'em,Dungeon Fighter Online; The First Berserker: Khazan; DNF Duel; Dungeon & Fighter,bilinmiyor,ofis,Nexon,D&F hasılat motoru.
Neowiz,Güney Kore,Seongnam (Güney Kore),1997,~1000+,yayın + P / Lies of P,https://www.neowiz.com,press@neowiz.com (basın),yayın; souls-like,Lies of P; Brown Dust; DJMAX; Night Crows (publish); Browndust,bilinmiyor,ofis,halka açık (Kore),Lies of P çıkışı; yayın + geliştirme karışımı.
Netmarble,Güney Kore,Seoul (Güney Kore),2000,~6000+ (grup),mobil RPG; Discord yatırımı geçmişi,https://www.netmarble.com,press@netmarble.com (basın),mobil MMORPG / yayın,Seven Knights; Marvel Future Fight; Solo Leveling; Solo Leveling: Arise; Raven; Lineage 2: Revolution; The Seven Deadly Sins; Lineage2 Revolution,bilinmiyor,ofis,halka açık (Kore); Bang Si-hyuk ilişkisi,Gacha ve lisanslı IP'de büyük Kore mobil yayıncısı.
Netmarble Monster,Güney Kore,Seoul (Güney Kore),—,Netmarble içi,T3 Arena / midcore,https://www.netmarble.com,press@netmarble.com (basın),mobil / midcore,Seven Knights; Seven Knights 2; Netmarble Monster midcore; Seoul live-ops; Netmarble midcore portfolio,bilinmiyor,ofis,Netmarble,Seven Knights hattının arkasındaki Netmarble midcore etiketi.
Netmarble Neo,Güney Kore,Seoul (Güney Kore),—,Netmarble içi,mobil RPG,https://www.netmarble.com,press@netmarble.com (basın),mobil RPG,The Seven Deadly Sins: Grand Cross; Raven2; Netmarble Neo RPG; Korean action RPG; Netmarble RPG lineup; various Netmarble RPG,bilinmiyor,ofis,Netmarble,Netmarble RPG stüdyosu (Seven Deadly Sins: Grand Cross).
Netmarble Neptune,Güney Kore,Seoul (Güney Kore),—,Netmarble içi,mobil RPG,https://www.netmarble.com,press@netmarble.com (basın),mobil RPG,Marvel Future Revolution; Netmarble Neptune live-ops; superhero MMO eras; Seoul RPG; Netmarble live-ops RPGs,bilinmiyor,ofis,Netmarble,Netmarble live-ops RPG etiketi (Marvel Future Revolution dönemi).
Nexon,Güney Kore,Seoul (Güney Kore) / Tokyo,1994,~7000+ (grup),MapleStory; Dungeon&Fighter (Neople),https://www.nexon.com,press@nexon.com (basın),PC/mobil online,MapleStory; DFO; The First Descendant; Dungeon Fighter Online; Blue Archive (publish); KartRider; Sudden Attack; D&F,bilinmiyor,ofis,NXC / halka açık yapılar,Kore online öncüsü; MapleStory'den The First Descendant'a ve küresel yayına.
Nexon Games,Güney Kore,Seoul (Güney Kore),2018,~300+,The First Descendant,https://www.nexon.com,press@nexon.com (basın),looter-shooter,The First Descendant; Blue Archive co-structure; Nexon Games FPS/looter; Seoul studio,bilinmiyor,ofis,Nexon,Nexon geliştirme iştiraki.
Nexon Red,Güney Kore,Seoul / Jeju (Güney Kore),—,Nexon içi,mobil / online,https://www.nexon.com,press@nexon.com (basın),mobil / online,The Kingdom of the Winds: Yeon; Nexon Red MMO; Korean fantasy online; Nexon label; Nexon development label; various Nexon,bilinmiyor,ofis,Nexon,Kore online/fantastik unvanlar için Nexon geliştirme etiketi.
NHN,Güney Kore,Seongnam (Güney Kore),2013 (yeniden yapılanma),binlerce (grup),oyun + bulut/ödeme,https://www.nhn.com,bilinmiyor,yayın; board; spor,Hangame; Fishing Game series; NHN Cloud gaming; Korean platform games,bilinmiyor,ofis,halka açık (Kore),Platform + oyun grubu.
Pearl Abyss,Güney Kore,Gwacheon (Güney Kore),2010,~1000+,Black Desert,https://www.pearlabyss.com,press@pearlabyss.com (basın),MMORPG / aksiyon,Black Desert; Crimson Desert; DokeV; Black Desert Online; Plan 8; Crimson Desert (development),bilinmiyor,ofis,halka açık (Kore),Yüksek görsel MMO evi; Black Desert'ten Crimson Desert'a.
PUBG Studios,Güney Kore,Seongnam (Güney Kore),2015 (Bluehole içi),Krafton içinde,PUBG PC/konsol,https://pubg.com,press@pubg.com (basın),battle royale,PUBG: Battlegrounds; PUBG: New State; PUBG Arcade,bilinmiyor,ofis,Krafton,Battlegrounds live-ops; Krafton nişancı sütunu.
Shift Up,Güney Kore,Seoul (Güney Kore),2013,~300+,NIKKE; Stellar Blade,https://shiftup.co.kr,press@shiftup.co.kr (basın),aksiyon / mobil,NIKKE; Stellar Blade; Destiny Child; Goddess of Victory: NIKKE,bilinmiyor,ofis,halka açık (Kore),Kim Hyung-tae stüdyosu; NIKKE ve Stellar Blade.
Smilegate,Güney Kore,Seongnam (Güney Kore),2002,~3000+,CrossFire gelirleri,https://www.smilegate.com,press@smilegate.com (basın),FPS / yayın,CrossFire; Lost Ark; Epic Seven; Mirror War; Lost Ark (publish/joint),bilinmiyor,ofis,özel,CrossFire küresel geliri ve Lost Ark MMO sütunu.
Smilegate Entertainment,Güney Kore,Seongnam (Güney Kore),—,Smilegate içi,CrossFire / yayın,https://www.smilegate.com,press@smilegate.com (basın),FPS / yayın,CrossFire; CrossFireX; Smilegate shooters; global FPS publishing,bilinmiyor,ofis,Smilegate,Smilegate oyun operasyon kolu.
Smilegate RPG,Güney Kore,Seongnam (Güney Kore),—,Smilegate içinde,Lost Ark,https://www.smilegate.com,press@smilegate.com (basın),MMORPG,Lost Ark; Lost Ark seasons; Smilegate MMORPG; Korean/Amazon partnership,bilinmiyor,ofis,Smilegate,Lost Ark geliştirme/yayın birimi.
Webzen,Güney Kore,Seoul (Güney Kore),2000,~500+,MU Online,https://www.webzen.com,press@webzen.com (basın),MMORPG,MU Online; R2; Soul of the Ultimate Nation; Metin2 (publishing regions),bilinmiyor,ofis,halka açık (Kore),Klasik Kore MMO.
Wemade,Güney Kore,Seongnam (Güney Kore),2000,~1000+,Mir / blockchain denemeleri,https://www.wemade.com,press@wemade.com (basın),MMORPG / Web3,The Legend of Mir; MIR4; Night Crows; YMIR; Night Crow,bilinmiyor,ofis,halka açık (Kore),Klasik Mir IP; Web3 dönemi tartışmalı.
WhatStudio,Güney Kore,Seongnam (Güney Kore),2013,~50-100,Brown Dust,https://www.whatstudio.net,bilinmiyor,mobil RPG,V4; Brown Dust; Brown Dust 2,bilinmiyor,ofis,Naver,Naver oyun stüdyosu.
XL Games,Güney Kore,Seoul (Güney Kore),2006,~100-200,ArcheAge,https://www.xlgames.com,press@kakaogames.com (basın); business@xlgames.com (iş),MMORPG,ArcheAge; ArcheAge: Unchained; ArcheAge War,bilinmiyor,ofis,Kakao Games ilişkili / özel,Kore sandbox MMO.
37Games (37 Interactive),Çin,Guangzhou (Çin),2011,~2000+,mobil/SLG hasılat,https://www.37games.com,bilinmiyor,mobil RPG / SLG,Puzzles & Chaos; mobile MMO/strategy; Puzzles & Survival; various SLG,bilinmiyor,ofis,halka açık (Çin),Yüksek hasılatlı yayıncı.
4399,Çin,Xiamen (Çin),2002,~1000+,mini oyun portal,https://www.4399.com,bilinmiyor,platform; casual,4399.com portal games; mini-game platform; China browser catalog; 4399 publishing; 4399.com,bilinmiyor,ofis,özel,Çin casual portal.
Activision Shanghai,Çin,Şanghay (Çin),—,Activision içi,COD destek / Çin,https://www.activision.com,press@activision.com (basın),AAA destek,Call of Duty support; China ops; Call of Duty destek,bilinmiyor,ofis,Microsoft / Activision,Activision Çin.
Alibaba Games / Lingxi,Çin,Hangzhou (Çin),—,yüzlerce+,yayın / yatırım,https://games.alibaba.com,bilinmiyor,yayın,Sword and Fairy; Lingxi publishing; various mobile/PC seasonal,bilinmiyor,ofis,Alibaba,Platform devinin oyun kolu.
Alibaba Lingxi Games,Çin,Hangzhou (Çin),—,Alibaba içi,yayın / geliştirme,https://games.alibaba.com,bilinmiyor,yayın,Sword and Fairy; Lingxi mobile RPGs; various Alibaba Games,bilinmiyor,ofis,Alibaba,Alibaba oyun kolu (Lingxi).
Aurora Studios (Tencent),Çin,Cin,—,Tencent içinde,Arena Breakout,https://www.arenabreakout.com,press@tencentgames.com (basın),extraction shooter,Light of Life; Aurora Tencent slate; Shanghai first-party; Tencent IEG; Arena Breakout,bilinmiyor,ofis,Tencent,Mobil extraction.
Bilibili Games,Çin,Şanghay (Çin),—,yüzlerce+,yayın + IP,https://www.bilibili.com,bilinmiyor,yayın; anime-mobil,Azur Lane CN ops; Fate/Grand Order CN; Azur Lane (CN relations); various ACG,bilinmiyor,ofis,Bilibili,Video platformunun oyun kolu.
ChillyRoom,Çin,Shenzhen (Çin),2015,~50-100,Soul Knight,https://www.chillyroom.com,bilinmiyor,mobil roguelike,Soul Knight; Otherworld Legends; Soul Knight Prequel; ChillyRoom roguelike,bilinmiyor,ofis,özel,Mobil roguelike hit.
Cognosphere,Çin,Singapur,2021,HoYoverse içinde,küresel operasyon,https://www.hoyoverse.com,press@hoyoverse.com (basın),yayın / operasyon,Genshin Impact global ops; HoYoverse publishing; Genshin Impact; Star Rail,bilinmiyor,ofis,miHoYo,miHoYo küresel yayın kolu.
FunPlus,Çin,Beijing / Küresel,2010,~1000+,State of Survival vb.,https://www.funplus.com,press@funplus.com (basın),mobil strateji / SLG,State of Survival; Kings Group; Crime Coast; King of Avalon,bilinmiyor,karışık,özel,State of Survival ve midcore strateji/nişancı slate.
Game Science,Çin,Hangzhou (Çin),2014,~200–300,Black Myth: Wukong satış patlaması,https://www.gamesci.com.cn,press@gamesci.com.cn (basın),aksiyon-RPG,Black Myth: Wukong; Game Science action RPG; Chinese AAA breakthrough; Wukong DLC era; Black Myth series follow-ups; early Game Science prototypes,bilinmiyor,ofis,özel,Black Myth: Wukong Çin tek oyunculu AAA kırılımını simgeledi.
Giant Network,Çin,Şanghay (Çin),2004,~1000+,ZTI / MMO,https://www.ga-me.com,bilinmiyor,MMO,ZT Online lineage; Giant webgames; China publishing; Giant Network catalog; ZT Online (Zhengtu),bilinmiyor,ofis,halka açık (Çin),Klasik Çin MMO şirketi.
Gryphline,Çin,Singapur / küresel,2023,Hypergryph ilişkili,küresel yayın,https://www.gryphline.com,press@hypergryph.com (basın),yayın,Arknights; Ex Astris; Unpacking publishing eras; Gryphline global Hypergryph; Arknights global publishing; Arknights ecosystem global,bilinmiyor,ofis,Hypergryph,Hypergryph küresel yayın kolu (Arknights ekosistemi).
Habby,Çin,Çin / küresel,2017,~200+,Archero,https://www.habby.com,bilinmiyor,mobil arcade / roguelite,Archero; Smash Legends; Survive,bilinmiyor,ofis,özel,Archero hit; Mavis Games TR ayrı listede.
Hero Games,Çin,Beijing (Çin),2015,~500+,mobil yayın,https://www.herogames.com,bilinmiyor,mobil yayın,AFK Arena publishing eras; Hero Games midcore; China global mobile; Hero slate; China mobile publishing slate; various global mobile,bilinmiyor,ofis,özel,Cin mobil yayın.
Hypergryph,Çin,Şanghay (Çin),2017,~500+,Arknights,https://www.hypergryph.com,press@hypergryph.com (basın),mobil tower-defense / RPG,Arknights; Ex Astris; Endfield; Arknights: Endfield,bilinmiyor,ofis,özel,Güçlü dünya kurumu + müzik; Arknights evreni.
IGG,Çin,Singapur / Fuzhou kök,2006,~2000+,Lords Mobile,https://www.igg.com,jobs.ae@igg.com (İK); pr@igg.com (basın),mobil SLG / MMO,Lords Mobile; Viking Rise; Castle Clash,bilinmiyor,karışık,halka açık (HK),SLG küresel yayın.
Kuro Games,Çin,Guangzhou (Çin),2014,~1000+,Wuthering Waves,https://www.kurogame.com,press@kurogame.com (basın),açık dünya aksiyon / gacha,Wuthering Waves; Punishing: Gray Raven; Kuro action RPG; Guangzhou studio,bilinmiyor,ofis,özel,Punishing: Gray Raven ve Wuthering Waves Kuro'nun aksiyon live-ops'unu taşır.
Level Infinite,Çin,Küresel (Tencent yayın etiketi),2022,Tencent içinde,küresel yayın,https://levelinfinite.com,press@levelinfinite.com (basın),yayın,PUBG Mobile; Arena Breakout; Delta Force; various western titles,bilinmiyor,karışık,Tencent,Tencent'in batıya dönük küresel yayın etiketi.
Lightning Games,Çin,Hong Kong / Cin,2014,~200+,yayın,https://www.lightninggames.hk,bilinmiyor,yayın,Lightning Games publishing; China indie/AA publishing; multi-platform releases; Lightning catalog,bilinmiyor,karışık,özel,HK/Cin oyun yayın.
Lightspeed Studios,Çin,Shenzhen / Los Angeles,2016 (Tencent),binlerce bandı,PUBG Mobile; diğer,https://lightspeed.qq.com,press@tencentgames.com (basın),mobil / konsol,PUBG Mobile; Lightspeed FPS/midcore portfolio; Apex Mobile (historical); The Finals partnerships periodic; Apex Mobile (tarihsel),bilinmiyor,çok ofisli,Tencent,Tencent küresel stüdyo markası.
Lilith Games,Çin,Şanghay (Çin),2013,~2000+,AFK Arena küresel,https://www.lilith.com,press@lilithgames.com (basın),mobil strateji / idle,AFK Arena; Rise of Empires; Soul Land; Rise of Kingdoms,bilinmiyor,ofis,özel,AFK Arena idle-RPG küresel başarısı.
MICA Team,Çin,Şanghay (Çin),2015,~100-200,Girls' Frontline,https://sunborn.com,info@naantalispa.fi (genel); jobs@sunborngibraltar.com (İK),mobil taktik,Girls' Frontline; Girls' Frontline 2: Exilium; Neural Cloud; MICA/Sunborn,bilinmiyor,ofis,Sunborn,GFL geliştirme ekibi.
miHoYo / HoYoverse,Çin,Şanghay (Çin) / Singapur,2012,~5000+,Genshin / Star Rail milyarlarca $,https://www.hoyoverse.com,press@hoyoverse.com (basın),açık dünya aksiyon-RPG / gacha,Genshin Impact; Honkai: Star Rail; Zenless Zone Zero; Honkai Impact 3rd; Tears of Themis,bilinmiyor,ofis,özel,HoYoverse markası altında küresel anime-ARPG standardı.
MoreFun Studios,Çin,Shenzhen (Çin),Tencent içi,binlerce bandı,Peacekeeper Elite / PUBGM ekosistem,https://game.tencent.com,press@tencentgames.com (basın),mobil battle royale,PUBG Mobile; Peacekeeper Elite; Game for Peace; PUBG Mobile partner; PUBG Mobile ortak,bilinmiyor,ofis,Tencent,Tencent IEG stüdyosu.
NetDragon,Çin,Fuzhou (Çin),1999,~4000+ (grup),eğitim + oyun,https://www.netdragon.com,bilinmiyor,MMO / edtech,Disney Magic Kingdoms (collab); Conquer Online; Disney English etc.,bilinmiyor,ofis,halka açık (HK),Oyun + eğitim hibrit grup.
NetEase Games,Çin,Hangzhou (Çin),2001 (oyun),on binlerce,Blizzard ortaklığı dönemsel; kendi IP,https://www.neteasegames.com,press@neteasegames.com (basın),PC/mobil MMO / yayın,Naraka: Bladepoint; Identity V; Justice; Fantasy Westward Journey; Diablo Immortal (collab); Marvel Rivals (support); Naraka,bilinmiyor,ofis,NetEase (NTES),Batı yayıncılığı ve stüdyo yatırımları artan Çin devi.
NetEase Thunder Fire,Çin,Hangzhou (Çin),—,binlerce bandı,motor / AAA / hizmet,https://www.thunderfire.com,press@neteasegames.com (basın),motor; AAA,Eggy Party; UX/research; various NetEase AAA,bilinmiyor,ofis,NetEase,NetEase ic stüdyo/teknoloji.
Original Force,Çin,Nanjing / Çin + küresel,2006,~1000+,animasyon / art / cinematics,https://www.originalforce.com,bilinmiyor,hizmet; animasyon,AAA outsourcing art; cinematic services; Original Force portfolio; China co-dev; very AAA cinematic/art,bilinmiyor,çok ofisli,özel,Çin büyük art/animasyon hizmet.
Ourpalm,Çin,Beijing (Çin),2011,~1000+,mobil,https://www.ourpalm.com,bilinmiyor,mobil,World War Heroes; licensed mobile shooters; Ourpalm catalog; China mobile publisher; licensed mobile portfolio,bilinmiyor,ofis,halka açık (Çin),Cin mobil.
Papergames (Paper Games),Çin,Şanghay (Çin),2012,~1000+,Love and Deepspace,https://www.papegames.com,press@papegames.com (basın),otome / 3D anlatı,Love and Deepspace; Shining Nikki; Infinity Nikki; Love Nikki,bilinmiyor,ofis,özel,Love and Deepspace / Nikki moda-RPG çıkışları.
Perfect World Games,Çin,Beijing (Çin),2004,~2000+,MMO + yayın,https://www.pwrd.com,press@perfectworld.com (basın),MMO / yayın,Perfect World; Torchlight: Infinite; Jade Dynasty; Torchlight (publication history),bilinmiyor,ofis,halka açık (Çin),Uzun soluklu Çin MMO/online yayıncı-geliştirici.
PopCap Shanghai,Çin,Şanghay (Çin),—,EA/PopCap içi,Bejeweled / PvZ Çin,https://www.popcap.com,bilinmiyor,casual,Bejeweled support; Plants vs. Zombies localization eras; PopCap China; EA casual; PvZ / Bejeweled China operation,bilinmiyor,ofis,EA,PopCap Çin varlığı.
Red Candle Games,Çin,Taipei (Tayvan),2015,küçük,horror anlatı,https://redcandlegames.com,bilinmiyor,korku / anlatı,Detention; Devotion; Nine Sols,bilinmiyor,küçük ofis,bağımsız,Tayvan indie; Devotion tartışması tarihsel.
Seasun Games,Çin,Zhuhai (Çin),1995 (Kingsoft ilişkisi),~1000+,JX / Snowbreak,https://www.seasungames.com,bilinmiyor,MMO / aksiyon,Sword of Justice; GuJian; JX Online; Snowbreak: Containment Zone,bilinmiyor,ofis,Kingsoft,Klasik Çin MMO + yeni global.
Sempire Games,Çin,Çin / küresel,2017,~100-200,mobil SLG,https://www.sempiregames.com,bilinmiyor,mobil SLG,Sempire strategy; China SLG; Sempire live ops; midcore war games; various SLG,bilinmiyor,ofis,özel,Çin SLG yayın/geliştirme.
Shengqu Games,Çin,Şanghay (Çin),—,~1000+,MMO,https://www.shengqugames.com,bilinmiyor,MMO,Legend of Mir lineage; Shengqu publishing; China MMO classics; Shengqu catalog; various MMO,bilinmiyor,ofis,özel,Cin MMO operatörü.
Softstar Entertainment,Çin,Taipei (Tayvan),1988,~200+,klasik RPG,https://www.softstar.com.tw,bilinmiyor,JRPG / araç,Chinese Paladin; Xuan-Yuan Sword; Richman,bilinmiyor,ofis,özel,Tayvan klasik RPG.
Sunborn / MICA Team,Çin,Şanghay (Çin),2015 (MICA),~200–400,Girls' Frontline,https://sunborn.com,info@naantalispa.fi (genel); jobs@sunborngibraltar.com (İK),mobil taktik / gacha,Girls' Frontline; Girls' Frontline 2; Neural Cloud; GFL2,bilinmiyor,ofis,özel,ACG taktik gacha.
Taomee,Çin,Şanghay (Çin),2007,~500+,çocuk / metaverse-lite,https://www.taomee.com,bilinmiyor,çocuk; online,Seer; Mole's World; Taomee kids MMO; China youth platform,bilinmiyor,ofis,özel,Çin çocuk online IP.
Tencent Games,Çin,Shenzhen (Çin),1998 (Tencent); Games group,on binlerce,dünyanın en büyük oyun gelirlerinden,https://game.tencent.com,press@tencentgames.com (basın),yayın; yatırım; PC/mobil,Honor of Kings; PUBG Mobile; Delta Force; Arena of Valor; Level Infinite slate; League of Legends (Riot stake); PUBG Mobile (joint); Level Infinite,bilinmiyor,ofis,Tencent Holdings,"Operatör + yatırımcı: Riot, Epic hissesi, Supercell, Level Infinite."
Tencent IEG,Çin,Shenzhen (Çin),2008 (IEG),on binlerce,oyun ve espor grubu,https://game.tencent.com,press@tencentgames.com (basın),yayın; yatırım; operasyon,Honor of Kings; PUBG Mobile; global publishing; Level Infinite; investments,bilinmiyor,ofis,Tencent,Interactive Entertainment Group.
Tencent Next Studios,Çin,Şanghay (Çin),2018,Tencent içinde,PC/konsol,https://www.tencent.com,press@tencentgames.com (basın),PC/konsol,Next Studios experiments; Code:To Jin Yong eras; Tencent first-party R&D; Shanghai slate; Tencent first-party experiments; various projects,bilinmiyor,ofis,Tencent,Tencent first-party deneysel stüdyo (Şanghay Ar-Ge).
The9,Çin,Şanghay (Çin),1999,~500+,MMO operasyon,https://www.the9.com,bilinmiyor,MMO yayın / operasyon,World of Warcraft China (historical); Firefly Online eras; The9 MMO publishing; Shanghai; WoW China historical; Firefly,bilinmiyor,ofis,halka açık (NASDAQ dönemsel),Klasik Çin MMO operatörü.
TiMi Studio Group,Çin,Shenzhen (Çin),2014 (Tencent içi),binlerce,Honor of Kings / CoD Mobile,https://timi.qq.com,press@tencentgames.com (basın),mobil MOBA / shooter,Honor of Kings; Call of Duty: Mobile; Pokémon UNITE; Arena of Valor,bilinmiyor,ofis,Tencent,Tencent içinde Honor of Kings / COD Mobile ölçeği.
XD Inc. / TapTap,Çin,Şanghay (Çin),2011,~1000+,TapTap mağaza + oyun,https://www.xd.com,bilinmiyor,mobil mağaza / geliştirme,TapTap platform; XD publishing; TapTap; Ulala,bilinmiyor,ofis,halka açık (HK),Keşif odaklı mobil mağaza.
Yoozoo Games,Çin,Şanghay (Çin),2009,~1000+,bilinmiyor,https://www.yoozoo.com,bilinmiyor,mobil / yayın,Guns of Glory; The Grand Mafia; The Settlers (licensing periods) etc.,bilinmiyor,ofis,özel,Çin yayın/geliştirme.
Agate,Diğer Asya,Bandung (Endonezya),2009,~300+,bilinmiyor,https://agate.id,hello@agate.id (genel),mobil / konsol; yerel IP,Locomoto; Indonesian publishing; education games; Indonesian games; Coffee Talk (publishing/joint ecosystem),bilinmiyor,ofis,bağımsız,Endonezya'nın en bilinen stüdyolarından.
Big Ant Studios,Okyanusya,Melbourne (Avustralya),2001,~100–150,spor sim,https://www.bigant.com,press@bigant.com (basın),spor,AO Tennis; Cricket 24; Rugby 22; Rugby,bilinmiyor,ofis,bağımsız,Avustralya spor sim nişi.
Blue Tongue Entertainment,Okyanusya,Melbourne (Avustralya),1995,kapalı (2011),de Blob,,bilinmiyor,aksiyon,de Blob; Jurassic Park: The Game; Star Wars: The Clone Wars; THQ Melbourne era; Jurassic Park: Operation Genesis,-,-,kapalı (THQ),Tarihsel Melbourne stüdyo.
Boomzap Entertainment,Diğer Asya,Singapur / Manila,2006,~100-200,HOPA / casual,https://www.boomzap.com,press@boomzap.com (basın),casual; HOPA,hidden-object Magenta; Escape Games; premium casual; hidden-object / escape puzzles; multiple HOPA titles,bilinmiyor,çok ofisli,bağımsız,SEA casual.
Dhruva Interactive,Diğer Asya,Bangalore (Hindistan),1997,~600+,art / co-dev / port,https://www.dhruva.com,bilinmiyor,hizmet; art; co-dev,Uncharted 4 art support; AAA outsourcing India; Dhruva Starbreeze era; Bengaluru co-dev; India art/co-dev services; very AAA art/co-dev (post-Starbreeze acquisition),bilinmiyor,ofis,Starbreeze (alım) / dönemsel,Hindistan oyun hizmet öncüsü.
Digital Happiness,Diğer Asya,Bandung (Endonezya),2013,~30–60,DreadOut,https://www.digitalhappiness.net,contact@digitalhappiness.net (genel); press@digitalhappiness.net (basın),korku,DreadOut; DreadOut 2; Pamali; Indonesian horror,bilinmiyor,ofis,bağımsız,Endonezya korku indie.
EA Hyderabad,Diğer Asya,Hyderabad (Hindistan),—,EA içi,teknoloji / destek,https://www.ea.com,press@ea.com (basın),teknoloji; destek,EA India services; EA FC / sports technology; EA FC / spor teknolojisi,bilinmiyor,ofis,EA,EA Hindistan teknoloji kampüsü.
Falafel Games,Ortadoğu,Dubai / Beyrut kök,2010,~50–100,strateji / MENA tarih,https://www.falafelgames.com,press@falafel-games.com (basın),strateji / tarih,Dead in Vinland partners; MENA strategy; MENA strategy / publishing partners; Age of Sails periods; Arabian Wars type; Arabian Wars tipi,bilinmiyor,hibrit,bağımsız,MENA tarihli strateji.
Firemonkeys Studios,Okyanusya,Melbourne (Avustralya),1999,~150-200,Real Racing; Sims Mobile,https://www.firemonkeys.com.au,press@ea.com (basın),mobil / yarış,The Sims FreePlay; Real Racing 3; NFS No Limits; The Sims Mobile,bilinmiyor,ofis,EA,EA Avustralya mobil.
Games24x7,Diğer Asya,Mumbai / Bangalore (Hindistan),2006,~2000+,fantasy sports / skill,https://www.games24x7.com,press@games24x7.com (basın),fantasy sports / rummy,RummyCircle; My11Circle; Games24x7 real-money; India gaming; fantasy sports,bilinmiyor,ofis,özel (Tiger Global vb.),Hindistan real-money/skill oyun.
Garena / Sea Limited,Diğer Asya,Singapur,2009,binlerce (Sea Games),Free Fire hasılatı,https://www.garena.com,press@garena.com (basın),mobil / yayın,Free Fire publishing; Garena shell; Sea Limited ecosystem; SEA live ops; Free Fire; Free Fire MAX; Garena Shells,bilinmiyor,karışık,Sea Limited (halka açık),SEA ve LATAM'da Free Fire battle-royale devi.
General Arcade,Okyanusya,Melbourne (Avustralya),2010,~50-100,port / co-dev,https://www.generalarcade.com,press@generalarcade.com (basın),port; co-dev,Capcom Arcade ports; Pac-Man Museum support; arcade conversions; very indie/AA port,bilinmiyor,ofis,bağımsız,Avustralya port uzmanı.
Halfbrick Studios,Okyanusya,Brisbane (Avustralya),2001,~100–200,Fruit Ninja IP,https://halfbrick.com,press@halfbrick.com (basın),mobil casual,Fruit Ninja; Jetpack Joyride; Dan the Man,bilinmiyor,hibrit,bağımsız,Avustralya casual ikonu.
Happylatte,Diğer Asya,Singapur,2015,~50-100,mobil,https://www.happylatte.com,bilinmiyor,mobil casual,Dragon Nest Mobile eras; Happylatte midcore; Singapore mobile; Perfect World ties; Singapore mobile midcore,bilinmiyor,ofis,özel,Singapur mobil.
House House,Okyanusya,Melbourne (Avustralya),2016,~4–8,Untitled Goose Game,https://www.househou.se,press@househou.se (basın),indie stealth / puzzle,Untitled Goose Game; House House comedy sandbox; Australian indie; Panic publishing; weekly update culture,bilinmiyor,küçük,bağımsız,Kaz nişanı küresel indie hit.
JetSynthesys,Diğer Asya,Pune (Hindistan),2012,~100-200,spor / espor / oyun,https://jetsynthesys.com,press@jetsynthesys.com (basın),spor oyun; espor,Baahubali games; sports/IP India; Baahubali / sports IP India; various sports IP,bilinmiyor,ofis,özel,Hindistan spor/oyun.
Krome Studios,Okyanusya,Brisbane (Avustralya),1999,~50-100,Ty the Tasmanian Tiger,https://www.kromestudios.com,press@kromestudios.com (basın),platform,Ty the Tasmanian Tiger; Blade Kitten; The Legend of Spyro; Ty series; Ty serisi,bilinmiyor,ofis,bağımsız,Avustralya platform.
Lakshya Digital,Diğer Asya,Gurgaon / Pune (Hindistan),2004,~500+,art / animation,https://www.lakshyadigital.com,info@lakshyadigital.com (genel); careers@lakshyadigital.com (İK),hizmet; art,Horizon art support; AAA character art; Lakshya Keywords; India outsourcing; AAA art outsourcing; many AAA art/outsourcing,bilinmiyor,çok ofisli,Keywords Studios (alım),Hindistan art hizmet; Keywords.
League of Geeks,Okyanusya,Melbourne (Avustralya),2011,küçük/orta,Armello,https://leagueofgeeks.com,bilinmiyor,dijital board / strateji,Armello; Armello seasons; League of Geeks digital board; Melbourne studio; Armello Unlimited,bilinmiyor,hibrit,bağımsız,Melbourne strateji/board.
Lemon Sky Studios,Diğer Asya,Kuala Lumpur / Cyberjaya (Malezya),2006,~500+,art / cinematic / Unreal,https://www.lemonsky.com,bilinmiyor,hizmet; art; sinematik,Final Fantasy XVI cinematics support; AAA art; Lemon Sky Malaysia; cinematic co-dev; AAA art outsourcing; very AAA art/cinematic,bilinmiyor,ofis,halka açık (Malezya),Malezya büyük art hizmet.
Mail.ru / MY.GAMES,Avrupa,Limassol / Amsterdam (uluslararası),—,~1000+,War Robots; Hustle Castle,https://my.games,press@my.games (basın),mobil / PC yayın,Warface; Hustle Castle; Lost Light; Warface (historical); Left to Survive; Warface (tarihsel),bilinmiyor,karışık,özel / yeniden yapılanmış,Rus kökten uluslararası marka.
Mekan Games,Ortadoğu,Amman (Ürdün),2012,~50+,mobil,https://mekangames.com,bilinmiyor,mobil casual / midcore,MENA casual/midcore; Arabic-localized mobile; Mekan catalog; Middle East live-ops; MENA mobile; various mobile titles,bilinmiyor,ofis,bağımsız,Ürdün mobil stüdyosu.
Moonfrog Labs,Diğer Asya,Bangalore (Hindistan),2013,~200+,board casual,https://moonfrog.com,press@moonfroglabs.com (basın),mobil board / casual,Ludo King; Carrom Pool; Teen Patti; Ludo,bilinmiyor,ofis,özel,Hindistan sosyal casual.
Moonton,Çin,Şanghay / Singapur,2014,~500+,Mobile Legends,https://www.moonton.com,press@moonton.com (basın),mobil MOBA,Mobile Legends: Bang Bang; Magic Chess; Moonton MOBA; ByteDance era; Project NEXT,bilinmiyor,ofis,ByteDance,Mobile Legends: Bang Bang MOBA küresel ölçeği (ByteDance).
Nazara Technologies,Diğer Asya,Mumbai (Hindistan),2000,~1000+ (grup),India gaming holding,https://www.nazara.com,press@nazara.com (basın),yayın; espor; IP,World Cricket Championship; Nodwin; India conglomerate; India gaming conglomerate,bilinmiyor,karışık,halka açık (Hindistan),Hindistan oyun holdingi.
Nodwin Gaming,Diğer Asya,Gurugram (Hindistan),2018,~200+,espor / medya,https://nodwingaming.com,bilinmiyor,espor; medya,BGMI esports India; Nodwin events; Nazara esports; tournament production; esports India / events; tournament and content,bilinmiyor,ofis,Nazara,Hindistan espor.
PlaySide Studios,Okyanusya,Melbourne (Avustralya),2011,~200+,hizmet + IP,https://www.playside.com.au,press@playside.com (basın),hizmet / lisans,Moving Out; Scrabble; Ghost Giant; multi-licensed mobile/console,bilinmiyor,ofis,halka açık (ASX),Avustralya hizmet stüdyosu.
Rockstar India,Diğer Asya,Bangalore (Hindistan),2016,~500+,Rockstar destek,https://www.rockstargames.com,press@rockstargames.com (basın),AAA destek,GTA Online / RDR2 support; GTA/RDR support; GTA/RDR destek,bilinmiyor,ofis,Take-Two / Rockstar,Rockstar Hindistan.
Savvy Games Group,Ortadoğu,Riyad (Suudi Arabistan),2022,yatırım holding,Scopely ~$4.9B; ESL/FACEIT,https://savvygames.com,press@savvygames.com (basın),yatırım / holding,PIF gaming investments; Savvy Holding; esports/venues; PIF gaming investments / Savvy Holding; Scopely; VSPO etc. investments,—,—,PIF (Suudi kamu fonu),MENA'nın en büyük oyun yatırım aracı.
Streamline Studios,Diğer Asya,Kuala Lumpur (Malezya),2001,~100-200,co-dev / art / AVN,https://www.streamline-studios.com,bilinmiyor,hizmet; co-dev,Street Fighter V art support; AAA outsourcing; Streamline Malaysia; co-dev art; art/co-dev; multiple AAA co-dev/art,bilinmiyor,ofis,bağımsız,Malezya co-dev.
Synergy88 Studios,Diğer Asya,Manila (Filipinler),2009,~200+,hizmet / art,https://synergy88studios.com,bilinmiyor,hizmet / co-dev,AAA art Philippines; Synergy88 co-dev; Manila outsourcing; client projects; Philippines co-dev/art; various client projects,bilinmiyor,ofis,özel,Filipinler oyun hizmet stüdyosu.
Toge Productions,Diğer Asya,Jakarta (Endonezya),2009,~30–60,Coffee Talk,https://togeproductions.com,hello@togeproductions.com (genel),görsel roman / cozy,Coffee Talk; A Space for the Unbound; Banyu Hubadak; Indonesian narrative indie; Coffee Talk Episode 2,bilinmiyor,ofis,bağımsız,Güneydoğu Asya cozy/anlatı.
Torus Games,Okyanusya,Melbourne (Avustralya),1994,~50-100,lisans / çocuk / co-dev,https://www.torusgames.com,press@torusgames.com (basın),lisans; co-dev,Barbie; Transformers; Scooby-Doo licensed titles; licensed kids titles; multi-licensed console/mobile,bilinmiyor,ofis,bağımsız,Avustralya uzun soluklu lisans stüdyosu.
Touchten Games,Diğer Asya,Jakarta (Endonezya),2012,~100+,bilinmiyor,https://touchten.com,bilinmiyor,mobil casual,Coffee Talk publishing partnerships; Touchten casual; Indonesia mobile; Jakarta indie; Indonesia casual; various casual titles,bilinmiyor,ofis,bağımsız,Endonezya mobil.
Ubisoft Abu Dhabi,Ortadoğu,Abu Dabi (BAE),2011,~50-100,destek / inovasyon,https://www.ubisoft.com,press@ubisoft.com (basın),destek; AR/deneysel,Assassin's Creed support; Ubisoft MENA; Abu Dhabi campus; localization/live-ops; Ubisoft MENA support; various Ubisoft support,bilinmiyor,ofis,Ubisoft,Destek ve bölgesel programlar için Ubisoft MENA kampüsü.
Ubisoft Philippines,Diğer Asya,Santa Rosa (Filipinler),2016,~200-300,AAA destek,https://www.ubisoft.com,press@ubisoft.com (basın),AAA destek,AC / R6 support; Assassin's Creed / Rainbow Six support; Assassin's Creed / Rainbow Six destek,bilinmiyor,ofis,Ubisoft,Filipinler Ubisoft.
Ubisoft Pune,Diğer Asya,Pune (Hindistan),2008,~500+,mobil + destek,https://www.ubisoft.com,press@ubisoft.com (basın),mobil / destek,Just Dance support; mobile/live-ops; Ubisoft India; Pune campus; Ubisoft mobile and support; various Ubisoft mobile and support,bilinmiyor,ofis,Ubisoft,"Mobil, QA ve live destek için Ubisoft Hindistan stüdyosu."
Ubisoft Singapore,Diğer Asya,Singapur,2008,~300-400,Skull & Bones; AC destek,https://www.ubisoft.com,press@ubisoft.com (basın),AAA / deniz savaşı,Skull and Bones; Assassin's Creed support; Skull & Bones; Assassin's Creed destek,bilinmiyor,ofis,Ubisoft,Güneydoğu Asya Ubisoft.
Virtuos,Diğer Asya,Singapur (+ küresel),2004,~2000+,co-dev / port,https://www.virtuosgames.com,press@virtuosgames.com (basın),hizmet; port; remaster,AAA porting; Final Fantasy ports; Sonic remaster collab; AAA porting / co-dev; many AAA co-dev/remaster,bilinmiyor,çok ofisli,özel,Asya büyük hizmet stüdyosu.
Wargaming,Avrupa,Lefkoşa (Kıbrıs) / küresel,1998,~2000+,World of Tanks ekosistemi,https://wargaming.com,press@wargaming.net (basın),MMO aksiyon,World of Tanks; World of Warships; World of Tanks Blitz; WoT Blitz,bilinmiyor,"dağıtık (Vilnius, Prag…)",özel,World of Tanks franchise ailesi; ücretsiz araç savaşı.
Witch Beam,Okyanusya,Brisbane (Avustralya),2013,küçük,Unpacking hit,https://witchbeam.com.au,hello@witchbeam.com (genel),indie puzzle / zen,Unpacking; Assault Android Cactus; Unlimited Golf; Assembled With Colour,bilinmiyor,uzaktan / küçük ofis,bağımsız,Unpacking ile küresel görünürlük.
Reliance Games,Diğer Asya,Mumbai (Hindistan),2009-2018+,bilinmiyor,lisanslı mobil,https://www.reliancegames.com,jobs@reliancegames.com (İK); media@reliancegames.com (basın); support@reliancegames.com (destek),mobil,Real Cricket; WWE Mayhem; Real Steel; Pacific Rim: The Mobile Game,-,-,Reliance,Reliance Entertainment'ın mobil oyun kolu; halen etkin. Önceki kayıt Zynga India ile karıştırılmıştı.
ACE Team,Latin Amerika,Santiago (Şili),2007,~20–40,bilinmiyor,https://www.aceteam.cl,press@aceteam.cl (basın),indie aksiyon,Rock of Ages; Rock of Ages 2; Abyss Odyssey; Zeno Clash; The Eternal Cylinder,bilinmiyor,küçük ofis,bağımsız,Şili indie; benzersiz sanat yönü.
Afterverse,Latin Amerika,São Paulo (Brezilya),2020,~100–200,mobil / UGC,https://afterverse.com,press@afterverse.com (basın),mobil / metaverse-lite,Bombergrounds; Hyper Scape alumni DNA; Battlelands Royale; Hot Potato!,bilinmiyor,hibrit,özel,Brezilya mobil/UGC.
Aoca Game Lab,Latin Amerika,Salvador / Brezilya,2016,küçük,indie / eğitim,https://aoca.com.br,bilinmiyor,indie; eğitim,Horizon Chase support eras; Brazilian racing indie; Aoca catalog; Latin indie,bilinmiyor,küçük,bağımsız,Brezilya oyun laboratuvarı/stüdyo.
Aquiris Game Studio,Latin Amerika,Porto Alegre (Brezilya),2007,~100–200,Horizon Chase,https://www.aquiris.com.br,press@aquiris.com.br (basın),yarış / konsol,Horizon Chase; Horizon Chase Turbo; Horizon Chase 2; (historical) Crackdown 3 support,bilinmiyor,ofis,bağımsız,Brezilya konsol görünürlüğü.
Behold Studios,Latin Amerika,Brasília (Brezilya),2009,~10-30,Knights of Pen & Paper; Dungeon of Zolthan,https://beholdstudios.com.br,contact@beholdstudios.com.br (genel),indie RPG / pixel,Knights of Pen and Paper; Moonlighter; Knights of Pen and Paper 2; Knights of Pen & Paper; Starlit Adventures,bilinmiyor,küçük,bağımsız,Brezilya pixel RPG.
Black River Studios,Latin Amerika,Manaus (Brezilya),2014,~50–100,Amazon içi,https://www.blackriverstudios.com,bilinmiyor,mobil / Amazon,Dandara; Aeterna Noctis publishing partnerships; Black River Amazon; Brazil studio; various Amazon Appstore titles,bilinmiyor,ofis,Amazon,Amazon'un Brezilya stüdyosu.
Cleverlik / Mexico — Kaxan Games,Latin Amerika,Guadalajara (Meksika),2012,~20-40,indie / VR,https://www.kaxangames.com,bilinmiyor,indie; VR,Mexican indie catalog; Kaxan partnership; LATAM co-dev; Cleverlik slate,bilinmiyor,ofis,bağımsız,Meksika indie/VR.
Duaik Entretenimento,Latin Amerika,Belo Horizonte (Brezilya),2012,~10-30,Fobia; indie korku,https://duaik.com.br,bilinmiyor,korku / indie,Horizon Chase Turbo; Horizon Chase 2; Brazilian arcade racing; Aquiris sister era; Fobia: St. Dinfna Hotel,bilinmiyor,küçük,bağımsız,Brezilya korku indie.
Dumativa,Latin Amerika,Belo Horizonte (Brezilya),2012,~30-60,indie / hizmet,https://dumativa.com.br,bilinmiyor,indie; hizmet,Horizon Chase audio/co-dev; Dumativa services; Brazil co-dev; music/tech,bilinmiyor,ofis,bağımsız,Brezilya indie/hizmet.
Etermax,Latin Amerika,Buenos Aires (Arjantin),2009,~300-500,Trivia Crack,https://www.etermax.com,press@etermax.com (basın),mobil trivia,Trivia Crack; Trivia Crack 2; Etermax trivia; Argentina mobile; Word Crack,bilinmiyor,ofis,özel,LatAm casual hit.
Hoplon Infotainment,Latin Amerika,Florianópolis (Brezilya),2004,~50-100,MMO / F2P,https://www.hoplon.com,bilinmiyor,MMO / F2P,Heavy Metal Machines; Hoplon MOBA/racing; Brazilian multiplayer; Hoplon catalog; Taikodom; Combat Arms BR,bilinmiyor,ofis,bağımsız,Brezilya F2P/MMO.
IguanaBee,Latin Amerika,Santiago (Şili),2010,~30-60,co-dev / art,https://www.iguanabee.com,bilinmiyor,hizmet; co-dev,IguanaBee co-dev; Chile/ LatAm services; ports and support; IguanaBee slate,bilinmiyor,ofis,bağımsız,Şili co-dev.
Jandusoft,Latin Amerika,Mendoza (Arjantin),2012,~50–100,bilinmiyor,https://jandusoft.com,bilinmiyor,mobil / konsol,Jandusoft VR/co-dev; Argentine studio services; LatAm outsourcing; Jandusoft catalog; various midcore / port,bilinmiyor,ofis,bağımsız,Arjantin stüdyosu.
JoyMasher,Latin Amerika,Brezilya,2013,küçük,pixel aksiyon,https://joymasher.com,hello@joymasher.com (genel),indie aksiyon,Odallus; The Last Door contributions; JoyMasher pixel action; Brazilian retro; Die By The Blade,bilinmiyor,küçük,bağımsız,Brezilya pixel aksiyon.
Kaxan Games,Latin Amerika,Guadalajara (Meksika),2012,~20-40,indie / VR,https://www.kaxangames.com,bilinmiyor,indie; VR,Mexican indie development; Kaxan catalog; LATAM narrative/action; Kaxan games,bilinmiyor,ofis,bağımsız,Meksika indie.
Kokku,Latin Amerika,Recife (Brezilya),2009,~100–200,hizmet + IP,https://kokku.com.br,hello@kokku.com.br (genel),hizmet / Unreal,Brazil AAA art/co-dev; character/environment art; various co-dev; Fortnite creative; Fortnite kreatif,bilinmiyor,ofis,bağımsız,Recife teknik stüdyo.
Nimble Giant Entertainment,Latin Amerika,Buenos Aires (Arjantin),2002,~100-200,co-dev / MMO,https://www.nimblegiant.com,press@nimblegiant.com (basın),co-dev,Hellpoint; Remnant co-dev; LatAm AAA services; various co-dev,bilinmiyor,ofis,Embracer,Arjantin co-dev.
Squad,Latin Amerika,Mexico City (Meksika),2010,~30-60,Kerbal Space Program,https://squad.com,contact@joinsquad.com (genel); press@squad.com.mx (basın),uzay sim,Kerbal Space Program; Kerbal Space Program 2 (period); Squad Mexican studio; Take-Two era; Kerbal Space Program 2 (handoff),bilinmiyor,ofis,Take-Two (IP),KSP orijinal; Meksika.
Swordtales,Latin Amerika,Porto Alegre (Brezilya),2014,~10-30,bilinmiyor,https://swordtales.com,bilinmiyor,indie aksiyon,Ghost of a Tale publishing/dev ties; Swordtales narrative; Brazilian indie; Swordtales catalog; Toren,bilinmiyor,küçük,bağımsız,Brezilya indie aksiyon.
Ubisoft São Paulo,Latin Amerika,São Paulo (Brezilya),2008,kapalı (2015),destek,,press@ubisoft.com (basın),AAA destek,historical LatAm Ubisoft; Ubisoft support; Ubisoft destek,-,-,kapalı (Ubisoft),Tarihsel LatAm Ubisoft.
Wildlife Studios,Latin Amerika,São Paulo / Rio (Brezilya),2011,~1000+ (zirve; sadeleşme),mobil hypercasual/hybrid gelir,https://wildlife.io,press@wildlifestudios.com (basın),mobil casual / spor,Zooba; Tennis Clash; War Alliance; Color Switch (historical); Sniper 3D; tennis/soccer titles; Color Switch (tarihsel),bilinmiyor,hibrit,özel (yatırımcılar),LatAm'ın en büyük mobil stüdyolarından.
505 Games,Yayıncılar / platformlar,Milano (İtalya),2006,~300+ (grup),yayın hitleri,https://505games.com,press@505games.com (basın),yayın,Control; Assetto Corsa; Death Stranding (west hist.); Death Stranding (PC),bilinmiyor,karışık,Digital Bros,AA yayıncı; Control ve yarış/sim ortaklıkları.
Adult Swim Games,Yayıncılar / platformlar,"Atlanta, GA (ABD)",2011,küçük birim,indie yayın,https://games.adultswim.com,bilinmiyor,indie yayın,Rick and Morty games; indie oddities; various alternative indie,bilinmiyor,hibrit,Warner Bros. Discovery,Alternatif indie etiketi.
Aeria Games (tarihsel),Yayıncılar / platformlar,Santa Clara / Berlin,2006,dönemsel / birleşti,MMO yayın,https://www.aeriagames.com,bilinmiyor,MMO yayın,Grand Fantasia; SpongeBob games publishing; Aeria free-to-play; historical publisher; various free-to-play,-,-,gamigo / birleşmeler,Tarihsel F2P yayın.
Aksys Games,Yayıncılar / platformlar,"Torrance, CA (ABD)",2006,~20-40,VN / dövüş yayın,https://www.aksysgames.com,press@aksysgames.com (basın),yayın,VN / action west publishing; BlazBlue west; VN,bilinmiyor,ofis,bağımsız,VN/dövüş niş yayın.
Akupara Games,Yayıncılar / platformlar,"Los Angeles, CA (ABD)",2016,küçük,indie yayın,https://akuparagames.com,bilinmiyor,indie yayın,narrative indie publishing; Darkwood; Unavowed,bilinmiyor,hibrit,bağımsız,Kuratör indie yayın.
Annapurna Interactive,Yayıncılar / platformlar,"Los Angeles, CA (ABD)",2016,küçük/orta,kuratör yayın,https://annapurnainteractive.com,press@annapurna.pictures (basın),indie yayın,Stray; Outer Wilds; Edith Finch; Sayonara Wild Hearts; What Remains of Edith Finch,bilinmiyor,karışık,Annapurna Pictures,Prestij indie yayıncı; Stray ve Outer Wilds öne çıkanlar.
Apple Arcade,Yayıncılar / platformlar,"Cupertino, CA (ABD)",2019,Apple içinde,abonelik oyun,https://www.apple.com/apple-arcade,bilinmiyor,abonelik platformu,Sayonara Wild Hearts; Oceanhorn 2; Sneaky Sasquatch; Apple Arcade exclusives catalog; subscription catalog publishing; hundreds of subscription titles,—,—,Apple,Apple'ın abonelik oyun servisi ve kürasyonlu kataloğu.
Application Systems Heidelberg,Yayıncılar / platformlar,Heidelberg (Almanya),1985,küçük/orta,Mac/Linux / niş yayın,https://www.application-systems.de,bilinmiyor,yayın; Mac,The Settlers lineage publishing eras; German classic PC; Application Systems catalog; strategy classics; various Mac/indie,bilinmiyor,ofis,bağımsız,Almanya uzun soluklu niş yayın.
Armor Games Studios,Yayıncılar / platformlar,"Irvine, CA (ABD)",2018 (Armor Games kök),~30-60,indie yayın,https://armorgamesstudios.com,press@armorgames.com (basın); business@armorgames.com (iş),indie yayın,web-to-Steam indie publishing; Typoman; First Dwarf,bilinmiyor,hibrit,bağımsız,Flash kökünden yayıncı.
Assemble Entertainment,Yayıncılar / platformlar,Mainz (Almanya),2016,küçük/orta,indie yayın,https://www.assemble-entertainment.com,info@assemble-entertainment.com (genel); press@assemble-entertainment.com (basın),yayın,Farm Manager; Construction Simulator publishing eras; Assemble German sims; indie publishing; German indie publishing; various sim/indie,bilinmiyor,ofis,bağımsız,Alman sim/indie yayın.
Atlus USA,Yayıncılar / platformlar,"Irvine, CA (ABD)",1991,~50-100,Persona batı yayın,https://atlus.com,press@atlus.com (basın),yayın,Atlus west publishing; Persona; SMT west,bilinmiyor,ofis,Sega / Atlus,Atlus batı yayın kolu.
Badland Games / BadLand Publishing,Yayıncılar / platformlar,İspanya / AB,2014,küçük/orta,yayın,https://badlandgames.com,press@badlandgames.com (basın),yayın,The Shapeshifting Detective; BadLand indie slate; European publishing; curated indies; European indie publishing; various indie/AA,bilinmiyor,hibrit,bağımsız,İber/AB yayın.
Bandai Namco Entertainment Europe,Yayıncılar / platformlar,Lyon (Fransa),—,Bandai Namco içi,Avrupa yayın,https://www.bandainamcoent.com,press@bandainamcoent.com (basın),yayın,Tekken; Dark Souls; Elden Ring EU publishing; Bandai Namco Europe; BNE Europe publishing; European BNE portfolio,bilinmiyor,ofis,Bandai Namco,Tekken/Soulsborne vb. için BNE Avrupa yayın kolu.
Capcom Europe,Yayıncılar / platformlar,Londra (BK),—,Capcom içi,Avrupa yayın,https://www.capcom-europe.com,press@capcom.com (basın),yayın,Resident Evil; Monster Hunter; Street Fighter EU; Capcom Europe publishing; Capcom European portfolio,bilinmiyor,ofis,Capcom,Capcom'un Avrupa yayın ve pazarlama organizasyonu.
Capcom USA,Yayıncılar / platformlar,"San Francisco, CA (ABD)",—,Capcom içi,batı yayın,https://www.capcomusa.com,press@capcom.com (basın),yayın,Capcom America publishing; RE; MH; Street Fighter west,bilinmiyor,ofis,Capcom,Capcom Amerika.
Chucklefish,Yayıncılar / platformlar,Londra (BK),2011,~50–100,yayın + geliştirme,https://chucklefish.org,press@chucklefish.org (basın),indie yayın / geliştirme,Wargroove; Eastward; Stardew Valley (hist. publish); Stardew (hist. publish); Stardew Valley (early release),bilinmiyor,hibrit,bağımsız,Erken Stardew yayıncısı.
Coffee Stain Publishing,Yayıncılar / platformlar,Skövde (İsveç),2017,Coffee Stain grubu,indie-AA yayın,https://coffeestain.com/publishing,press@coffeestainstudios.com (basın),yayın,Valheim; Deep Rock Galactic; Satisfactory; Goat Simulator,bilinmiyor,karışık,Embracer / Coffee Stain,Satisfactory stüdyosunun yayın kolu.
Crytivo,Yayıncılar / platformlar,ABD / küresel,2016,~20-40,indie yayın,https://crytivo.com,support@crytivo.com (destek),yayın / sim,The Planet Crafter publishing; Crytivo indie publishing; simulation slate; Crytivo catalog; The Planet Crafter; sim,bilinmiyor,hibrit,bağımsız,Sim/indie yayın.
Curve Games,Yayıncılar / platformlar,Londra (BK),2005,~50–100,indie-AA yayın,https://www.curvegames.com,press@curvegames.com (basın),yayın,Human: Fall Flat; PowerWash Simulator (hist.); Human Fall Flat; For the King,bilinmiyor,hibrit,bağımsız,Britanya indie yayın.
Dangen Entertainment,Yayıncılar / platformlar,Tokyo / küresel,2016,küçük,indie yayın,https://dangenentertainment.com,bilinmiyor,indie yayın,The Messenger; Gato Roboto; Dangen Japanese indie west; boutique publishing; Japanese indie west publishing; various Japanese/indie,bilinmiyor,hibrit,bağımsız,Japon odaklı indie yayın.
Dear Villagers,Yayıncılar / platformlar,Montpellier (Fransa),2012,~50-100,indie yayın,https://www.dearvillagers.com,bilinmiyor,indie yayın,Haven; Sable; Dear Villagers slate; French indie publishing; various European indie,bilinmiyor,ofis,Plug In Digital,Fransız indie yayın.
Deep Silver,Yayıncılar / platformlar,Münih / Planegg (Almanya),2002,Plaion içi,AA/AAA yayın,https://www.deepsilver.com,press@deepsilver.com (basın),yayın,Dead Island 2; Saints Row; Metro Exodus; Dead Island; Saints Row (historical); Metro (publishing periods); Saints Row (tarihsel),bilinmiyor,ofis,Embracer / Plaion,Plaion yayın etiketi.
Devolver Digital,Yayıncılar / platformlar,"Austin, TX (ABD)",2009,~100–200,indie yayın hitleri,https://www.devolverdigital.com,press@devolverdigital.com (basın),indie yayın,Hotline Miami; Cult of the Lamb; Inscryption; Carrion; Katana ZERO; Enter the Gungeon; Loop Hero,bilinmiyor,uzaktan dostu kültür,halka açık (BK/ABD),Pazarlama sesi ve kürasyonlu tuhaflığıyla ünlü indie yayıncı.
Digerati,Yayıncılar / platformlar,Sheffield (BK),2016,küçük,indie yayın,https://digerati.online,bilinmiyor,yayın,Digerati indie publishing; curated boutique releases; multi-platform indies; Digerati catalog; various niche indie,bilinmiyor,hibrit,bağımsız,Niş indie yayın.
Epic Games Publishing,Yayıncılar / platformlar,"Cary, NC (ABD)",2019,Epic içinde,üçüncü parti fon/yayın,https://www.epicgames.com,press@epicgames.com (basın),yayın,Alan Wake 2; Fall Guys; Kid A Mnesia; Fall Guys (historical operation); Fall Guys (tarihsel operasyon),bilinmiyor,karışık,Epic Games,UE + mağaza stratejili yayın.
Fangamer,Yayıncılar / platformlar,"Tucson, AZ (ABD)",2007,~50-100,merch + yayın,https://www.fangamer.com,bilinmiyor,merch; niş yayın,Undertale; Deltarune; Fangamer specialty publishing; indie physical/merch; Undertale/Deltarune merch; various publishing,bilinmiyor,ofis,bağımsız,Indie merch + yayın.
Fellow Traveller,Yayıncılar / platformlar,Melbourne (Avustralya),2011 (Ghostpatch mirası),küçük/orta,kuratör yayın,https://fellowtraveller.games,press@fellowtraveller.games (basın),indie yayın,indie narrative publishing slate; Paradise Killer; Hacknet; The Forgotten City,bilinmiyor,uzaktan,bağımsız,Anlatı/indie kuratör.
Fig,Yayıncılar / platformlar,"San Francisco, CA (ABD)",2015,kapalı,crowdfunding yayın,https://www.fig.co,bilinmiyor,kitle fonlama,crowdfunding / publishing experiments; Psychonauts 2 funding; Psychonauts 2 fonlama,-,-,kapalı,Tarihsel crowdfunding yayın.
Finji,Yayıncılar / platformlar,"Grand Rapids, MI (ABD)",2006,küçük,kuratör yayın,https://finji.co,hello@finji.co (genel),indie yayın,Tunic; Chicory; Overland; Tunic DLC; Wilmot's Warehouse,bilinmiyor,uzaktan,bağımsız,Prestij küçük yayın.
Fireshine Games,Yayıncılar / platformlar,Brighton (BK),2020,~50-100,yayın,https://fireshinegames.co.uk,press@fireshinegames.co.uk (basın),yayın,Hard West 2; Fireshine AA/indie; UK publishing; Sold Out lineage; AA/indie publishing UK; various indie-AA,bilinmiyor,hibrit,bağımsız,Britanya yayın.
Freedom Games,Yayıncılar / platformlar,ABD,2020,küçük/orta,indie-AA yayın,https://freedomgames.com,bilinmiyor,yayın,Coral Island; Freedom Games cozy/sim; indie publishing; multi-platform,bilinmiyor,hibrit,bağımsız,ABD yayıncı.
Frontier Foundry,Yayıncılar / platformlar,Cambridge (BK),2019,Frontier içi,indie-AA yayın,https://www.frontierfoundry.com,contact@frontierfoundry.com (genel),yayın,Jurassic World Evolution publishing adjacent; Frontier Foundry label; Elite Dangerous ecosystem; sim/indie; Frontier publishing label; various sim/indie,bilinmiyor,hibrit,Frontier Developments,Frontier yayın kolu.
Gamigo,Yayıncılar / platformlar,Hamburg (Almanya),2000,~200-400,MMO yayın,https://www.gamigo.com,bilinmiyor,MMO yayın,Trove; ArcheAge publishing eras; Gamigo MMO; free-to-play catalog; various MMO,bilinmiyor,ofis,Heroes / özel,Alman MMO yayın.
GOG.com (CD PROJEKT),Yayıncılar / platformlar,Varşova (Polonya),2008,CDPR içinde,DRM-free mağaza,https://www.gog.com,support@gog.com (destek),dijital mağaza,GOG Galaxy; DRM-free classics; Witcher trilogy storefront; classic + new DRM-free; klasik + yeni DRM-free,—,—,CD PROJEKT,CD PROJEKT RED'in DRM'siz PC mağaza kardeşi.
Good Shepherd Entertainment,Yayıncılar / platformlar,Amsterdam (Hollanda),2011,küçük/orta,indie yayın,https://goodshepherd.games,info@goodshepherd.games (genel); press@goodshepherd.games (basın),indie yayın,indie publishing; Slay the Spire (early); Monster Train; Slay the Spire (erken),bilinmiyor,hibrit,bağımsız,Strateji/roguelike yayın.
H2 Interactive,Yayıncılar / platformlar,Seoul (Güney Kore),2013,~50-100,KR/ASYA yayın,https://www.h2.co.kr,bilinmiyor,yayın,Black Desert KR west eras; H2 Interactive PC; Korean publishing; Seoul/west slate; KR west publishing; various PC/console KR,bilinmiyor,ofis,bağımsız,Kore bölgesel yayın.
Headup Games,Yayıncılar / platformlar,Düren (Almanya),2009,küçük/orta,indie yayın,https://headupgames.com,info@headupgames.com (genel); press@headupgames.com (basın),yayın,The Inner World; Headup German indie; boutique publishing; Cologne slate; German indie publishing; various German/indie,bilinmiyor,ofis,bağımsız,Alman indie yayın.
Hooded Horse,Yayıncılar / platformlar,küresel,2020,küçük,strateji yayın,https://hoodedhorse.com,press@hoodedhorse.com (basın),strateji yayın,Against the Storm; Manor Lords (publish); Songs of Conquest; Manor Lords,bilinmiyor,uzaktan,bağımsız,Strateji küratör yayın.
Humble Games,Yayıncılar / platformlar,"San Francisco, CA (ABD)",—,küçük,Humble Bundle ekosistemi,https://humblegames.com,press@humblegames.com (basın),indie yayın,Slay the Spire; A Short Hike; Humble Games indie; curated digital publishing; indie publishing slate; various indie titles,bilinmiyor,uzaktan ihtimali,Iginternet / özel,Humble Bundle ekosisteminden doğan indie yayın etiketi.
iam8bit,Yayıncılar / platformlar,"Los Angeles, CA (ABD)",2005,küçük/orta,vinyl / özel baskı,https://iam8bit.com,bilinmiyor,özel baskı; müzik,specialty physical / soundtrack publishing; game soundtrack + collection; oyun soundtrack + koleksiyon,bilinmiyor,ofis,bağımsız,Oyun kültürü özel baskı.
Iceberg Interactive,Yayıncılar / platformlar,Haarlem (Hollanda),2009,küçük/orta,indie yayın,https://iceberg-games.com,info@iceberg-games.com (genel); press@iceberg-games.com (basın),indie yayın,Gas Guzzlers Extreme; Iceberg strategy/indie; European publishing; Netherlands slate; European indie/AA publishing; various strategy/indie,bilinmiyor,hibrit,bağımsız,Hollanda indie yayın.
Idea Factory International,Yayıncılar / platformlar,California (ABD),2013,~30-60,batı yayın,https://ifi.games,press@ideafintl.com (basın),yayın,Otomate / Idea Factory west; Neptunia west; various JRPG,bilinmiyor,ofis,Idea Factory,IF batı yayın.
itch.io,Yayıncılar / platformlar,küresel (ABD kayıt),2013,küçük ekip,açık pazar yeri,https://itch.io,bilinmiyor,dijital mağaza / indie,Celeste (storefront); Hollow Knight (storefront); thousands of indie SKUs; itch.io platform; indie digital storefront; hundreds of thousands of indie titles,—,uzaktan,bağımsız,Yaratıcı odaklı indie dijital vitrin ve açık pazar yeri.
Kepler Interactive,Yayıncılar / platformlar,Londra / Paris,2022,küçük/orta,indie-AA yayın collective,https://kepler-interactive.com,press@keplerians.com (basın),yayın,AA multi-studio collective publishing; Clair Obscur; Sifu (not related to Sloclap — portfolio),bilinmiyor,karışık,özel (netease yatırımı dönemsel),Avrupa yayın collective.
Koch Media,Yayıncılar / platformlar,Planegg (Almanya),1994,Plaion olarak rebrand,yayın; dağıtım,https://www.plaion.com,press@plaion.com (basın),yayın,Plaion legacy brand; European distribution; Deep Silver label; Deep Silver etiketi,bilinmiyor,ofis,Embracer,Tarihsel ad; Plaion devam.
Konami Digital Entertainment US,Yayıncılar / platformlar,ABD,—,Konami içi,batı yayın,https://www.konami.com,press@konami.com (basın),yayın,Konami west publishing; eFootball; Silent Hill west,bilinmiyor,ofis,Konami,Konami batı operasyonu.
Limited Run Games,Yayıncılar / platformlar,"Apex, NC (ABD)",2015,~100+,fiziksel özel baskı,https://limitedrungames.com,press@limitedrungames.com (basın),fiziksel yayın,Bloodborne physical; classic re-releases; Limited Run specialty; collector editions; physical specialty releases; multiple special edition,bilinmiyor,ofis,bağımsız,Fiziksel koleksiyon yayıncı.
Maximum Entertainment,Yayıncılar / platformlar,küresel,2022,~200+,AA yayın,https://www.maximument.com,press@maximument.com (basın),yayın,AA publishing consolidation; Modus portfolio; various AA,bilinmiyor,karışık,özel,Modus birlesmesi.
Merge Games,Yayıncılar / platformlar,Liverpool / Widnes (BK),2011,küçük/orta,indie yayın,https://www.mergegames.com,info@mergegames.com (genel); press@mergegames.com (basın),yayın,Forever Skies publishing eras; Merge Games indie; UK publishing; multi-platform; indie publishing; various indie/AA,bilinmiyor,ofis,bağımsız,BK indie yayın.
Modus Games,Yayıncılar / platformlar,Galveston / küresel,2018 (Maximum mirası),~100+,AA yayın,https://www.modusgames.com,press@modusgames.com (basın),yayın,AA publishing slate; Remnant (early period); various AA,bilinmiyor,karışık,Maximum Entertainment,AA/multiplat yayın.
NetherRealm Studios,Yayıncılar / platformlar,"Chicago, IL (ABD)",2009 (Midway mirası),~200–300,MK / Injustice,https://www.netherrealm.com,press@warnerbros.com (basın),dövüş,Mortal Kombat 1; Mortal Kombat 11; Injustice 2; Injustice; Mortal Kombat,bilinmiyor,ofis,Warner Bros. Games,Mortal Kombat / Injustice dövüş oyunu uzmanı.
New Blood Interactive,Yayıncılar / platformlar,ABD,2014,küçük,retro FPS yayın,https://newblood.games,press@newblood.games (basın),indie yayın / FPS,ULTRAKILL; Faith; Amid Evil; Dusk (publish); Dusk,bilinmiyor,uzaktan,bağımsız,Boomer shooter dalgası.
Nintendo Publishing,Yayıncılar / platformlar,Kyoto (Japonya),—,Nintendo,first-party + third,https://www.nintendo.com,press@noa.nintendo.com (basın),yayın,Nintendo first/third-party Switch publishing; Mario; Zelda; third-party Switch,—,—,Nintendo,Nintendo yayın şemsiyesi.
NIS America,Yayıncılar / platformlar,California (ABD),2003,~50-100,JRPG batı yayın,https://www.nisamerica.com,press@nisamerica.com (basın),yayın,NIS America publishing slate; Disgaea west; VN/JRPG,bilinmiyor,ofis,Nippon Ichi,JRPG/VN batı yayın.
Panic,Yayıncılar / platformlar,"Portland, OR (ABD)",1997,~50–100,yazılım + oyun yayın,https://panic.com,bilinmiyor,indie yayın; Mac yazılım,Firewatch; Untitled Goose Game (publish); Playdate; Untitled Goose Game,bilinmiyor,hibrit,bağımsız,Playdate donanımı + kuratör oyun.
Paradox Arc,Yayıncılar / platformlar,Stockholm (İsveç),2021,Paradox içi,niş strateji yayın,https://www.paradoxinteractive.com,pr@paradoxinteractive.com (basın),yayın,Star Trek: Infinite; Cities: Skylines II partners; Paradox Arc third-party; strategy publishing; Paradox partner publishing; third-party strategy/sim,bilinmiyor,hibrit,Paradox Interactive,Üçüncü taraf strateji/sim için Paradox partner yayın etiketi.
Phoenixx,Yayıncılar / platformlar,Tokyo (Japonya),2019,küçük/orta,indie/AA yayın,https://phoenixx.jp,bilinmiyor,yayın,VA-11 Hall-A JP; Japanese indie publishing; Phoenixx catalog; Tokyo west/JP bridge; various JP/indie,bilinmiyor,ofis,bağımsız,Japon yayıncı.
Playism / Active Gaming Media,Yayıncılar / platformlar,Osaka / Tokyo (Japonya),2011,~50-100,Japon indie batıya,https://playism.com,bilinmiyor,indie yayın / lok.,Japanese indie west publishing; Touhou related; various JP indie; Touhou ilgili,bilinmiyor,ofis,Active Gaming Media,JP indie ihracat yayıncısı.
PlayStack,Yayıncılar / platformlar,Londra (BK),2016,küçük/orta,mobil/indie yayın,https://playstack.com,bilinmiyor,yayın,Golf Club Wasteland; PlayStack UK indie; mobile/console publishing; London slate; UK indie publishing; various mobile/indie,bilinmiyor,hibrit,bağımsız,BK yayıncı.
PlayStation Publishing / SIE,Yayıncılar / platformlar,San Mateo / Tokyo,—,SIE,konsol yayın,https://www.playstation.com,press@playstation.com (basın),yayın,PS5 first-party publishing; PS Plus catalog; God of War; Spider-Man; Helldivers 2,—,—,Sony,SIE yayın şemsiyesi.
Plug In Digital,Yayıncılar / platformlar,Montpellier (Fransa),2012,~50-100,yayın / dağıtım,https://www.plugin-digital.com,bilinmiyor,yayın; dağıtım,Dead Cells services eras; Plug In Digital; European indie services; Dear Villagers parent; European indie services/publishing; Dear Villagers,bilinmiyor,ofis,bağımsız,Fransız yayın/dağıtım.
Portkey Games,Yayıncılar / platformlar,Londra / küresel (WB etiketi),2017,küçük yayın birimi,Hogwarts Legacy (Avalanche),https://www.portkeygames.com,press@warnerbros.com (basın),yayın; Harry Potter IP,Hogwarts Legacy; Hogwarts Mystery; Quidditch Champions; Wonderbook (historical); Wonderbook (tarihsel),bilinmiyor,karışık,Warner Bros. Games,HP oyun etiketi.
Private Division,Yayıncılar / platformlar,New York (Take-Two etiketi),2017,küçük yayın birimi,Take-Two içinde,https://www.privatedivision.com,press@privatedivision.com (basın),indie-AA yayın,Kerbal Space Program 2; Ancestors; Outer Worlds (hist.); Take-Two indie/AA label; The Outer Worlds (historical); The Outer Worlds (tarihsel),bilinmiyor,karışık,Take-Two,"Take-Two indie/AA etiketi (KSP2, Ancestors)."
Pub Games,Yayıncılar / platformlar,ABD,2020,küçük,indie yayın,https://www.pub.games,bilinmiyor,indie yayın,indie digital publishing; Pub Games catalog; curated releases; multi-platform indies; indie publishing; various indie,bilinmiyor,uzaktan,bağımsız,Küçük indie yayın.
Ravenscourt,Yayıncılar / platformlar,Almanya,2014,Plaion içi,indie-AA yayın,https://www.ravenscourt.games,press@plaion.com (basın),yayın,Shadow Tactics publishing eras; Ravenscourt Plaion; German indie label; Embracer; Plaion indie label; various indie/AA,bilinmiyor,hibrit,Embracer / Plaion,Plaion/Embracer indie yayın etiketi.
Raw Fury,Yayıncılar / platformlar,Stockholm (İsveç),2015,küçük/orta,indie yayın,https://rawfury.com,hello@rawfury.com (genel),indie yayın,Cassette Beasts; Star Renegades; Kingdom; Sable; Norco,bilinmiyor,uzaktan / AB,bağımsız,Güçlü AB ayak iziyle kürasyonlu indie yayıncı.
Rebellion Publishing,Yayıncılar / platformlar,Oxford (BK),—,Rebellion içi,yayın / comic,https://rebellion.com,press@rebellion.co.uk (basın),yayın,Sniper Elite 5; Zombie Army 4; 2000 AD games; Rebellion first-party publishing; Sniper Elite,bilinmiyor,ofis,Rebellion,"Rebellion yayın kolu (Sniper Elite, 2000 AD oyunları)."
Robot Teddy,Yayıncılar / platformlar,BK / küresel,2018,küçük,indie yayın / danışmanlık,https://www.robotteddy.com,bilinmiyor,indie yayın,No Man's Sky consulting eras; Robot Teddy UK; indie advisory/publishing; Thunderful ties; UK indie publishing; Various indie (No Man's Sky consulting historical),bilinmiyor,uzaktan,bağımsız / Thunderful ilişkili,Indie yayın ve strateji.
Sega Europe,Yayıncılar / platformlar,Londra (BK),—,Sega içi,Avrupa yayın,https://www.sega.co.uk,press@sega.com (basın),yayın,Sega EU publishing; Total War; Football Manager; Sonic Europe; Sonic Avrupa,bilinmiyor,ofis,Sega,Sega Avrupa.
Sega of America,Yayıncılar / platformlar,"Irvine, CA (ABD)",—,Sega içi,ABD yayın,https://www.sega.com,press@sega.com (basın),yayın,Sega west publishing; Sonic; Total War west,bilinmiyor,ofis,Sega,Sega Amerika.
Skybound Games,Yayıncılar / platformlar,"Los Angeles, CA (ABD)",2018,küçük/orta,TWD IP,https://www.skybound.com,bilinmiyor,yayın / IP,The Walking Dead games; Invincible; TWD games; TWD oyunlari,bilinmiyor,karışık,Skybound Entertainment,Kirkman IP yayın.
Slitherine,Yayıncılar / platformlar,BK / İtalya,2000,~100-200,wargame yayın,https://www.slitherine.com,press@slitherine.com (basın),wargame yayın,Panzer Corps; Command: Modern Operations; wargames,bilinmiyor,karışık,bağımsız,Wargame yayıncısi.
Soedesco,Yayıncılar / platformlar,Rotterdam (Hollanda),2000,~50-100,yayın,https://www.soedesco.com,info@soedesco.com (genel); press@soedesco.com (basın),yayın,Road to Guangdong; Soedesco European retail/publishing; AA/indie; Netherlands; European publishing / retail; various AA/indie,bilinmiyor,ofis,bağımsız,Hollanda yayın.
Sold Out,Yayıncılar / platformlar,Londra (BK),2008,~50-100,fiziksel/dijital yayın,https://www.soldout.games,bilinmiyor,yayın; dağıtım,retail distribution UK; Fireshine relationship; Sold Out publishing; physical/digital UK; retail / publishing UK; various (Fireshine relationship),bilinmiyor,ofis,bağımsız / Fireshine köken,BK yayın/dağıtım; Fireshine ile bağlantılı.
Sony Interactive Entertainment America,Yayıncılar / platformlar,"San Mateo, CA (ABD)",1995,SIE içi,Amerika PlayStation yayın,https://www.playstation.com,press@playstation.com (basın),yayın / platform,God of War; Spider-Man; The Last of Us; Horizon Forbidden West; PlayStation America first-party portfolio; PlayStation America portfolio,bilinmiyor,ofis,Sony,Amerika için PlayStation Studios yayın/operasyon kolu.
Sony Interactive Entertainment Europe,Yayıncılar / platformlar,Londra (BK),1995,SIE içi,Avrupa PlayStation yayın,https://www.playstation.com,press@playstation.com (basın),yayın / platform,Gran Turismo; Horizon; PlayStation Studios EU; PlayStation Europe first-party portfolio; PlayStation Europe portfolio,bilinmiyor,ofis,Sony,EMEA için PlayStation Studios yayın/operasyon kolu.
Special Reserve Games,Yayıncılar / platformlar,"Austin, TX (ABD)",2017,küçük,fiziksel özel baskı,https://specialreservegames.com,bilinmiyor,fiziksel yayın,collector physical editions; Special Reserve slate; limited console runs; specialty; physical specialty releases; multiple special edition,bilinmiyor,hibrit,bağımsız,Fiziksel koleksiyon.
Square Enix Collective,Yayıncılar / platformlar,Londra / Tokyo,2014,küçük birim,indie yayın,https://collective.square-enix.com,press@square-enix.com (basın),indie yayın,Tomb Raider indie adjacent; Circuit Superstars; Square Enix Collective; indie label; Square Enix indie label; various indie,bilinmiyor,hibrit,Square Enix,Square Enix indie-dostu yayın etiketi.
Square Enix Europe / Eidos,Yayıncılar / platformlar,Londra (BK),2000 (Eidos mirası),SE içi,Crystal / Eidos yayın,https://www.square-enix.com,press@square-enix.com (basın),yayın,Tomb Raider (legacy); Deus Ex (legacy); Life is Strange (legacy); Tomb Raider; Final Fantasy west,bilinmiyor,ofis,Square Enix,SE Avrupa / Eidos mirası.
Strictly Limited Games,Yayıncılar / platformlar,Almanya / AB,2015,küçük,fiziksel özel baskı,https://strictlylimitedgames.com,bilinmiyor,fiziksel yayın,European limited physical; Strictly Limited catalog; collector Switch/PS; specialty; physical specialty EU; very limited edition,bilinmiyor,hibrit,bağımsız,Avrupa koleksiyon yayın.
Super Rare Games,Yayıncılar / platformlar,Londra (BK),2018,küçük,Switch fiziksel,https://superraregames.com,bilinmiyor,fiziksel yayın,Switch physical exclusives; Super Rare catalog; limited Nintendo prints; UK specialty; Switch physical specialty; limited Switch prints,bilinmiyor,hibrit,bağımsız,Sınırlı fiziksel Nintendo Switch yayınları için İngiltere uzmanı.
The Arcade Crew,Yayıncılar / platformlar,Paris (Fransa),2016,küçük,indie yayın,https://www.thearcade.crew,bilinmiyor,indie yayın,French indie publishing; Dead Estate; various arcade-indie,bilinmiyor,hibrit,bağımsız,Fransız indie yayın.
TinyBuild,Yayıncılar / platformlar,"Bellevue, WA / küresel",2011,~200+,indie yayın,https://www.tinybuild.com,press@tinybuild.com (basın),indie yayın,Potion Craft; Not For Broadcast; Streets of Rogue; Hello Neighbor,bilinmiyor,uzaktan / hibrit,halka açık (BK),Indie yayın + stüdyo ağı.
Tripwire Interactive,Yayıncılar / platformlar,"Roswell, GA (ABD)",2005,~100–200,yayın + geliştirme,https://www.tripwireinteractive.com,press@tripwireinteractive.com (basın),FPS / yayın,Killing Floor; Maneater; Maneater (publishing),bilinmiyor,ofis,bağımsız,FPS + yayın hibrit.
Versus Evil,Yayıncılar / platformlar,"Baltimore, MD (ABD)",2013,kapali (2023),indie yayın,https://www.versusevil.com,press@versusevil.com (basın),indie yayın,indie/AA publishing; Banner Saga; various RPGs,-,-,kapali,Tarihsel indie yayıncı.
Warner Bros. Games,Yayıncılar / platformlar,"Burbank, CA (ABD)",—,binlerce,TT Games; Rocksteady; Avalanche Montreal vb.,https://www.wbgames.com,press@warnerbros.com (basın),yayın; lisans IP,Hogwarts Legacy; Mortal Kombat 1; MultiVersus; Suicide Squad; Injustice 2; LEGO Star Wars; Hogwarts Legacy (Portkey); Mortal Kombat (NetherRealm),bilinmiyor,karışık,Warner Bros. Discovery,DC/HP IP yayıncısı; stüdyo ağı ve slate dalgalı seyretti.
Whitethorn Games,Yayıncılar / platformlar,ABD,2019,küçük,cozy yayın,https://whitethorngames.com,bilinmiyor,indie yayın,Lake; Behind the Frame; Whitethorn cozy; narrative indie publishing; cozy / narrative indie publishing; various cozy/narrative,bilinmiyor,uzaktan,bağımsız,Cozy/narrative yayın.
Wired Productions,Yayıncılar / platformlar,Londra (BK),2015,küçük/orta,indie-AA yayın,https://wiredproductions.com,press@wiredproductions.com (basın),yayın,Narita Boy; Wired Productions UK; AA/indie; multi-platform; indie publishing UK; various AA/indie,bilinmiyor,hibrit,bağımsız,Britanya yayın.
Xbox Game Studios Publishing,Yayıncılar / platformlar,"Redmond, WA (ABD)",—,Microsoft Gaming,ilk parti + third-party,https://www.xbox.com,press@xbox.com (basın),yayın,Xbox first-party publishing; Halo; Forza; Indiana Jones,—,—,Microsoft,Xbox birinci parti ve seçili üçüncü parti yayın şemsiyesi.
XSEED Games,Yayıncılar / platformlar,"Torrance, CA (ABD)",2004,~30-60,JRPG yayın,https://www.xseedgames.com,press@xseedgames.com (basın),yayın,Ys VIII; Story of Seasons; Trails of Cold Steel; XSEED Marvelous west; Falcom / Marvelous west; Story of Seasons west,bilinmiyor,ofis,Marvelous,"Marvelous batı yayın kolu (Falcom, Story of Seasons)."
AEVI,Ekosistem / fuar / dernek,Madrid (İspanya),—,—,—,https://www.aevi.org.es,info@aevi.org.es (genel),ticaret birliği,AEVI cloud/platform services; European gaming platform; AEVI ecosystem; B2B gaming,—,—,STK,İspanya video oyun birliği.
BitSummit,Ekosistem / fuar / dernek,Kyoto (Japonya),2012,—,—,https://bitsummit.org,press@bitsummit.org (basın),indie fuar,BitSummit indie showcase; Kyoto indie event; Japanese indie expo; BitSummit floors,—,—,etkinlik,Japonya indie vitrin.
Brazil Game Show,Ekosistem / fuar / dernek,São Paulo (Brezilya),2009,—,—,https://www.brazilgameshow.com.br,bilinmiyor,fuar,Brazil Game Show; BGS expo floor; Latin America consumer show; BGS partners,—,—,etkinlik,LatAm büyük tüketici fuarı.
CERO,Ekosistem / fuar / dernek,Tokyo (Japonya),2002,—,—,https://www.cero.gr.jp,bilinmiyor,derecelendirme,CERO rating system; Japanese age ratings; console compliance; CERO codes,—,—,STK,Japonya oyun derecelendirme.
ChinaJoy,Ekosistem / fuar / dernek,Şanghay (Çin),2004,—,—,https://www.chinajoy.net,bilinmiyor,fuar,ChinaJoy expo; Shanghai trade show; China consumer/trade floor; ChinaJoy partners,—,—,çeşitli,Çin tüketici/oyun fuarı.
D.I.C.E. Summit / Academy of Interactive Arts,Ekosistem / fuar / dernek,Los Angeles / Las Vegas (ABD),1998,—,—,https://www.interactive.org,bilinmiyor,ödül / konferans,D.I.C.E. Awards; D.I.C.E. Summit; AIAS membership; industry awards,—,—,STK,Yıllık D.I.C.E. ödülleri.
Dataspelsbranschen,Ekosistem / fuar / dernek,İsveç,—,—,—,https://dataspelsbranschen.se,bilinmiyor,ticaret birliği,Swedish Games Industry; Dataspelsbranschen reports; Nordic trade body; Sweden association,—,—,STK,İsveç oyun sanayii derneği.
DevGAMM,Ekosistem / fuar / dernek,Vilnius / Avrupa,2014,—,—,https://devgamm.com,bilinmiyor,konferans,DevGAMM conferences; Eastern Europe developer events; DevGAMM expo; indie talks,—,—,etkinlik,Doğu Avrupa oyun konferansı.
EGDF,Ekosistem / fuar / dernek,Brüksel / AB,—,—,—,https://www.egdf.eu,bilinmiyor,ticaret birliği,EGDF policy; European game developer federation; EU advocacy; EGDF members,—,—,STK,Avrupa oyun geliştirici federasyonu.
ESA (Entertainment Software Association),Ekosistem / fuar / dernek,"Washington, D.C. (ABD)",1994,—,—,https://www.theesa.com,media@theesa.com (basın),ticaret birliği,E3 legacy; ESA advocacy; US publisher association; ESA ratings liaison,E3 tarihsel,—,STK,ABD yayıncı/geliştirici birliği; E3.
ESRB,Ekosistem / fuar / dernek,New York / ABD,1994,—,—,https://www.esrb.org,bilinmiyor,derecelendirme,ESRB ratings; Entertainment Software Rating Board; US age ratings; ESRB descriptors,—,—,STK,ABD oyun derecelendirme kurumu.
G-STAR,Ekosistem / fuar / dernek,Busan (Güney Kore),2005,—,—,https://www.gstar.or.kr,bilinmiyor,fuar,G-STAR Busan; Korean trade show; G-STAR B2B; Korea exhibitors,—,—,etkinlik,Kore oyun fuarı.
Game Connection,Ekosistem / fuar / dernek,Paris / küresel,2001,—,—,https://www.game-connection.com,bilinmiyor,B2B matchmaking,Game Connection events; co-production market; Game Connection Paris/America; B2B meetings,—,—,özel,Geliştirici-yayıncı eşleştirme.
game Verband,Ekosistem / fuar / dernek,Berlin (Almanya),2004,—,—,https://www.game.de,bilinmiyor,ticaret birliği,game – Verband der deutschen Games-Branche; German trade association; Germany market reports; game e.V.,—,—,STK,Almanya oyun sanayii derneği.
Games Industry Poland,Ekosistem / fuar / dernek,Varşova (Polonya),—,—,—,https://gamesindustry.pl,bilinmiyor,ticaret / portal,Games Industry Poland; Polish trade body; Warsaw advocacy; Polish market reports,—,—,STK / platform,Polonya oyun sanayii ağı.
gamescom / Koelnmesse,Ekosistem / fuar / dernek,Köln (Almanya),2009 (gamescom),—,—,https://www.gamescom.global,bilinmiyor,fuar,gamescom; gamescom Opening Night Live; Cologne consumer show; Koelnmesse,—,—,Koelnmesse / game Verband,Avrupa'nın en büyük tüketici fuarı.
Gamescom Asia / Singapore,Ekosistem / fuar / dernek,Singapur,2022,—,—,https://www.gamescom.asia,bilinmiyor,fuar,Gamescom Asia; Singapore trade show; SEA exhibitors; Gamescom Asia floor,—,—,Koelnmesse,Asya gamescom kolu.
GDC / Informa Tech,Ekosistem / fuar / dernek,San Francisco (ABD),1988,—,—,https://gdconf.com,bilinmiyor,konferans,Game Developers Conference; GDC talks; San Francisco GDC; Informa Tech,—,—,Informa,Sektörün ana konferansı; işe alım/network.
IGDA,Ekosistem / fuar / dernek,küresel (ABD kayıtlı),1994,—,—,https://igda.org,bilinmiyor,meslek örgütü,IGDA chapters; developer advocacy; IGDA events; global developer nonprofit,bölüm staj/mentor programları,—,STK,Uluslararası oyun geliştirici derneği.
IIDEA,Ekosistem / fuar / dernek,Milano (İtalya),—,—,—,https://iidea.it,bilinmiyor,ticaret birliği,IIDEA Italy; Italian games association; IIDEA reports; Italy advocacy,—,—,STK,İtalya oyun ve espor birliği.
IndieCade,Ekosistem / fuar / dernek,Los Angeles / küresel (ABD),2005,—,—,https://www.indiecade.com,bilinmiyor,indie festival / ödül,IndieCade festival; indie showcase; IndieCade awards; independent games event,—,—,STK,Indie kutlama ve vitrin.
Jump Festa,Ekosistem / fuar / dernek,Chiba (Japonya),1999,—,—,https://www.jumpfesta.com,bilinmiyor,tüketici fuar,Jump Festa; Shueisha jump IP show; Jump Festa Tokyo; anime/game crossovers,—,—,Shueisha,Anime/oyun Jump vitrini.
MIGS / Montréal International Game Summit,Ekosistem / fuar / dernek,Montréal (Kanada),2004,—,—,https://migs2025.com,bilinmiyor,konferans,MIGS; Montréal Game Summit; Canadian developer conference; MIGS talks,—,—,etkinlik,Kanada oyun konferansı (MIGS).
Nordic Game / EGDF notu,Ekosistem / fuar / dernek,Malmö / AB,—,—,—,https://nordicgame.com,bilinmiyor,ekosistem / fon ağı,Nordic Game conference; Nordic Game talks; EGDF note,—,—,STK / ağ,Avrupa indie ve fon ağı girişi.
Partner Transmedia / Korea — G-STAR,Ekosistem / fuar / dernek,Busan (Güney Kore),2005,—,—,https://www.gstar.or.kr,bilinmiyor,fuar,G-STAR partnership; Korea trade missions; Partner Transmedia; Busan networking,—,—,etkinlik,G-STAR networking odaklı Kore ticaret misyonu partneri.
PAX / ReedPop,Ekosistem / fuar / dernek,ABD / AUS / UK,2004,—,—,https://www.paxsite.com,bilinmiyor,tüketici fuar,PAX shows; ReedPop consumer festivals; PAX panels; tabletop/indie floors,—,—,ReedPop,Penny Arcade Expo ağı.
PAX Australia,Ekosistem / fuar / dernek,Melbourne (Avustralya),2013,—,—,https://aus.paxsite.com,bilinmiyor,tüketici fuar,PAX Australia; Melbourne PAX; Australian consumer show; PAX Aus panels,—,—,ReedPop,PAX Avustralya.
PAX East,Ekosistem / fuar / dernek,"Boston, MA (ABD)",2010,—,—,https://east.paxsite.com,bilinmiyor,tüketici fuar,PAX East; Boston PAX; East Coast consumer show; PAX East expo,—,—,ReedPop,PAX Doğu ABD.
PAX West,Ekosistem / fuar / dernek,"Seattle, WA (ABD)",2004,—,—,https://west.paxsite.com,bilinmiyor,tüketici fuar,PAX West; Seattle PAX; West Coast consumer show; PAX West expo,—,—,ReedPop,PAX orijinal (Seattle).
PEGI,Ekosistem / fuar / dernek,AB,2003,—,—,https://pegi.info,bilinmiyor,derecelendirme,PEGI ratings; Pan European Game Information; EU age ratings; PEGI descriptors,—,—,STK,Avrupa oyun derecelendirme.
Pocket Gamer Connects,Ekosistem / fuar / dernek,Helsinki / Londra / küresel,2012,—,—,https://www.pgconnects.com,bilinmiyor,mobil B2B,Pocket Gamer Connects; mobile B2B; PGC Helsinki/London; Pocket Gamer events,—,—,Steel Media,Mobil oyun networking.
Roblox Developer Conference,Ekosistem / fuar / dernek,ABD / küresel,2015,—,—,https://rdc.roblox.com,bilinmiyor,geliştirici konferans,Roblox Developer Conference; RDC talks; creator keynotes; Roblox ecosystem,—,—,Roblox,Roblox geliştirici konferansı.
SNJV,Ekosistem / fuar / dernek,Paris (Fransa),2005,—,—,https://snjv.org,bilinmiyor,ticaret birliği,SNJV France; Syndicat National du Jeu Vidéo; French trade body; SNJV reports,—,—,STK,Fransa ulusal oyun sendikası.
Suomen Pelinkehittäjät,Ekosistem / fuar / dernek,Helsinki (Finlandiya),—,—,—,https://www.pelinkehittajat.fi,bilinmiyor,ticaret birliği,Finnish Game Developers Association; Finland advocacy; Suomen Pelinkehittäjät; Nordic trade,—,—,STK,Finlandiya oyun geliştiricileri.
Taipei Game Show,Ekosistem / fuar / dernek,Taipei (Tayvan),2002,—,—,https://www.tgs.com.tw,bilinmiyor,fuar,Taipei Game Show; Taiwan consumer/trade; TGS Taipei; Taipei exhibitors,—,—,etkinlik,Tayvan oyun fuarı.
Tokyo Game Show / CESA,Ekosistem / fuar / dernek,Chiba / Tokyo (Japonya),1996,—,—,https://expo.nikkeibp.co.jp/tgs/,bilinmiyor,fuar,Tokyo Game Show; CESA; Makuhari Messe; TGS business day,—,—,CESA / Nikkei BP,Japon B2C/B2B vitrin.
UKIE,Ekosistem / fuar / dernek,Londra (BK),1989,—,—,https://ukie.org.uk,bilinmiyor,ticaret birliği,UKIE; UK Interactive Entertainment; Britain trade body; UKIE reports,—,—,STK,BK oyun ve etkileşimli eğlence birliği.
Unity Unite,Ekosistem / fuar / dernek,küresel,2007,—,—,https://unity.com/events/unite,bilinmiyor,geliştirici konferans,Unity Unite; Unite talks; Unity engine conference; Unite keynotes,—,—,Unity,Unity geliştirici konferansı.
Unreal Fest,Ekosistem / fuar / dernek,küresel,—,—,—,https://www.unrealengine.com/events,bilinmiyor,geliştirici konferans,Unreal Fest; Unreal Engine sessions; Epic developer events; Unreal Fest talks,—,—,Epic Games,Unreal Engine etkinlikleri.
White Nights Conference,Ekosistem / fuar / dernek,Belgrad / küresel,2012,—,—,https://wnconf.com,bilinmiyor,B2B konferans,White Nights; mobile games conference; WN St. Petersburg/online; White Nights B2B,—,—,özel,Oyun B2B konferansı.
Iron Games,Avrupa,London (UK),2023,bilinmiyor,"$4M (Arcadia Gaming Partners, 2025)",https://iron.gs/,bilinmiyor,mobil casual / merge / kelime,Tic Tac No!; Spellie; Champions of Valhalla,bilinmiyor,bilinmiyor,bağımsız,"Gram Games kökenli Türk kurucular (Eren Yanık, Remzi Şenel); Londra merkezli."
