Company,Region,City,Founded,Employees,Revenue_funding,Web,Email,Genres,Sample_games,Internship,Remote,Ownership,Notes
2K,North America,"Novato, CA (USA)",2005,thousands,NBA 2K + Borderlands etc.,https://2k.com,press@2k.com (press),publishing; sports; shooter,NBA 2K; Borderlands; Civilization; Mafia; Borderlands 3; Civilization VI; Mafia: Definitive Edition; WWE 2K,unknown,mixed,Take-Two,"Publishing + studio network (Firaxis, Hangar 13, Visual Concepts)."
3D Realms,North America,Richardson / Aalborg (USA/DK),1987 (Apogee),~30-60,Duke Nukem; Ion Fury publishing,https://3drealms.com,press@3drealms.com (press),FPS / publishing,Ion Fury; Bombshell; Duke Nukem legacy; Duke Nukem 3D; Wrath,unknown,hybrid,independent (DNA/Embracer periodic),Apogee legacy; boomer shooter publishing.
Activision,North America,"Santa Monica, CA (USA)",1979,thousands (within MS Gaming),Call of Duty annual billions $,https://www.activision.com,press@activision.com (press),AAA FPS / live service,Call of Duty; Crash; Spyro; Tony Hawk; Call of Duty: Black Ops 6; Call of Duty: Modern Warfare III; Warzone; Crash Bandicoot 4,unknown (Microsoft internship channels),office weighted,Microsoft,Call of Duty franchise core; studio mesh under Microsoft Gaming.
Activision Central Tech,North America,USA / global,—,in Activision,motor / online tech,https://www.activision.com,press@activision.com (press),technology,Call of Duty online services; Warzone backend; COD engine tools; multiplayer infrastructure; shared engine tech; matchmaking; live backend; COD engine/online infrastructure,unknown,mixed,Microsoft / Activision,Activision central technology.
Amazon Games,North America,"Seattle, WA (USA)",2012 (Amazon Game Studios),~1000+ range,Twitch + New World / publishing,https://www.amazon.com/gaming,press@amazon.com (press),MMORPG / publishing,New World; Lost Ark west; Throne and Liberty west; Lost Ark (west); Throne and Liberty (west); Lost Ark (western publishing); Throne and Liberty (publishing),unknown,mixed,Amazon,AWS-adjacent games org; New World and western publishing.
Apogee Entertainment,North America,USA,2019 (again),small,classic IP publishing,https://apogee.com,press@apogeeentertainment.com (press),publishing / classic,Duke Nukem (legacy publish); Rise of the Triad; Crystal Caves; Commander Keen (legacy); Apogee / 3D Realms publishing revival; various Apogee IP revitalization,unknown,hybrid,3D Realms affiliated,Return of the Apogee brand.
AppLovin,North America,"Palo Alto, CA (USA)",2012,~1500+,mobile advertising / AXON,https://www.applovin.com,press@applovin.com (press),mobile advertising; SDK,AXON; MAX mediation; game marketing stack; mobile ad mediation; AppLovin MAX,unknown,hybrid,public (APP),Mobile game advertising/scaling.
ArenaNet,North America,"Bellevue, WA (USA)",2000,~300+,Guild Wars,https://www.arena.net,press@arena.net (press),MMORPG,Guild Wars; Guild Wars 2; End of Dragons; Secrets of the Obscure,unknown,office,NCSoft,NCSoft's western MMO studio.
Arkane Austin,North America,"Austin, TX (USA)",2006,~100-150,Prey; Redfall,https://www.arkane-studios.com,press@bethesda.net (press),immersive sim,Prey (2017); Redfall; Prey Mooncrash; Prey,unknown,office,Microsoft / ZeniMax,Arkane USA; periods of downsizing should be monitored.
Arkane Studios,North America,"Lyon (France) / Austin, TX",1999,~200–300,unknown (ZeniMax),https://www.arkane-studios.com,press@bethesda.net (press),immersive sim,Dishonored; Dishonored 2; Prey; Deathloop; Redfall,unknown,office,Microsoft / ZeniMax,Immersive-sim specialists; Dishonored and Prey lineage.
Armature Studio,North America,"Austin, TX (USA)",2008,~50-100,port / IP,https://www.armature.com,unknown,port; action,ReCore; Batman: Arkham VR; Remnant co-dev; ports; various ports,unknown,office,independent,Austin co-dev/port.
Avalanche Software,North America,"Salt Lake City, UT (USA)",1995,~200+,Hogwarts Legacy,https://avalanchesoftware.com,press@warnerbros.com (press),AAA open world,Hogwarts Legacy; Disney Infinity; DisneyInfinity (historical); DisneyInfinity (tarihsel),unknown,office,Warner Bros. Games,Portkey / Hogwarts developer.
Beamdog,North America,"Edmonton, AB (Canada)",2009,~50-80,Infinity Engine EE,https://beamdog.com,press@beamdog.com (press),CRPG,Baldur's Gate Enhanced Edition; Siege of Dragonspear; Pathfinder support; Baldur's Gate Enhanced Editions; Baldur's Gate EE; Neverwinter Nights EE,unknown,hybrid,independent,Classic CRPG remake.
Beenox,North America,"Québec City, QC (Canada)",2000,~400+,porting + development,https://beenox.com,press@activision.com (press),port / action,Crash Team Racing Nitro-Fueled; COD support; Spider-Man PC ports,unknown,office,Microsoft / Activision,Canada port and support center.
Behaviour Interactive,North America,"Montréal, QC (Canada)",1992,~1200+,Dead by Daylight,https://www.bhvr.com,press@bhvr.com (press),asymmetrical horror / live ops,Dead by Daylight; Meet Your Maker; Deathgarden,yes — internship (Montréal),hybrid,private,Dead by Daylight asymmetric horror live-service leader.
Bend Studio,North America,"Bend, OR (USA)",1993,~100–150,unknown (SIE),https://bendstudio.com,press@playstation.com (press),action-adventure,Days Gone; Syphon Filter; Uncharted: Golden Abyss; Syphon Filter (historical); Syphon Filter (tarihsel),unknown,office,Sony / PlayStation Studios,PlayStation first party.
Bethesda Game Studios,North America,"Rockville, MD (USA)",2001,~400+,TES / Fallout / Starfield,https://bethesdagamestudios.com,press@bethesda.net (press),AAA RPG,Skyrim; Fallout 4; Starfield; Fallout 76,unknown,office,Microsoft / ZeniMax,BGS main studio (Softworks publishing separate).
Bethesda Game Studios Austin,North America,"Austin, TX (USA)",2012 (BattleCry legacy),~100-200,Fallout 76,https://bethesdagamestudios.com,press@bethesda.net (press),AAA / live,Fallout 76; Fallout 76: Wastelanders; Fallout 76: Steel Dawn; Fallout 76: Atlantic City; Starfield support; ESO contribution; online live-ops,unknown,office,Microsoft / ZeniMax,BGS Austin supports Fallout 76 live-service development.
Bethesda Game Studios Dallas,North America,"Dallas, TX (USA)",2018 (Escalation legacy),~50-100,BGS support,https://bethesdagamestudios.com,press@bethesda.net (press),AAA support,Fallout Shelter; Fallout 76 support; Bethesda mobile/online; online support; Fallout/TES support; Fallout/TES destek,unknown,office,Microsoft / ZeniMax,BGS Dallas contributes to Bethesda shared-world tech.
Bethesda Softworks / BGS,North America,"Rockville, MD (USA)",1986,thousands (ZeniMax group),Starfield / TES / Fallout portfolio,https://bethesda.net,press@bethesda.net (press),AAA RPG / FPS,Skyrim; Fallout 4; Starfield; Fallout 76; Doom (publish); Wolfenstein (publish); The Elder Scrolls; Fallout,unknown,office,Microsoft / ZeniMax,Open-world RPG publisher/studio; id/Arkane/MachineGames siblings.
Big Fish Games,North America,"Seattle, WA (USA)",2002,~300-500,casual / HOPA,https://www.bigfishgames.com,press@bigfishgames.com (press),casual; hidden object,Mystery Case Files; Fairway Solitaire; hidden-object portfolio; many HOPA; Casino,unknown,office,Aristocrat (acquisition),Casual portal + development.
BioWare,North America,"Edmonton, AB (Canada)",1995,~400–600 range,unknown (EA),https://www.bioware.com,press@ea.com (press),AAA RPG,Mass Effect Legendary Edition; Dragon Age; SWTOR; Dragon Age: Inquisition; Dragon Age: The Veilguard; Mass Effect 2; Mass Effect; Star Wars: The Old Republic,unknown,office,EA,Narrative RPG tradition inside EA.
BioWare Austin,North America,"Austin, TX (USA)",2006,~100-200,SWTOR,https://www.bioware.com,press@ea.com (press),MMORPG / RPG,Star Wars: The Old Republic; SWTOR expansions; Knights of the Fallen Empire; Onslaught; Anthem support,unknown,office,EA,BioWare MMO studio behind Star Wars: The Old Republic.
Blackbird Interactive,North America,"Vancouver, BC (Canada)",2010,~100+,Homeworld 3,https://blackbirdinteractive.com,press@blackbirdinteractive.com (press),RTS / space,Homeworld 3; Hardspace: Shipbreaker; Homeworld: Deserts of Kharak; Homeworld Remastered support; Deserts of Kharak,unknown,office,independent,Homeworld legacy.
Blind Squirrel Games,North America,"Santa Ana, CA (USA)",2010,~100-200,remaster / co-dev,https://blindsquirrelgames.com,press@blindsquirrelgames.com (press),remaster; port,BioShock remaster; Elder Scrolls Online contribution; ports; ports/co-dev; various remasters,unknown,office,independent,Remaster/co-dev.
Blizzard Albany,North America,"Albany, NY (USA)",—,Vicarious / Blizzard internal,Diablo support,https://www.blizzard.com,press@blizzard.com (press),AAA support,Diablo IV support; Vicarious Visions legacy; Diablo IV destek,unknown,office,Microsoft / Blizzard,Post-merger of Vicarious Visions and Blizzard.
Blizzard Entertainment,North America,"Irvine, CA (USA)",1991,~4000 band (historical; changes after AD),WoW + Overwatch + Diablo live service,https://blizzard.com,press@blizzard.com (press),MMORPG / hero shooter / ARPG,WoW; Overwatch 2; Diablo IV; StarCraft II; World of Warcraft; Hearthstone; Warcraft III Reforged; Heroes of the Storm,yes — internship history,office-heavy (Irvine),Microsoft / Activision Blizzard,"PC culture flagship: WoW, Diablo, Overwatch, StarCraft."
Bluepoint Games,North America,"Austin, TX (USA)",2006,~150–200,unknown (SIE),https://bluepointgames.com,press@playstation.com (press),remake / AAA,Demon's Souls remake; Shadow of the Colossus remake; Uncharted: The Nathan Drake Collection; Gravity Rush Remastered; Uncharted: Legacy of Thieves contribution,unknown,office,Sony / PlayStation Studios,High fidelity remake specialist.
Bonfire Studios,North America,"Orange County, CA (USA)",2018,~50-100,MMO / live,https://www.bonfirestudios.com,press@tencentgames.com (press),MMO,unannounced live-service project; studio founding slate; Blizzard alumni projects; unannounced; Activision/Blizzard alumni studio,unknown,office,special (Tencent),Former Blizzard talent.
Boss Fight Entertainment,North America,"McKinney, TX (USA)",2013,~50-100,Dungeon Defenders,https://www.bossfightentertainment.com,info@bossfightentertainment.com (general),action / TD,Empires & Puzzles collab; Boss Fight midcore; Dungeon Defenders series; Dungeon Defenders serisi,unknown,office,independent,Texas studio.
Bungie,North America,"Bellevue, WA (USA)",1991,~900–1100 range,Destiny live service,https://www.bungie.net,press@bungie.com (press),looter-shooter / live service,Destiny 2; Destiny; Marathon (upcoming); Halo CE (historical); Halo 2; Halo 3; (historical) Halo; (tarihsel) Halo,yes — internship history,hybrid possibility,Sony (2022),Destiny live-service under Sony; Halo legacy roots.
Camouflaj,North America,"Bellevue, WA (USA)",2009,~30-60,République; Iron Man VR,https://camouflaj.com,unknown,stealth / VR,République; Iron Man VR; Silent Hill: Ascension contribution; République Remastered; Dead Man's Rope,unknown,office,independent,VR + mobile stealth.
Campo Santo,North America,"San Francisco, CA (USA)",2013,Valve internal,Firewatch,https://www.camposanto.com,press@valvesoftware.com (press),narrative,Firewatch; In the Valley of Gods (unreleased); Valve support work; narrative adventure catalog; Valve absorption era,unknown,office,Valve,2018 Valve acquisition.
Candywriter,North America,"Miami, FL (USA)",2014,~50-100,idle mobile,https://candywriter.com,unknown,mobile idle,Fun Run; Word Search; various idle RPG,unknown,hybrid,independent,Idle mobile.
Capybara Games,North America,"Toronto, ON (Canada)",2003,~30-50,Below; Super Time Force,https://www.capybaragames.com,info@capybaragames.com (general); support@capybaragames.com (support),indie action,Below; Super Time Force Ultra; Critter Crunch; Super Time Force,unknown,office,independent,Toronto long-term indie.
Certain Affinity,North America,"Austin, TX (USA)",2006,~200+,unknown,https://certainaffinity.com,press@certainaffinity.com (press),AAA FPS / support,Halo multiplayer maps; Age of Darkness; COD support; Halo support,unknown,office,independent,Austin AAA support/co-development.
Cliffhanger Games,North America,"Seattle, WA (USA)",2021,~50-100,Xbox first party,https://www.xbox.com,press@xbox.com (press),AAA,Perfect Dark related Xbox slate; unannounced Xbox project; Seattle first-party work; unannounced project,unknown,office,Microsoft,Xbox Seattle studio.
Cloud Chamber,North America,"Novato, CA (USA)",2019,~100-200,BioShock remake,https://cloudchamberstudio.com,press@ubisoft.com (press),AAA FPS / immersive sim,BioShock 4 (development); Tom Clancy / Ubisoft contribution; Tom Clancy / Ubisoft projects,unknown,office,Take-Two / 2K,BioShock next-gen studio.
Cloud Imperium Games,North America,Los Angeles / Frankfurt / Manchester,2012,~800+,Star Citizen crowdfunding records,https://robertsspaceindustries.com,press@cloudimperiumgames.com (press),MMO space sim,Star Citizen; Squadron 42; Persistent Universe; Arena Commander; Persistent Universe updates,unknown,multi-office,private (Chris Roberts),Star Citizen crowdfunding MMO; Squadron 42 single-player.
Codemasters,Europe,Southam (UK; EA),1986,~700+,racing sim,https://www.codemasters.com,press@ea.com (press),racing sim,EA Sports F1; GRID; DiRT Rally; Dirt,unknown,office,EA,2021 EA acquisition; F1 license.
Compulsion Games,North America,"Montréal, QC (Canada)",2009,~100–150,unknown (Microsoft),https://compulsiongames.com,press@xbox.com (press),action-adventure,We Happy Few; South of Midnight; Contrast; We Happy Few: Lightbearer,unknown,office,Microsoft,Montreal Xbox studio.
ConcernedApe,North America,Seattle area (USA),2012 (commercial),1–10,Stardew Valley long queue,https://www.stardewvalley.net,concernedape@gmail.com (general),farm sim / indie,Stardew Valley; Haunted Chocolatier (announced); Stardew Valley 1.6 update; Stardew multiplayer era; Haunted Chocolatier (upcoming); 1.6 update; Stardew 1.6 update,no,solo / small,independent,Stardew Valley solo-dev phenomenon; Haunted Chocolatier next.
Criterion Games,Latin America,Guildford (UK; EA),1993,~150–200,Need for Speed,https://www.criteriongames.com,press@ea.com (press),arcade racing,Need for Speed Hot Pursuit; Burnout Paradise; NFS Most Wanted; Need for Speed; Burnout (historical); Burnout (tarihsel),unknown,office,EA,Frostbite racing.
Cryptic Studios,North America,"Los Gatos, CA (USA)",2000,~150-250,Star Trek Online; Neverwinter,https://www.crypticstudios.com,press@crypticstudios.com (press),MMORPG,Star Trek Online; Neverwinter; Champions Online; Star Trek Online expansions,unknown,office,Embracer / Perfect World history; not Dark and Light — EG7/Daybreak periodic,MMO studio; ownership changes.
Crystal Dynamics,North America,"San Mateo, CA (USA)",1992,~300+,Tomb Raider,https://crystald.com,press@square-enix.com (press),AAA action-adventure,Tomb Raider; Marvel's Avengers; Legacy of Kain (legacy); Legacy of Kain (historical); Legacy of Kain (tarihsel),unknown,office,Embracer,Lara Croft / Tomb Raider primary studio (Embracer/Crystal).
Daybreak Game Company,North America,"San Diego, CA (USA)",1997 (SOE legacy),~400+,live MMO,https://www.daybreakgames.com,press@daybreakgames.com (press),MMORPG / live service,PlanetSide 2; EverQuest; EverQuest II; The Outer Worlds 2 (joint period),unknown,office,Enad Global 7,Classic MMO operator.
Deck Nine Games,North America,"Westminster, CO (USA)",2012,~100-150,Life is Strange sequel,https://www.deckninegames.com,contact@deckninegames.com (general),narrative adventure,Life is Strange: True Colors; Life is Strange: Double Exposure; Before the Storm; The Awesome Adventures of Captain Spirit; Double Exposure,unknown,office,private,Studio carrying the LIS baton.
DICE,Europe,Stockholm (Sweden; EA),1992,~700 range,Battlefield franchise,https://www.dice.se,press@ea.com (press),AAA FPS,Battlefield 2042; Battlefield V; Battlefield 1; Star Wars Battlefront II; Battlefield; (historical) Mirror's Edge; (tarihsel) Mirror's Edge,unknown,office,EA,Battlefield franchise home; Frostbite heritage.
DICE Los Angeles,North America,"Los Angeles, CA (USA)",2013 (Danger Close legacy),~150-250,Battlefield support,https://www.dice.se,press@ea.com (press),AAA FPS,Battlefield support; Battlefield (joint); Battlefield (ortak),unknown,office,EA,DICE LA; history related to Ripple Effect.
Digital Extremes,North America,"London, ON (Canada)",1993,~400+,Warframe live service,https://www.digitalextremes.com,press@digitalextremes.com (press),looter-shooter / F2P,Warframe; Soulframe (upcoming); The Darkness II; Soulframe (development),yes — internship history,office / hybrid,Tencent minority / private,Warframe free-to-play live-service longevity model.
Dodgeroll,North America,Vancouver / remote,2011,small,Enter the Gungeon,https://dodgeroll.com,unknown,roguelike,Enter the Gungeon; Exit the Gungeon; Enter the Gungeon: House of the Gundead; Dodge Roll catalog; Enter the Gungeon House of the Gundead,unknown,remote,independent,Roguelike shooter.
Double Fine,North America,"San Francisco, CA (USA)",2000,~100–150,unknown (Microsoft),https://doublefine.com,press@xbox.com (press),indie-AAA adventure,Psychonauts 2; Psychonauts; Broken Age; Grim Fandango Remastered,unknown,office,Microsoft,Tim Schafer; Kickstarter era icon.
Double Helix Games,North America,"Irvine, CA (USA)",2007,Sold to Amazon (2014),Killer Instinct,,unknown,action,Killer Instinct (2013); UFOs; Hunted: The Demon's Forge; Silent Hill: Book of Memories,-,-,Amazon,Historical; Amazon Games roots.
DoubleDown Interactive,North America,"Seattle, WA (USA)",2010,~200-400,social casino,https://www.doubledowninteractive.com,press@doubledowninteractive.com (press),social casino,DoubleDown Casino; DoubleDown Fort Knox; Ungrounded; social casino portfolio; social casino,unknown,office,DoubleU Games / associated with Korea,Social casino.
Dreamhaven,North America,"Irvine, CA (USA)",2020,~100+,Mike Morhaime studio group,https://www.dreamhaven.com,pr@dreamhaven.com (press),holding / MMO,Dreamhaven publishing; Hi-Fi / Blizzard alumni network; Secret Door; Dreamhaven publishing slate; Hi-Fi Rush alumni network; Hidden Village studios,unknown,office,private,Former Blizzard president's initiatives.
DrinkBox Studios,North America,"Toronto, ON (Canada)",2008,~30-50,Guacamelee,https://drinkboxstudios.com,press@drinkboxstudios.com (press),metroidvania,Guacamelee!; Guacamelee! 2; Nobody Saves the World; Severed,unknown,office,independent,Toronto indie action.
EA Montreal,North America,"Montréal, QC (Canada)",2004,~500+,Dead Space; Army of Two historical; Motive relationship,https://www.ea.com,press@ea.com (press),AAA / support,FPS support; Dead Space 2 contribution; various EA Montréal projects; Motive separate,unknown,office,EA,EA Montréal campus for AAA and live-service projects.
EA Motive,North America,"Montréal, QC (Canada)",2015,~300–400,unknown (EA),https://www.ea.com/ea-studios/motive,press@ea.com (press),AAA action,Dead Space remake; Star Wars: Squadrons; Star Wars: Eclipse (in development),unknown,office,EA,EA Montréal narrative studio (Star Wars Jedi series).
EA Tiburon,North America,"Orlando, FL (USA)",1994,~500+,Madden NFL,https://www.ea.com,press@ea.com (press),sport,Madden NFL; College Football 25; College Football,unknown,office,EA,EA Orlando studio famous for Madden NFL.
EA Vancouver,North America,"Burnaby, BC (Canada)",1982,~2000+,NHL; UFC; FC contribution,https://www.ea.com,press@ea.com (press),sport,EA Sports FC; NHL; Skate (revival); UFC; EA FC contribution; EA FC katki,yes - internship,office,EA,"Large EA Canada campus (NHL, FIFA/FC support heritage)."
Eidos-Montréal,North America,"Montréal, QC (Canada)",2007,~400–500,unknown (Embracer / Crystal),https://www.eidosmontreal.com,press@square-enix.com (press),AAA action-RPG,Marvel's Guardians of the Galaxy; Deus Ex: Mankind Divided; Shadow of the Tomb Raider; Deus Ex; Marvel's Guardians; Thief (historical); Thief (tarihsel),unknown,office,Embracer / Crystal Dynamics network,Deus Ex legacy; ownership during Embracer era.
Electronic Arts (EA),North America,"Redwood City, CA (USA)",1982,~13000,annual ~$7B range (company reports),https://www.ea.com,accessibility@ea.com (general),AAA publishing; sports; live service,EA FC; Madden; Apex; The Sims; Battlefield; EA Sports FC; Madden NFL; Apex Legends,yes — EA internship programs,hybrid (depending on team),public (EA),"Sports + live-service publisher with DICE, Respawn, BioWare and Codemasters."
Ensemble Studios (tarihsel),North America,"Dallas, TX (USA)",1995-2009,closed,Age of Empires,https://www.microsoft.com,unknown,RTS,Age of Empires (legacy); Halo Wars (legacy); Age of Empires; Age of Mythology; Halo Wars,-,-,closed (Microsoft),Historical RTS legend; World's Edge continuation.
Epic Games,North America,"Cary, NC (USA)",1991,~4000+,Fortnite + Unreal; billions $,https://www.epicgames.com,press@epicgames.com (press),live service; engine; store,Fortnite; Unreal Engine; Rocket League; Fall Guys; Unreal Engine 5; Epic Games Store; Twinmotion,yes — internship / early career,hybrid / office,private (Tencent minority),UE5 + Epic Games Store + Fortnite ecosystem.
Escalation Studios,North America,"Dallas, TX (USA)",2007,BGS transformed into Dallas,Doom VFR,,unknown,VR / support,Doom VFR; Singularity; Call of Duty companion/VR work; Arkham VR contribution,-,-,Microsoft / ZeniMax,Historical; BGS Dallas.
Firaxis Games,North America,"Hunt Valley, MD (USA)",1996,~200 range,Civilization franchise,https://firaxis.com,press@2k.com (press),4X strategy,Civilization VI; Civilization VII; XCOM 2; Marvel's Midnight Suns; Civilization; XCOM (historical); XCOM (tarihsel),unknown,office,Take-Two / 2K,Civilization and XCOM specialist under 2K.
Firesprite,Europe,Liverpool (UK; SIE),2012,~250+,unknown (SIE),https://firesprite.com,press@playstation.com (press),VR / action,Horizon Call of the Mountain; Knowledge is Power; support for The Dark Pictures,unknown,office,Sony / PlayStation Studios,2021 Sony acquisition.
Frima Studio,North America,"Québec City, QC (Canada)",2003,~100-200,service / VR,https://www.frimastudio.com,unknown,service,Journey to the Savage Planet co-dev; various AAA co-dev; animation/services titles; Quebec co-dev slate; various co-dev,unknown,office,independent,Québec services.
Gearbox Software,North America,"Frisco, TX (USA)",1999,~500+ (group periodic),Borderlands; Embracer era,https://www.gearboxsoftware.com,press@gearboxsoftware.com (press),looter-shooter / publishing,Borderlands 3; Tiny Tina's Wonderlands; Homeworld 3; Brothers in Arms; Borderlands,unknown,office,Take-Two (2024 acquisition news) / Embracer history,Borderlands IP; ownership transitions should be monitored.
Ghost Story Games,North America,"Westwood, MA (USA)",2017,small/medium,unknown,https://ghoststorygames.com,unknown,immersive sim,Judas (in development); BioShock Infinite alumni project; narrative shooter slate; Judas (development); BioShock Infinite alumni; BioShock Infinite alumni team,unknown,office,independent,Post Ken Levine (BioShock).
Giant Squid,North America,"Santa Monica, CA (USA)",2013,~20-40,Abzu; The Pathless,https://giantsquidstudios.com,contact@giantsquidstudios.com (general); jobs@giantsquidstudios.com (HR),indie exploration,ABZU; The Pathless; Sword of the Sea,unknown,office,independent,Matt Nava; Journey art director legacy.
Glu Mobile / Electronic Arts (Glu),North America,"San Francisco, CA (USA)",2001,Inside EA,Design Home / Covet,https://www.glu.com,press@ea.com (press),mobile lifestyle / licensing,Disney Emoji Blitz; Covet Fashion; Disney Sorcerer's Arena; MLB Tap,unknown,mixed,EA (2021 acquisition),"EA mobile expansion via Glu acquisition (design.home, etc.)."
Google Stadia Games and Entertainment,North America,Montréal / California,2019,closed (2023),Stadia,,unknown,cloud gaming,Stadia first-party (wound down); Stadia first-party projects; Stadia ilk parti projeleri,-,-,closed (Google),Historical Google Stadia studios.
Guerrilla Games,Europe,Amsterdam (Netherlands; SIE),2000,~400+,Horizon franchise,https://www.guerrilla-games.com,press@guerrilla-games.com (press),AAA open world,Horizon Forbidden West; Horizon Zero Dawn; Killzone Shadow Fall; Horizon Zero Dawn / Forbidden West,unknown,office,Sony / PlayStation Studios,Horizon open-world action; Killzone legacy in Amsterdam.
Halo Studios (ex-343 Industries),North America,"Redmond, WA (USA)",2007 (343); 2024 rebrand,~500 range,unknown (Microsoft),https://halowaypoint.com,press@xbox.com (press),AAA FPS / live service,Halo Infinite; Halo MCC; Halo 5; Halo Wars 2; Halo Wars (joint); Halo Wars (ortak),unknown,office,Microsoft,Xbox first party; Slipspace Engine era.
Hangar 13,North America,"Novato, CA (USA) + Brno / Brighton",2014,~200–300,unknown (2K),https://hangar13games.com,press@2k.com (press),AAA action,Mafia Definitive Edition; Mafia III; Mafia: The Old Country; Mafia: Definitive Edition; Mafia remakes / Mafia III,unknown,multi-office,Take-Two / 2K,Mafia narrative crime series under 2K.
Hardsuit Labs,North America,"Seattle, WA (USA)",2012,~50–100,unknown,https://hardsuitlabs.com,unknown,FPS / service,Vampire: The Masquerade – Bloodlines 2 (period); Deadfall Adventures; compact co-dev; Unannounced IP work; Vampire: The Masquerade – Bloodlines 2 (periodic),unknown,office,independent,Seattle; project turnover is seasonal.
Harebrained Schemes,North America,"Seattle, WA (USA)",2011,~30-60,Shadowrun Returns; Battletech,https://harebrained-schemes.com,pr@paradoxinteractive.com (press),strategy / RPG,Shadowrun Returns; Battletech; The Lamplighters League,unknown,office,Paradox (acquisition),Seattle strategy/RPG.
Haven Studios,North America,"Montréal, QC (Canada)",2021,~100-150,Fairgame$ / PS studio,https://havenstudios.com,press@playstation.com (press),multiplayer / live,Fairgame$; Sony live-service sports-adjacent; Fairgame$ (development),unknown,office,Sony / PlayStation Studios,2022 Sony acquisition; Montréal.
HB Studios,North America,"Lunenburg, NS (Canada)",2000,~100-150,PGA Tour; sports,https://www.hbstudios.com,press@2k.com (press),sport,PGA Tour 2K; The Golf Club; EA Sports PGA support; PGA Tour; various sports,unknown,office,independent (2K relationships periodic),Canada sports studio.
Heart Machine,North America,"Los Angeles, CA (USA)",2012,~20-40,Hyper Light Drifter,https://heartmachine.com,hello@heart-machine.com (general); support@heart-machine.com (support),indie action,Hyper Light Drifter; Solar Ash; Hyper Light Breaker; Heart Machine catalog,unknown,hybrid,independent,Pixel art action.
Hi-Rez Studios,North America,"Alpharetta, GA (USA)",2005,~400+,Smite; Fallen Earth historical,https://www.hirezstudios.com,press@hirezstudios.com (press),MOBA / hero shooter,Smite; Paladins; Rogue Company; Smite 2,unknown,office,private,Georgia (USA) multiplayer.
High Moon Studios,North America,"Carlsbad, CA (USA)",2005,~200+,unknown (Activision),https://highmoonstudios.com,press@activision.com (press),AAA action,Transformers: Fall of Cybertron; COD support; Transformers; Destiny support,unknown,office,Microsoft / Activision,Activision support/first-party studio.
High Voltage Software,North America,"Hoffman Estates, IL (USA)",1993,~100-200 (periodic),co-dev / port / IP,https://www.high-voltage.com,press@embracer.com (press),co-dev; port,Hunter: The Reckoning; LEGO support; ports; ports and co-dev; various co-dev; Hunter: The Reckoning historical; Hunter: The Reckoning tarihsel,unknown,office,Embracer / Lost Boys relationship,Chicago long-term co-dev.
Hopoo Games,North America,USA (remote),2012,small,Risk of Rain,https://hopoogames.com,press@hopoogames.com (press),roguelike action,Risk of Rain 2; Risk of Rain Returns; Risk of Rain,unknown,remote,independent,Roguelike shooter.
Hothead Games,North America,"Vancouver, BC (Canada)",2006,~50-100,mobile action,https://www.hotheadgames.com,contact@hotheadgames.com (general),mobile,Kill Shot Bravo; Rambo; Overwatch: Heroes Assemble; Rodeo Stampede partnership titles; Soft Reset,unknown,office,independent,Vancouver mobile.
Housemarque,Europe,Helsinki (Finland; SIE),1995,~150–200,unknown (SIE),https://housemarque.com,press@housemarque.com (press),AAA action/arcade,Returnal; Resogun; Nex Machina; (historical) Resogun; (tarihsel) Resogun,unknown,office,Sony / PlayStation Studios,"Finland PlayStation studio (Returnal, Resogun)."
Human Head Studios (tarihsel),North America,"Madison, WI (USA)",1997-2019,closed,Prey (2006); Rune,https://humanhead.com,unknown,FPS / action,Prey (2006); Rune; The Quiet Man; Batman: Arkham Origins Blackgate; Rune Classic,-,-,closed,Historical Madison studio.
id Software,North America,"Richardson, TX (USA)",1991,~200 range,unknown (ZeniMax),https://www.idsoftware.com,press@bethesda.net (press),AAA FPS,Doom Eternal; Doom (2016); Doom The Dark Ages; Quake Champions; Rage 2; Doom; Quake; Rage,unknown,office,Microsoft / ZeniMax,Doom/Quake lineage; FPS foundational studio under Bethesda.
Industrial Toys,North America,"Pasadena, CA (USA)",2012,in EA,Star Wars: Hunters,https://www.industrialtoys.com,press@ea.com (press),mobile / multiplayer,Star Wars: Hunters; Midnight Star; EA mobile FPS slate; live-service shooters; Twilight Struggle mobile (hist.); EA mobile,unknown,office,EA,EA mobile/multiplayer.
Infinity Ward,North America,"Woodland Hills, CA (USA)",2002,~400+,Modern Warfare,https://www.infinityward.com,press@activision.com (press),AAA FPS,Call of Duty: Modern Warfare; MWII; MWIII; Ghosts,unknown,office,Microsoft / Activision,Modern Warfare pillar of Call of Duty.
Innersloth,North America,"Redmond, WA (USA)",2015,~30-50,Among Us,https://www.innersloth.com,press@innersloth.com (press),social deduction / mobile-PC,Among Us; Henry Stickmin Collection; Among Us VR; Henry Stickmin; The Henry Stickmin Collection,unknown,hybrid,independent,Among Us social deduction breakout; lean indie org.
Insomniac Games,North America,"Burbank, CA (USA)",1994,~500+,Spider-Man sales,https://insomniac.games,press@insomniacgames.com (press),AAA action,Marvel's Spider-Man 2; Marvel's Spider-Man; Miles Morales; Ratchet & Clank: Rift Apart; Sunset Overdrive; Ratchet & Clank,yes — internship history,office,Sony / PlayStation Studios,Sony studio; Spider-Man and Ratchet define current output.
Insomniac North Carolina,North America,"Durham, NC (USA)",2020 (not Night School — Insomniac),~50-100,Spider-Man support,https://insomniac.games,press@insomniacgames.com (press),AAA support,Marvel's Spider-Man support; Ratchet & Clank support; Insomniac multiplayer tech; Durham studio slate; Spider-Man support; multiplayer systems; Marvel's Spider-Man destek,unknown,office,Sony / PlayStation Studios,Insomniac satellite studio.
Intercept Games,North America,USA,2020,~50-100,KSP2,https://www.privatedivision.com,press@privatedivision.com (press),space sim,Kerbal Space Program 2; Private Division publishing era; Take-Two studio slate; Private Division partnership,unknown,hybrid,Take-Two,KSP2 studio.
inXile Entertainment,North America,"Fountain Valley, CA (USA)",2002,~100–150,unknown (Microsoft),https://www.inxile-entertainment.com,press@inxile-entertainment.com (press),RPG / CRPG,Wasteland 3; Bard's Tale IV; Torment: Tides of Numenera; Wasteland; The Bard's Tale,unknown,office,Microsoft,Brian Fargo; Obsidian sibling studio.
Iron Galaxy,North America,"Chicago, IL (USA)",2008,~200-300,port / fighting,https://www.irongalaxystudios.com,press@irongalaxystudios.com (press),port; fighting,Killer Instinct; Disney Afternoon Collection; ports; ports/co-dev; port work,unknown,multi-office,independent,Port + fighting.
Irrational Games,North America,"Quincy, MA (USA)",1997-2017,closed / restructuring,BioShock; System Shock 2,https://www.irrationalgames.com,press@2k.com (press),immersive sim,BioShock; BioShock Infinite; System Shock 2,-,-,private (Take-Two),Historical; Ghost Story sequel.
Jam City,North America,"Los Angeles, CA (USA)",2010,~1000+,licensed mobile,https://www.jamcity.com,press@jamcity.com (press),mobile license / casual,Harry Potter: Puzzles & Spells; Cookie Jam; Disney Frozen Adventures; Wonderland Wilds; Harry Potter: Magic Awakened (hist.); Disney Emoji Blitz (hist.),unknown,hybrid,private (NetEase investment history),IP mobile publishing/development.
Kabam,North America,San Francisco / Vancouver,2006,~400+,Marvel / Fast & Furious mobile,https://kabam.com,press@kabam.com (press),mobile action-RPG,Marvel Contest of Champions; Marvel Strike Force; Transformers: Forged to Fight; Kingdoms of Camelot; Transformers; Infinite Magicraid,unknown,office,Netmarble,Licensed fighting/collection RPG.
King,Europe,Stockholm / London (+ San Francisco),2003,~2000+,Candy Crush billions $,https://king.com,press@king.com (press),mobile match-3 / casual,Candy Crush Saga; Farm Heroes Saga; Bubble Witch; Candy Crush Soda; Farm Heroes; Bubble Witch Saga; Candy Crush Friends; Pet Rescue Saga,unknown,hybrid possibility,Microsoft / Activision,Casual mobile revenue engine inside Activision Blizzard / Microsoft.
Kitfox Games,North America,"Montréal, QC (Canada)",2015,~20-40,publishing + development,https://www.kitfoxgames.com,info@kitfoxgames.com (general),indie publishing,Boyfriend Dungeon; Moon Hunters; Lucah; Lucah: Born of a Dream; Dwarf Fortress (publication),unknown,hybrid,independent,Montreal curator publishing.
Klei Entertainment,North America,"Vancouver, BC (Canada)",2005,~100-150,Don't Starve; ONI,https://www.klei.com,contact@kleientertainment.com (general),survival / sim,Don't Starve Together; Oxygen Not Included; Griftlands; Hot Lava; Don't Starve,unknown,office,Tencent minority,Don't Starve and Oxygen Not Included survival/systems craft.
Lightspeed LA,North America,"Los Angeles, CA (USA)",—,Tencent Lightspeed internal,global development,https://lightspeed.qq.com,press@tencentgames.com (press),PC/console / mobile,Lightspeed Studios projects; Tencent western slate; multiplayer R&D; LA co-dev; various Lightspeed projects,unknown,office,Tencent,Lightspeed Studios LA.
Lionbridge Games,North America,"Waltham, MA / global",—,thousands,localization / QA,https://www.lionbridge.com/games,press@lionbridge.com (press),localization; testing,localization/QA services; testing for AAA launches; audio localization; player support ops; localization; QA; player support,unknown,distributed,Lionbridge,Game localization/QA.
Looking Glass Studios,North America,"Cambridge, MA (USA)",1990-2000,closed,Thief; System Shock,,unknown,immersive sim,Thief; System Shock (legacy); System Shock; Ultima Underworld,-,-,closed,"Historical immersive-sim pioneer (System Shock, Thief)."
Lost Boys Interactive,North America,"Chicago, IL (USA)",2021 (High Voltage legacy),~100-200,Diablo IV support / co-dev,https://www.lostboysinteractive.com,press@embracer.com (press),AAA co-dev / support,Diablo IV support; Activision/Blizzard co-dev; Diablo IV; various Activision/Blizzard support,unknown,office,Embracer,Originating from High Voltage; Embracer studio.
Ludia,North America,"Montréal, QC (Canada)",2007,~200-400,Jurassic World Alive,https://www.ludia.com,unknown,mobile license,Jurassic World Alive; Jurassic World: The Game; Teenage Mutant Ninja Turtles: Legends; Dragons: Rise of Berk; Teenage Mutant Ninja Turtles,unknown,office,Jam City,Montreal licensed mobile.
Machine Zone,North America,"Palo Alto, CA (USA)",2008,~500+,SLG,https://www.machinezone.com,press@mz.com (press),mobile strategy,Game of War; Mobile Strike; Final Fantasy XV: A New Empire; Game of Thrones: Conquest,unknown,multi-office,private,SLG performance marketing.
MachineGames,North America,Uppsala (Sweden; ZeniMax),2009,~150–200,unknown (ZeniMax),https://machinegames.com,press@bethesda.net (press),AAA FPS,Wolfenstein: The New Order; Wolfenstein II; Indiana Jones and the Great Circle; Wolfenstein,unknown,office,Microsoft / ZeniMax,Wolfenstein reboot stewards; Indiana Jones adventure.
Maxis,North America,"Redwood City / Emeryville, CA",1987,~200–300,The Sims,https://www.ea.com/games/the-sims,press@ea.com (press),simulation / life sim,The Sims 4; SimCity; Spore; The Sims Mobile; The Sims; SimCity (historical); SimCity (tarihsel),unknown,office,EA,Studio defining the life sim category.
Media Molecule,Europe,Guildford (UK; SIE),2006,~100–150,unknown (SIE),https://www.mediamolecule.com,press@mediamolecule.com (press),creative platform / UGC,Dreams; LittleBigPlanet 3; Tearaway; LittleBigPlanet,unknown,office,Sony / PlayStation Studios,PlayStation UGC studio behind LittleBigPlanet and Dreams.
Microsoft Gaming / Xbox Game Studios,North America,"Redmond, WA (USA)",2001 (Xbox); 2022 Gaming org,Gaming division tens of thousands (Microsoft),Activision Blizzard acquisition ~$69B (2023); Game Pass subscription,https://www.xbox.com,press@xbox.com (press),platform; AAA publishing; subscription,Halo; Forza; Gears; Flight Simulator; Sea of Thieves; Halo Infinite; Forza Horizon 5; Gears 5,yes — Microsoft internship programs,hybrid / office (depending on the team),Microsoft,Game Pass + first-party slate; Bethesda and Activision Blizzard inside MS Gaming.
Midway Games,North America,"Chicago, IL (USA)",1988-2009,closed,Mortal Kombat; NBA Jam,,unknown,fighting / arcade,Mortal Kombat (legacy); NBA Jam (legacy); Mortal Kombat; Injustice roots; SpyHunter,-,-,closed (bankrupt); WB legacy,Historical arcade/console; NetherRealm continuation.
Mobius Digital,North America,"Los Angeles, CA (USA)",2014,~20-40,Outer Wilds,https://www.mobiusdigitalgames.com,support@mobiusdigitalgames.com (support),indie exploration / puzzle,Outer Wilds; Echoes of the Eye; Mobius Digital shorts; Annapurna partnership titles; The Loma Pit,unknown,hybrid,independent (Annapurna publishing),Outer Wilds cult hit.
Mojang Studios,Europe,Stockholm (Sweden; MS first party),2009,~700 range,Minecraft billions in revenue,https://www.minecraft.net,press@mojang.com (press),sandbox; live service,Minecraft; Minecraft Dungeons; Minecraft Legends; Minecraft Education,unknown,office / hybrid,Microsoft,Minecraft best-seller; Sweden-based Xbox family studio.
Monolith Productions,North America,"Kirkland, WA (USA)",1994,~200–300,unknown (WB),https://www.lith.com,press@warnerbros.com (press),AAA action,Shadow of War; Shadow of Mordor; Gotham Knights; Shadow of Mordor/War; Middle-earth,unknown,office,Warner Bros. Games,Nemesis system; WB studio closure risks should be monitored.
Mountaintop Studios,North America,California (USA),2020,~50-100,multiplayer,https://www.mountaintop.gg,unknown,multiplayer,unannounced competitive project; Valorant alumni studio; Mountaintop slate; unannounced multiplayer; Valorant alumni culture; project in development,unknown,office,private,Former Blizzard/Riot talent.
Naughty Dog,North America,"Santa Monica, CA (USA)",1984,~400–500,unknown (SIE),https://www.naughtydog.com,press@naughtydog.com (press),AAA action-adventure,The Last of Us Part I; The Last of Us Part II; Uncharted 4; Uncharted: Legacy of Thieves; Jak and Daxter (legacy); The Last of Us; Uncharted,rarely,office,Sony / PlayStation Studios,Cinematic single-player AAA benchmark at PlayStation Studios.
Netflix Games,North America,Los Angeles / global,2021 (unit),hundreds (units),subscription-based game,https://games.netflix.com,press@netflix.com (press),mobile / cloud; publishing,Oxenfree; Into the Breach; Netflix Games catalog; Into the Dead; Squid Game related,unknown,mixed,Netflix,"Studio acquisitions + publishing (Night School, Next Games, etc.)."
Nexon America,North America,"El Segundo, CA (USA)",2006,~200+,Korean PC publishing west,https://www.nexon.com,press@nexon.com (press),publishing / MMO,MapleStory; The First Descendant; Blue Archive west; MapleStory west; The First Descendant (publishing),unknown,office,Nexon,Nexon western operation; MapleStory and global publishing.
Niantic,North America,"San Francisco, CA (USA)",2015,~700 range,Pokémon GO revenues,https://nianticlabs.com,press@nianticlabs.com (press),AR / location-based,Pokémon GO; Monster Hunter Now; Ingress; Peridot; Pikmin Bloom,unknown,hybrid,private (Netflix investment etc.),AR game pioneer behind Pokémon GO.
Night School Studio,North America,"Glendale, CA (USA)",2014,~30-60,Oxenfree,https://nightschoolstudio.com,unknown,narrative adventure,Oxenfree; Oxenfree II; Afterparty; Twilight Theater,unknown,hybrid,Netflix,Netflix Games studio.
Nightdive Studios,North America,"Vancouver, WA (USA)",2012,~50-100,remaster / source port,https://nightdivestudios.com,press@nightdivestudios.com (press),remaster; remake,System Shock remake; Quake enhanced; Blade Runner enhanced; Quake remasters,unknown,hybrid,Atari (acquisition),Classic game preservation/remaster.
Ninja Theory,Europe,Cambridge (UK; Xbox),2000,~100–150,unknown (Microsoft),https://www.ninjatheory.com,press@xbox.com (press),action / narrative,Hellblade II; Hellblade; Bleeding Edge; DmC; Senua's Saga,unknown,office,Microsoft,Hellblade performance-capture narrative action; Xbox studio.
Nixxes Software,Europe,Utrecht (Netherlands; SIE),1999,~100+,PC port quality,https://www.nixxes.com,press@playstation.com (press),PC port / engineering,Horizon PC; Ghost of Tsushima PC; Spider-Man PC; PC ports: Horizon; Ghost of Tsushima; Spider-Man; Horizon / Spider-Man PC versions,unknown,office,Sony / PlayStation Studios,SIE PC engineering studio.
Obsidian Entertainment,North America,"Irvine, CA (USA)",2003,~250–300,unknown (Microsoft),https://www.obsidian.net,press@obsidian.net (press),RPG,Pentiment; Grounded; The Outer Worlds; Pillars of Eternity; Avowed; Fallout: New Vegas; Outer Worlds,unknown,office,Microsoft,CRPG/narrative RPG house inside Xbox Game Studios.
Other Ocean Interactive,North America,St. John's / Emeryville,2006,~100-200,port / co-dev,https://www.otherocean.com,press@otherocean.com (press),port; co-dev,Battletoads; NBA Jam; ports/remasters; ports / remasters; various Nintendo/port,unknown,multi-office,independent,Canada/USA port.
Panic Button,North America,"Austin, TX (USA)",2008,~50-100,console port,https://www.panicbuttongames.com,press@panicbuttongames.com (press),port,Fortnite Switch; Overwatch Switch; console ports; Among Us console; Among Us konsol,unknown,office,independent,High-profile ports.
Paradox Tectonic,North America,"Berkeley, CA (USA)",2019,closed (2024),Life by You,https://www.paradoxinteractive.com,pr@paradoxinteractive.com (press),life sim,Life by You (canceled); Paradox life-sim experiment; Berkeley studio era; Life by You (iptal),-,-,closed (Paradox),Historical Paradox studio.
Phoenix Labs,North America,"Vancouver, BC (Canada)",2014,~100-200,Dauntless,https://phxlabs.ca,info@phxlabs.ca (general); media@phxlabs.ca (press),action MMO,Dauntless; Dauntless: Rise of the Blades; live-service monster hunting; Phoenix Labs catalog; Dauntless: Rise of the Shattered; Phoenix Labs live-ops,unknown,office,Garena / Sea,Monster-hunt live service.
PixelOpus,North America,"San Mateo, CA (USA)",2014-2023,closed,Concrete Genie,https://www.pixelopus.com,press@playstation.com (press),indie / first-party,Concrete Genie; Astro Bot related PlayStation work; PS VR creative titles; PlayStation family showcase,-,-,closed (Sony 2023),Historical PS studio.
Plarium,Middle East,Herzliya (Israel) / Vilnius,2009,~1000+,RAID: Shadow Legends,https://plarium.com,press@plarium.com (press),mobile RPG / strategy,Raid: Shadow Legends; Mech Arena; Vikings: War of Clans; Vikings,unknown,multi-office,Aristocrat Leisure,Heavily performance-marketed mobile RPG.
Playable Worlds,North America,"San Mateo, CA (USA)",2020,~50-100,MMO,https://playableworlds.com,jobs@playableworlds.com (HR); press@playableworlds.com (press),MMO,Stars Reach (in development); Raph Koster MMO slate; sandbox social worlds; Raph Koster MMO; in development MMO,unknown,hybrid,private,Raph Koster MMO.
Playground Games,Europe,Leamington Spa (UK; Xbox),2010,~500+,Forza Horizon,https://playground-games.com,press@xbox.com (press),open world racing / AAA,Forza Horizon 5; Forza Horizon 4; Fable (upcoming); Forza Horizon 3; Forza Horizon; Fable (reboot); Fable (yeniden),unknown,office,Microsoft,Forza Horizon open-world racing; Fable revival in progress.
PlayStation London Studio,Europe,London (UK),2002,~100–200,unknown (SIE),https://www.playstation.com,press@playstation.com (press),VR / experimental,SingStar; PlayLink; SingStar (historical); VR projects; SingStar (tarihsel); VR projeleri,unknown,office,Sony / PlayStation Studios,SIE London studio (SingStar heritage; VR/first-party work).
PlayStation Studios,North America,San Mateo / global,2020 (brand),SIE first-party network,God of War; Spider-Man; Horizon,https://www.playstation.com,press@playstation.com (press),publishing / first-party umbrella,God of War; Spider-Man; Horizon; The Last of Us; Gran Turismo; Astro Bot; PlayStation Studios portfolio,unknown,mixed,Sony,"Naughty Dog, SM Studio, Insomniac etc. umbrella brand."
Playtika,Middle East,Herzliya (Israel) / US presence,2010,~4000,public social casino / casual,https://www.playtika.com,bizdev@playtika.com (HR),mobile social casino / casual,Slotomania; Bingo Blitz; House of Fun; June's Journey; Solitaire Grand Harvest; Ace Games investment,unknown,mixed,publicly traded / private structure,Israel-based live-ops/casino-mobile leader; Ace Games TR link.
Polyphony Digital,Japan,Tokyo (Japan; SIE),1998,~300+,Gran Turismo,https://www.polyphony.co.jp,press@playstation.com (press),sim racing,Gran Turismo 7; Gran Turismo Sport; Gran Turismo 6; Gran Turismo series; Gran Turismo serisi,unknown,office,Sony / PlayStation Studios,Sim racing standard.
PopCap Games,North America,"Seattle, WA (USA)",2000,~200 range,Bejeweled / PvZ IP,https://www.popcap.com,press@ea.com (press),casual / puzzle,Plants vs. Zombies; Bejeweled; Peggle; Zuma,unknown,office,EA,Casual PC to mobile bridge.
Proletariat,North America,"Boston, MA (USA)",2012,~100-150,World of Warcraft contribution,https://proletariat.com,press@blizzard.com (press),MMO / live service,World of Warcraft contribution; Spellbreak (legacy); World of Warcraft contribution (post-acq); World of Warcraft (post-Blizzard),unknown,office,Microsoft / Blizzard,2022 Blizzard acquisition.
Radical Entertainment,North America,"Vancouver, BC (Canada)",1991,closed (2012),Prototype,https://www.radical.ca,press@activision.com (press),AAA action,Prototype; Prototype 2; Scarface: The World Is Yours; Crash Tag Team Racing; Scarface,-,-,closed (Activision),Historical Vancouver AAA.
Rare,Europe,Twycross (UK; Xbox),1985,~200+,unknown (Microsoft),https://www.rare.co.uk,press@xbox.com (press),AAA / live service,"Sea of Thieves; Banjo-Kazooie (legacy); Perfect Dark (legacy); (classic) Banjo, GoldenEye; (klasik) Banjo, GoldenEye",unknown,office,Microsoft,Sea of Thieves live-service; classic Rare IP legacy.
Raven Software,North America,"Madison, WI (USA)",1990,~300+,COD support / Warzone,https://ravensoftware.com,press@activision.com (press),AAA FPS,Call of Duty Warzone; MW multiplayer support; Singularity; Call of Duty (joint); Jedi Knight (historical); Call of Duty (ortak); Jedi Knight (tarihsel),unknown,office,Microsoft / Activision,Warzone live-ops backbone inside Activision.
ReadyAtDawn,North America,"Irvine, CA (USA)",2003,~100-150,Lone Echo,https://www.readyatdawn.com,press@readyatdawn.com (press),VR / action,Lone Echo; Lone Echo II; The Order: 1886; Echo Arena; The Order 1886,unknown,office,Meta,Meta VR studio.
Red Barrels,North America,"Montréal, QC (Canada)",2011,~50-80,Outlast,https://www.redbarrelsgames.com,press@redbarrelsgames.com (press),horror,Outlast; Outlast 2; The Outlast Trials,unknown,office,independent,Montreal horror.
Red Hook Studios,North America,"Vancouver, BC (Canada)",2012,~20-40,Darkest Dungeon,https://www.redhookgames.com,press@redhookgames.com (press),roguelike RPG,Darkest Dungeon; Darkest Dungeon II; Darkest Dungeon console; DD II,unknown,hybrid,independent,Stress mechanics icon.
Red Storm Entertainment,North America,"Cary, NC (USA)",1996,~150-250,Rainbow Six spin-off,https://www.ubisoft.com,press@ubisoft.com (press),tactical shooter,Rainbow Six legacy; Ghost Recon contribution; Rainbow Six historical; Rainbow Six tarihsel,unknown,office,Ubisoft,Tom Clancy tactical roots.
Relic Entertainment,North America,"Vancouver, BC (Canada)",1997,~200+,unknown (Sega periodic),https://www.relic.com,press@relic.com (press),RTS / action,Company of Heroes 3; Dawn of War; Age of Empires IV (collab); Company of Heroes; Age of Empires IV (joint); Age of Empires IV (ortak),unknown,office,Sega (periodic structure),RTS specialist Canadian studio.
Respawn Entertainment,North America,"Los Angeles, CA (USA)",2010,~500+ range,Apex live service,https://www.respawn.com,press@ea.com (press),AAA FPS / action,Apex Legends; Titanfall 2; Jedi: Survivor; Star Wars Jedi: Survivor; Star Wars Jedi: Fallen Order; Titanfall; Star Wars Jedi,unknown,office,EA,Vince Zampella studio; Apex + Star Wars Jedi pillars.
Riot Games,Latin America,"Los Angeles, CA (USA)",2006,~4500+,LoL ecosystem billions $,https://www.riotgames.com,press@riotgames.com (press),MOBA / tactical / FPS,League of Legends; Valorant; TFT; Wild Rift; Teamfight Tactics; Legends of Runeterra; Ruined King,yes — internship / university,hybrid (office + remote policies periodic),Tencent majority,Esports + live-service culture; LoL and Valorant core pillars.
Ripple Effect Studios,North America,"Los Angeles, CA (USA)",2012,~200-300,Battlefield support,https://www.ea.com,press@ea.com (press),AAA FPS,Battlefield 2042 support; Medal of Honor VR; Battlefield (joint); Battlefield (ortak),unknown,office,EA,EA LA shooter.
Ritual Entertainment (tarihsel),North America,"Dallas, TX (USA)",1996-2010,closed / ZeniMax,SiN; Counter-Strike: Condition Zero support,,unknown,FPS,SiN; SiN Episodes; Heavy Metal F.A.K.K. 2; Counter-Strike support era,-,-,closed,Historical Dallas FPS.
Roblox Corporation,North America,"San Mateo, CA (USA)",2004,~2400+,platform GMV / booking growth,https://corp.roblox.com,press@roblox.com (press),UGC platform / metaverse,Roblox; Roblox Studio; experience platform; creator economy titles; Experiences ecosystem; Roblox Experiences ecosystem,yes — internship,hybrid,public (RBLX),UGC platform-economy; not a traditional single-title studio.
Robot Entertainment,North America,"Plano, TX (USA)",2009,~50-100,Orcs Must Die!; Hero Academy,https://robotentertainment.com,contact@robotentertainment.com (general); recruiting@robotentertainment.com (HR); press@robotentertainment.com (press),action / strategy,Orcs Must Die!; Orcs Must Die! 2; Orcs Must Die! 3; Hero Academy; Age of Empires Online (hist.); Orcs Must Die! series; Orcs Must Die! serisi,unknown,office,independent,Age of Empires veterans.
Rockstar Dundee,North America,Dundee (Scotland),2008 (Ruffian),~50-100,support,https://www.rockstargames.com,press@rockstargames.com (press),AAA support,GTA Online support; Red Dead Online support; Ruffian legacy; GTA / RDR support,unknown,office,Take-Two / Rockstar,2020 Ruffian acquisition.
Rockstar Games,North America,"New York, NY (USA)",1998,thousands (many studios),GTA V / Online has billions $,https://www.rockstargames.com,press@rockstargames.com (press),AAA open world,GTA V; Red Dead Redemption 2; GTA Online; Grand Theft Auto V; Red Dead Online; Max Payne 3; Bully; L.A. Noire,rarely; strict office culture,office-focused,Take-Two,Open-world narrative standard; GTA and Red Dead define the bar.
Rockstar Leeds,Europe,Leeds (UK),1997,~100-200,support / port,https://www.rockstargames.com,press@rockstargames.com (press),AAA support,GTA Chinatown Wars; Liberty City Stories; GTA Stories historical; support; GTA Stories tarihsel; destek,unknown,office,Take-Two / Rockstar,Rockstar portable/support studio (Bully Scholarship heritage).
Rockstar Lincoln,Europe,Lincoln (UK),2002,~100-200,QA / localization,https://www.rockstargames.com,press@rockstargames.com (press),QA,QA / localization hub; Rockstar test center; Rockstar test merkezi,unknown,office,Take-Two / Rockstar,Rockstar QA and localization specialist studio.
Rockstar London,Europe,London (UK),2005,~50-100,support,https://www.rockstargames.com,press@rockstargames.com (press),AAA support,Manhunt 2; GTA Online contribution; Manhunt 2 historical; support; Manhunt 2 tarihsel; destek,unknown,office,Take-Two / Rockstar,Rockstar London support/multiplayer contribution campus.
Rockstar New England,North America,"Andover, MA (USA)",1999,~100+,support,https://www.rockstargames.com,press@rockstargames.com (press),AAA support,Bully; Rockstar support; various Rockstar support,unknown,office,Take-Two / Rockstar,Rockstar support studio (Bully Scholarship / online ops legacy).
Rockstar North,North America,Edinburgh (Scotland),1988 (DMA Design),~500-800,GTA,https://www.rockstargames.com,press@rockstargames.com (press),AAA open world,GTA V; GTA Online; Red Dead Redemption 2; GTA IV; Grand Theft Auto series; Grand Theft Auto serisi,unknown,office,Take-Two / Rockstar,Edinburgh flagship Rockstar studio; main GTA development home.
Rockstar San Diego,North America,"Carlsbad, CA (USA)",1984,~200-300,Red Dead,https://www.rockstargames.com,press@rockstargames.com (press),AAA open world,Red Dead Redemption; RAGE engine; Midnight Club; RDR2 contribution; RDR2 katki,unknown,office,Take-Two / Rockstar,Red Dead / RAGE technology cornerstone Rockstar studio.
Rockstar Toronto,North America,"Oakville, ON (Canada)",1981,~100-200,port / support,https://www.rockstargames.com,press@rockstargames.com (press),AAA support,The Warriors; Bully Scholarship Edition; Max Payne 3 port historical; Max Payne 3 port tarihsel,unknown,office,Take-Two / Rockstar,Canadian Rockstar studio; The Warriors and GTA support legacy.
Roundhouse Games,North America,USA,2019,small/medium,ZeniMax support,https://bethesda.net,press@bethesda.net (press),support / remaster,Bethesda/ZeniMax support titles; Bethesda/ZeniMax support; Doom/Quake support; Doom/Quake destek,unknown,office,Microsoft / ZeniMax,ZeniMax support studio.
Running With Scissors,North America,Arizona (USA),1996,small,Postal,https://www.runningwithscissors.com,press@runningwithscissors.com (press),action,Postal; Postal 2; Postal 4: No Regerts; Postal: Brain Damaged; Postal series; Postal serisi,unknown,small,independent,Postal IP.
San Diego Studio,North America,"San Diego, CA (USA)",2001,~200-300,MLB The Show,https://www.playstation.com,press@playstation.com (press),sport,MLB The Show; Diamond Dynasty; MLB The Show series; MLB The Show serisi,unknown,office,Sony / PlayStation Studios,PlayStation sports studio.
Santa Monica Studio,North America,"Los Angeles, CA (USA)",1999,~400 range,unknown (SIE),https://sms.playstation.com,press@playstation.com (press),AAA action,God of War (2018); God of War III; God of War,unknown,office,Sony / PlayStation Studios,God of War steward at PlayStation Studios.
SciPlay,North America,"Las Vegas, NV (USA)",1997 (origin) / 2019 public,~1000+,social casino / casual,https://www.sciplay.com,press@sciplay.com (press),social casino; casual,Jackpot Party; Gold Fish Casino; Quick Hit; Quick Hit Casino; Alictus portfolio (TR separate),unknown,mixed,Light & Wonder,Alictus Ankara listed separately in Turkey.
Scopely,North America,"Culver City, CA (USA)",2011,~2000+,Savvy Games ~$4.9B acquisition (2023),https://www.scopely.com,press@scopely.com (press),mobile live service,MONOPOLY GO!; MARVEL Strike Force; Star Trek Fleet Command; Yahtzee with Buddies,unknown,hybrid,Savvy Games Group (Saudi PIF),MONOPOLY GO scale; Loom Games TR listed separately.
Second Dinner,North America,USA (remote / CA),2018,~100-150,Marvel Snap,https://seconddinner.com,press@seconddinner.com (press),digital TCG / mobile,Marvel Snap; Hearthstone alumni studio; digital card games; Second Dinner slate; mobile CCG live-ops,unknown,hybrid,private (NetEase investment),Hearthstone veterans.
Secret Door,North America,"Irvine, CA (USA)",2020,in Dreamhaven,MMO,https://www.dreamhaven.com,pr@dreamhaven.com (press),MMO,unannounced Dreamhaven project; Blizzard alumni slate; Secret Door R&D; Dreamhaven label projects; Blizzard alumni studio,unknown,office,Dreamhaven,Dreamhaven sub studio.
Serenity Forge,North America,"Boulder, CO (USA)",2014,~20-40,DDLC Plus; Before Your Eyes,https://serenityforge.com,contact@serenityforge.com (general); jobs@serenityforge.com (HR); support@serenityforge.com (support),indie / publishing,Doki Doki Literature Club Plus; Before Your Eyes; I Was a Teenage Exocolonist; The Cosmic Wheel Sisterhood; Dungeons & Degenerate Gamblers,unknown,hybrid,independent,Indie narrative.
Shiver Entertainment,North America,Florida (USA),2016,~100-200,Nintendo ports,https://www.shiver.games,press@embracer.com (press),port,Disney/Ubisoft ports; console ports; Luigi's Mansion / Disney ports; console/PC ports; Switch ports; Switch portlari,unknown,office,Embracer,Switch port focused.
Singularity 6,North America,"Los Angeles, CA (USA)",2018,~100-200,Palia,https://www.singularity6.com,hello@singularity6.com (general),cozy MMO,Palia; cozy MMO live ops; Singularity 6 catalog; community seasons,unknown,office,private,Cozy MMO.
SkyBox Labs,North America,"Burnaby, BC (Canada)",2011,~100-150,AoE / co-dev,https://www.skyboxlabs.com,info@skyboxlabs.com (general); careers@skyboxlabs.com (HR); media@skyboxlabs.com (press),co-dev,Age of Empires support; Minecraft Legends co-dev; Bleeding Edge co-dev; Xbox co-dev slate; Age of Empires destek,unknown,office,independent,Vancouver co-dev.
Slant Six Games (tarihsel),North America,"Vancouver, BC (Canada)",2005-2013,closed,SOCOM,,unknown,shooter,SOCOM: Confrontation; SOCOM 4; PSP SOCOM titles; Sony shooter support; SOCOM Confrontation,-,-,closed,Historical Vancouver.
Sledgehammer Games,North America,"Foster City, CA (USA)",2009,~300+,COD annual cycle,https://www.sledgehammergames.com,press@activision.com (press),AAA FPS,Call of Duty: WWII; Vanguard; Advanced Warfare; Call of Duty: Advanced Warfare; MWIII,unknown,office,Microsoft / Activision,Part of COD three studio cycle.
Sony Interactive Entertainment,Japan,"San Mateo, CA (USA) / Tokyo",1993 (PlayStation),tens of thousands (PlayStation),console + first party + PS Plus,https://www.playstation.com,press@playstation.com (press),platform; AAA publisher,God of War; Spider-Man; Horizon; The Last of Us; Marvel's Spider-Man 2; Horizon Forbidden West; The Last of Us Part I; Gran Turismo 7,yes — PlayStation internship / university,office weighted,Sony Group,PlayStation Studios network anchors premium single-player and growing live-service bets.
Sperasoft,North America,US / EU / remote (historical Russian roots),2007,~500+,co-dev / art,https://sperasoft.com,press@keywordsstudios.com (press),service; co-dev,AAA co-dev services; art/engineering outsourcing; multiple unannounced AAA; Keywords network; multiple AAA co-dev,unknown,distributed,Keywords Studios (acquisition),Keywords service network.
Splash Damage,Europe,London (UK),2001,~200–300,unknown,https://www.splashdamage.com,press@splashdamage.com (press),multiplayer shooter,Dirty Bomb; Brink; Gears Tactics collab; Gears Tactics (joint); Dirty Bomb (historical); Gears Tactics (ortak); Dirty Bomb (tarihsel),unknown,office,Leyou / Tencent history; private,Multiplayer expert; ownership is periodic.
Standing Stone Games,North America,USA,2016,~100-150,LotRO / DDO operation,https://www.standingstonegames.com,unknown,MMORPG,The Lord of the Rings Online; Dungeons & Dragons Online; Infinite Crisis; Turbine legacy MMOs; Lord of the Rings Online; DDO,unknown,hybrid,Daybreak / EG7 related,Post Turbine MMO operator.
Strange Loop Games,North America,"Seattle, WA (USA)",2012,~20-40,Eco,https://strangeloopgames.com,unknown,simulation / MMO-lite,Eco; Strange Loop catalog; simulation MMO experiments; Eco updates,unknown,hybrid,independent,Ecology-focused sim.
Striking Distance Studios,North America,"San Rafael, CA (USA)",2019,~100-200,Callisto Protocol,https://strikingdistance.com,press@strikingdistance.com (press),horror / action,The Callisto Protocol; Dead Space alumni project; horror action slate; Dead Space alumni,unknown,office,Krafton,Glen Schofield horror studio; The Callisto Protocol (Krafton).
Studio MDHR,North America,Toronto (Canada),2013,~20-40,Cuphead,https://studiodmdhr.com,press@studiomdhr.com (press),run-and-gun,Cuphead; Cuphead: The Delicious Last Course; Cuphead DLC bosses; Studio MDHR catalog; The Delicious Last Course; Cuphead Show tie-in,unknown,small office,independent,1930s cartoon aesthetic.
Subset Games,North America,remote,2012,2-10,FTL; Into the Breach,https://subsetgames.com,contact@subsetgames.com (general),roguelike strategy,FTL: Faster Than Light; Into the Breach; FTL Advanced Edition; Subset catalog; FTL,unknown,remote,independent,FTL and Into the Breach creators; tiny two-person megahit studio.
Sucker Punch Productions,North America,"Bellevue, WA (USA)",1997,~200–300,unknown (SIE),https://www.suckerpunch.com,press@suckerpunch.com (press),AAA action-adventure,Ghost of Tsushima; Ghost of Yōtei; Infamous Second Son; Sly Cooper; Infamous,unknown,office,Sony / PlayStation Studios,Ghost of Tsushima / Infamous cinematic action studio.
Sumo Digital,Europe,Sheffield (UK),2003,~1000+ (Sumo Group),publishing + development,https://www.sumo-digital.com,press@sumo-digital.com (press),various genres; service + IP,Sackboy: A Big Adventure; Hot Wheels Unleashed; Crackdown 3; Sackboy; Hot Wheels Unleashed (shared ecosystem); Hot Wheels Unleashed (ortak ekosistem),unknown,multi-studio UK/US,Tencent (Sumo Group acquisition),One of the largest service/IP studio groups in the UK.
Super Evil Megacorp,North America,"San Mateo, CA (USA)",2012,~150–200,Vainglory / Shadows,https://www.superevilmegacorp.com,unknown,MOBA / mobile-console,Vainglory; Daemon Hunter; SEMC mobile MOBA; not Darkside Detective — Shadows,unknown,office,independent,Mobile MOBA pioneer.
Superbrothers,North America,Toronto (Canada),2009,small,Sword & Sworcery,https://superbrothers.ca,unknown,indie adventure,Superbrothers: Sword & Sworcery EP; JETT: The Far Shore; Superbrothers catalog; Sword & Sworcery EP,unknown,small,independent,Pixel + music.
Supergiant Games,North America,San Francisco Bay Area (USA),2009,~20–40,Hades sales/ Twitch,https://www.supergiantgames.com,press@supergiantgames.com (press),indie action-RPG / roguelite,Hades; Hades II; Pyre; Transistor; Bastion,unknown,small office / hybrid,independent,Hades-defining indie; narrative + combat craft excellence.
System Era Softworks,North America,"Seattle, WA (USA)",2016,~50-80,Astroneer,https://www.astroneer.space,unknown,sandbox exploration,Astroneer; Astroneer expeditions; System Era catalog; co-op crafting updates,unknown,hybrid,independent,Space exploration sandbox.
Take-Two Interactive,North America,"New York, NY (USA)",1993,~12000+,GTA/NBA 2K; Zynga mobile,https://www.take2games.com,press@take2games.com (press),publishing; AAA + mobile,GTA V; RDR2; NBA 2K; Borderlands; Grand Theft Auto V; Red Dead Redemption 2; Borderlands 3; Civilization VI,unknown (according to sub-studios),mixed,public (TTWO),Rockstar + 2K + Zynga holding; premium narrative and sports sims.
Team Asobi,Japan,Tokyo (Japan; SIE),2020 (Japan Studio legacy),~80–120,Astro Bot,https://teamasobi.com,press@playstation.com (press),platform / first-party,Astro's Playroom; Astro Bot; The Playroom; Astro Bot Rescue Mission,unknown,office,Sony / PlayStation Studios,Core team after Japan Studio closure.
Team Cherry,Oceania,Adelaide (Australia),2014,~3–10,Hollow Knight,https://teamcherry.com.au,team@teamcherry.com.au (general),metroidvania,Hollow Knight; Hollow Knight: Silksong; Hidden Dreams; Godmaster; Grimm Troupe; Lifeblood; Silksong,unknown,small / remote,independent,Hollow Knight Metroidvania benchmark; Silksong highly anticipated.
Telltale Games,North America,USA (reboot),2004; re-released in 2019,~100+,episodic narrative,https://telltalegames.com,press@telltalegames.com (press),episodic adventure,The Walking Dead; The Wolf Among Us; Tales from the Borderlands; The Expanse: A Telltale Series,unknown,hybrid,LCG Entertainment,Narrative adventure specialist revived after 2018 closure.
Thatgamecompany,North America,"Santa Monica, CA (USA)",2006,~30–60,Sky; Journey,https://thatgamecompany.com,press@thatgamecompany.com (press),indie emotional / MMO-lite,Journey; Sky: Children of the Light; Flower; Flow,unknown,office,independent,Jenova Chen; emotional experience.
The Behemoth,North America,"San Diego, CA (USA)",2002,~20-40,Castle Crashers,https://www.thebehemoth.com,info@thebehemoth.com (general),co-op action,Castle Crashers; BattleBlock Theater; Pit People; Alien Hominid,unknown,office,independent,Co-op comedy action.
The Coalition,North America,"Vancouver, BC (Canada)",2010 (Black Tusk),~300–400,unknown (Microsoft),https://coalitiongdc.com,press@xbox.com (press),AAA shooter,Gears 5; Gears Tactics; Gears 4; Gears of War series (Xbox era),unknown,office,Microsoft,Gears of War Xbox flagship shooter studio.
The Initiative,North America,"Santa Monica, CA (USA)",2018,~100-200,Perfect Dark remake,https://www.xbox.com,press@xbox.com (press),AAA,Perfect Dark (in development); Xbox AAA reboot slate; Santa Monica Initiative campus; unannounced PlayStation project; Perfect Dark (development rumor era); Perfect Dark (development),unknown,office,Microsoft,Xbox AAA studio.
The Quantum Astrophysicists Guild,North America,USA / remote,2014,small,The Bridge; Manifold Garden not publishing — Manifold Garden separate,https://theqag.net,unknown,indie publishing / development,The Bridge; The Beauty; puzzles catalog; The QAG shorts; various puzzle,unknown,remote,independent,Puzzle indie.
Thunder Lotus Games,North America,"Montréal, QC (Canada)",2014,~20-40,Spiritfarer,https://thunderlotusgames.com,press@thunderlotusgames.com (press); business@thunderlotusgames.com (biz),indie narrative,Spiritfarer; Jotun; Sundered; Bastionesque hand-drawn catalog,unknown,office,independent,Hand-drawn art.
Toys for Bob,North America,"Novato, CA (USA)",1989,~200+,Crash / Spyro remakes,https://toysforbob.com,press@activision.com (press),platform / action,Crash Bandicoot 4; Spyro Reignited; Crash Team Rumble; Skylanders; Crash Bandicoot N. Sane Trilogy,unknown,office,Microsoft / Activision,2024 independence news periodic; Activision legacy.
Tracktwenty Studios,North America,"Los Angeles, CA (USA)",2011,EA internal / downsized,The Simpsons: Tapped Out,https://www.ea.com,press@ea.com (press),mobile,The Simpsons: Tapped Out; EA mobile live ops; Springfield events; Tracktwenty slate,unknown,office,EA,EA mobile studio (seasonal).
Treyarch,North America,"Santa Monica, CA (USA)",1996,~400+,COD Black Ops cycle,https://www.treyarch.com,press@activision.com (press),AAA FPS,Call of Duty: Black Ops; Black Ops Cold War; Black Ops 6; Zombies,unknown,office,Microsoft / Activision,Black Ops + Zombies pillar of Call of Duty.
Trion Worlds,Latin America,"Redwood City, CA (USA)",2006,closed,Rift; Trove,https://www.trionworlds.com,unknown,MMORPG,Rift; Defiance (legacy); Defiance; Trove,-,-,closed / Gamigo,Historical MMO.
TT Games,Europe,Knutsford (UK),2005 (Traveller's Tales 1989),~400+,LEGO games,https://www.ttgames.com,press@warnerbros.com (press),family / action-adventure,LEGO Star Wars; LEGO Harry Potter; LEGO Marvel; LEGO Star Wars: The Skywalker Saga; LEGO Indiana Jones,unknown,office,Warner Bros. Games,LEGO game licensing machine.
Turbine,North America,"Needham, MA (USA)",1992,closed (2018),LotRO; DDO,https://www.turbine.com,unknown,MMORPG,LOTRO (legacy); DDO (legacy); Lord of the Rings Online; DDO,-,-,closed (WB),Historical MMO studio.
Turn 10 Studios,North America,"Redmond, WA (USA)",2001,~200–300,Forza Motorsport,https://www.forzamotorsport.net,press@xbox.com (press),sim racing,Forza Motorsport (2023); Forza Motorsport 7; Forza Motorsport 6; Forza Motorsport,unknown,office,Microsoft,Motorsport separate from Playground's Horizon line.
Turtle Rock Studios,North America,"Lake Forest, CA (USA)",2002,~100–150,unknown,https://turtlerockstudios.com,press@turtlerockstudios.com (press),asym / co-op shooter,Back 4 Blood; Evolve; Left 4 Dead (collab); Left 4 Dead (historical); Left 4 Dead (tarihsel),unknown,office,independent (Tencent past investment),Co-op horror/shooter.
Ubisoft Halifax,North America,"Halifax, NS (Canada)",2009 (Not Previously Related Designs — Hybride/Ubisoft),~100-150,support / animation,https://www.ubisoft.com,press@ubisoft.com (press),support; cinematic,Assassin's Creed cinematic support; Assassin's Creed cinematic/support; Assassin's Creed sinematik/destek,unknown,office,Ubisoft,Eastern Canada Ubisoft studio supporting live/online titles.
Ubisoft Quebec,North America,"Québec City, QC (Canada)",2005,~400-500,AC Odyssey/Valhalla,https://quebec.ubisoft.com,press@ubisoft.com (press),AAA RPG,Assassin's Creed Odyssey; Assassin's Creed Valhalla; Valhalla,yes - internship,office,Ubisoft,Ubisoft Québec; Assassin's Creed RPG-era development hub.
Ubisoft Saguenay,North America,"Saguenay, QC (Canada)",2018,~50-100,support,https://www.ubisoft.com,press@ubisoft.com (press),AAA support,Assassin's Creed support; Rainbow Six support; Québec satellite; Ubisoft Québec satellite; various Ubisoft support,unknown,office,Ubisoft,Québec Ubisoft satellite.
Ubisoft Toronto,North America,"Toronto, ON (Canada)",2010,~600-800,Star Wars Outlaws,https://toronto.ubisoft.com,press@ubisoft.com (press),AAA open world,Star Wars Outlaws; Watch Dogs 2; Far Cry support,yes - internship,office,Ubisoft,Large Canadian Ubisoft campus for AAA and live projects.
Ubisoft Winnipeg,North America,"Winnipeg, MB (Canada)",2018,~100-200,AAA support,https://www.ubisoft.com,press@ubisoft.com (press),AAA support,AC / R6 support; Assassin's Creed / Rainbow Six support; Assassin's Creed / Rainbow Six destek,unknown,office,Ubisoft,Canada Ubisoft satellite.
Undead Labs,North America,"Seattle, WA (USA)",2009,~100-150,State of Decay,https://www.undeadlabs.com,press@xbox.com (press),survival,State of Decay; State of Decay 2; State of Decay 2: Juggernaut Edition; Undead Labs Xbox slate; State of Decay series; State of Decay serisi,unknown,office,Microsoft,Xbox zombie survival.
United Front Games (tarihsel),North America,"Vancouver, BC (Canada)",2007-2019,closed,Sleeping Dogs; Sleeping Dogs,,unknown,AAA action,Sleeping Dogs; ModNation Racers; Forza Street; LittleBigPlanet Karting,-,-,closed (Square Enix / indie),Historical Vancouver; Sleeping Dogs.
Unity Supersonic,Middle East,Tel Aviv / global,2020 (brand),Unity in-game,hypercasual publishing,https://www.supersonic.com,unknown,mobile publishing,hypercasual publishing; LevelPlay network; many hypercasual titles,unknown,hybrid,Unity,Unity hypercasual publishing arm (Supersonic).
Unity Technologies,North America,"San Francisco, CA (USA)",2004,~4000–5000 range,motor + Runtime fee controversial period,https://unity.com,press@unity3d.com (press),game engine / tool,Unity Engine; Unity Gaming Services; Unity Editor; Unity Asset Store ecosystem; Unity Ads,yes — internship,remote / hybrid common,public (U),Engine + services company; ads stack via ironSource/LevelPlay.
Unknown Worlds Entertainment,North America,"San Francisco, CA (USA)",2001,~50–100,Subnautica,https://unknownworlds.com,press@unknownworlds.com (press),survival / exploration,Subnautica; Below Zero; Natural Selection 2; Subnautica: Below Zero,unknown,hybrid,Krafton (2021),Underwater survival hit.
Valve,North America,"Bellevue, WA (USA)",1996,~400–500 range,Steam + hardware + games; very high profit,https://www.valvesoftware.com,press@valvesoftware.com (press),platform; FPS; VR,Half-Life 2; Counter-Strike 2; Dota 2; Portal 2; Team Fortress 2; Steam Deck; Left 4 Dead 2; Half-Life,very rare / closed,office (flat hierarchy),private (employee ownership),PC distribution standard via Steam; selective first-party output.
VBlank Entertainment,North America,USA / remote,2008,small,Retro City Rampage; 8-bit,https://www.vblank.com,unknown,indie retro,Retro City Rampage; Shakedown: Hawaii; Angry Video Game Nerd Adventures; VBlank catalog,unknown,remote,independent,Solo/small retro indie.
Vicarious Visions,Latin America,"Albany, NY (USA)",1990,~200+,Diablo IV support / COD,https://www.vvisions.com,press@blizzard.com (press),AAA support,Crash Bandicoot N. Sane Trilogy; Diablo II Resurrected; Crash N. Sane Trilogy; Diablo IV; Crash N. Sane (historical); Guitar Hero; Crash N. Sane (tarihsel),unknown,office,Microsoft / Blizzard,2021 Blizzard merger.
Visual Concepts,North America,"Novato, CA (USA)",1988,~400+,NBA 2K annual,https://vcentertainment.com,press@2k.com (press),sport,NBA 2K; WWE 2K; PGA Tour 2K; WWE 2K (seasonal),unknown,office,Take-Two / 2K,NBA 2K annual sports simulation engine room.
WB Games Montréal,North America,"Montréal, QC (Canada)",2010,~200-400,Gotham Knights,https://www.wbgames.com,press@warnerbros.com (press),AAA action,Batman: Arkham Origins; Gotham Knights contribution; Gotham Knights,unknown,office,Warner Bros. Games,WB Montréal.
William Chyr Studio,North America,"Chicago, IL (USA)",—,small / solo+,Manifold Garden,https://manifold.garden,unknown,indie puzzle,Manifold Garden; architectural puzzle design; Manifold updates; William Chyr catalog,unknown,small,independent,Architectural puzzle.
World's Edge,North America,Remote / Microsoft,2019,small/medium,Age of Empires,https://www.ageofempires.com,press@xbox.com (press),RTS,Age of Empires IV; Age of Empires II DE; Age of Mythology: Retold; AoE updates; AoE yenilemeleri,unknown,remote weighted,Microsoft,Age franchise Xbox publishing.
Yacht Club Games,North America,"Los Angeles, CA (USA)",2011,~10-25,Shovel Knight,https://yachtclubgames.com,press@yachtclubgames.com (press),indie platform,Shovel Knight; Shovel Knight Dig; Shovel Knight Pocket Dungeon; Shovel Knight Showdown; Mina the Hollower,unknown,small,independent,Retro craftsmanship.
ZeniMax Online Studios,North America,"Hunt Valley, MD (USA)",2007,~300-400,ESO,https://www.elderscrollsonline.com,press@bethesda.net (press),MMORPG,The Elder Scrolls Online; ESO chapters; ESO Morrowind; ESO Gold Road; ESO Plus,unknown,office,Microsoft / ZeniMax,ESO live service.
Zynga,North America,"San Francisco, CA (USA)",2007,~3000 range,Mobile revenue under Take-Two,https://www.zynga.com,press@zynga.com (press),mobile social / casual,Words With Friends; Empires & Puzzles; Merge Dragons; Zynga Poker; Toon Blast (Peak); Peak Games portfolio,unknown,hybrid possibility,Take-Two,Peak/Gram/Rollic Turkey studios listed separately; Take-Two owned.
Zynga Austin,North America,"Austin, TX (USA)",—,Zynga in-game,mobile casual,https://www.zynga.com,press@zynga.com (press),mobile casual,CSR Racing support; Zynga racing live-ops; social casino support; Zynga Austin slate; Zynga social/casino support; various Zynga,unknown,office,Take-Two / Zynga,Zynga/Take-Two Texas campus; racing and live-ops support.
Zynga Chicago,North America,"Chicago, IL (USA)",—,Zynga in-game,mobile casual,https://www.zynga.com,press@zynga.com (press),mobile casual,Empires & Puzzles support eras; Zynga midcore live-ops; Chicago mobile slate; Take-Two Zynga; Zynga midcore contribution; various Zynga titles,unknown,office,Take-Two / Zynga,Zynga Midwest midcore/live-ops contribution under Take-Two.
Zynga Toronto,North America,"Toronto, ON (Canada)",—,Zynga in-game,mobile,https://www.zynga.com,press@zynga.com (press),mobile,Zynga Words With Friends support; Canada live-ops; Toronto casual slate; Zynga social; Zynga Canada live-ops,unknown,office,Take-Two / Zynga,Zynga Canada studio supporting social/casual live-ops.
10 Chambers,Europe,Stockholm (Sweden),2017,~30-50,GTFO,https://www.10chambers.com,press@10chambers.com (press),co-op horror FPS,GTFO; GTFO rundowns; cooperative horror FPS; 10 Chambers live ops; hardcore co-op,unknown,office,independent,Payday veterans; hardcore co-op.
11 bit studios,Europe,Warsaw (Poland),2010,~200+,This War of Mine; Frostpunk,https://www.11bitstudios.com,info@11bitstudios.com (general); jobs@11bitstudios.com (HR),indie-AA strategy / narrative,Frostpunk; Frostpunk 2; This War of Mine; The Alters; Children of Morta (publish),unknown,office,public (Poland),Difficult-choice narrative strategy; Frostpunk and This War of Mine.
2K Czech,Europe,Brno (Czech Republic),1997 (Illusion Softworks),~100-200,Mafia I/II historical,https://www.2k.com,press@2k.com (press),AAA action,Mafia; Mafia II; Mafia III support; Hangar 13 Czech lineage,unknown,office,Take-Two / 2K,Continuing with Hangar 13 Brno.
2K Valencia,Europe,Valencia (Spain),2017,~50-100,support / development,https://www.2k.com,press@2k.com (press),AAA support,WWE 2K support; PGA Tour 2K support; 2K sports co-dev; Visual Concepts support; 2K portfolio support,unknown,office,Take-Two / 2K,2K Spain.
4A Games,Europe,Valletta (Malta) / Kyiv roots,2006,~200–300,Metro series,https://www.4a-games.com,press@4a-games.com (press),FPS / narrative,Metro Exodus; Metro 2033; Metro: Last Light; Metro Last Light,unknown,Malta HQ,Embracer,Ukrainian roots; Malta based.
Abstraction Games,Europe,Eindhoven (Netherlands),2007,~50-100,port,https://www.abstractiongames.com,info@abstractiongames.com (general),port,ports for indie/AA; multi-platform conversions; Unity/Unreal porting; Abstraction catalog; very Indie/AA port,unknown,office,independent,Netherlands port.
Amber,Europe,Bucharest (Romania),2009,~200-400,art / co-dev,https://amberstudio.com,contact@amberstudio.com (general),service,AAA art outsourcing; cinematic co-dev; character pipelines; Amber Studio services; AAA art/co-dev,unknown,office,Keywords Studios,Romania service studio.
Amplitude Studios,Europe,Paris (France),2011,~100+,unknown (Sega),https://amplitude-studios.com,press@amplitude-studios.com (press),4X strategy,Endless Space 2; Endless Legend; Humankind; Endless Space,unknown,office,Sega,4X expert.
Ankama,Europe,Roubaix / Paris (France),2001,~500+,Dofus / Wakfu,https://www.ankama.com,press@ankama.com (press),MMORPG / animation,Wakfu; Dofus; Waven,unknown,office,independent,French MMO + animation IP.
Aristocrat Gaming / Product Madness,Europe,London (UK),2012 (Product Madness),~500+,mobile casino,https://www.productmadness.com,unknown,mobile casino / social,Lightning Link; social casino; Mega Hit Millions,unknown,office,Aristocrat Leisure,Plarium sibling; social casino.
Arkane Lyon,Europe,Lyon (France),1999,~100-150,Dishonored; Dishonored 2,https://www.arkane-studios.com,press@bethesda.net (press),immersive sim,Dishonored; Dishonored 2; Deathloop; Dishonored series; Dishonored serisi,unknown,office,Microsoft / ZeniMax,Arkane France headquarters.
Arrowhead Game Studios,Europe,Stockholm (Sweden),2008,~100–150,Helldivers 2 explosion,https://www.arrowheadgamestudios.com,press@arrowheadgamestudios.com (press),co-op shooter,Helldivers 2; Helldivers; Magicka,unknown,office,independent (Sony publishing),Helldivers 2 breakout co-op shooter success.
Artifex Mundi,Europe,Katowice (Poland),2006,~100-150,HOPA / publishing,https://www.artifexmundi.com,contact@artifexmundi.com (general),hidden object,hidden-object / premium casual; many HOPA; Bladebound,unknown,office,public (Poland),Hidden object + publishing.
Ascaron Entertainment,Europe,Gütersloh (Germany),1991,closed (2009),Sacred; Patrician,,unknown,RPG / sim,Sacred; Sacred 2; Patrician; Port Royale,-,-,closed,Historical German; Kalypso IP legacy.
Asobo Studio,Europe,Bordeaux (France),2002,~300+,Flight Simulator partnership,https://www.asobostudio.com,press@asobostudio.com (press),simulation / adventure,Microsoft Flight Simulator; A Plague Tale: Innocence; Fuel; A Plague Tale,unknown,office,independent (strong MS relationship),Microsoft Flight Simulator technical showcase partner.
Atomhawk,Europe,Gateshead (UK),2009,~100-200,concept art / UI,https://atomhawk.com,info@atomhawk.com (general),service; art,AAA concept art; UI/UX services; Mortal Kombat art support; Atomhawk portfolio; AAA concept/UI,unknown,office,Keywords Studios,BK art service.
Atomic Jelly,Europe,Warsaw (Poland),2014,~30-50,303 Squadron; not Ultrawings,https://atomicjelly.pl,unknown,sim / action,303 Squadron: Battle of Britain; Parasite; Space Haven support; Atomic Jelly catalog,unknown,office,independent,Poland small/mid studio.
Avalanche Studios Group,Europe,Stockholm (Sweden),2003,~500+,unknown,https://avalanchestudios.com,press@avalanchestudios.com (press),open world,Just Cause 4; theHunter: Call of the Wild; Rage 2 (collab); Just Cause; theHunter; Rage 2 (joint); Rage 2 (ortak),unknown,office,Nordisk Film / private,Apex engine; Stockholm + NY.
Azur Games,Europe,Limassol (Cyprus) / global,2016,~300+,hypercasual publishing,https://azurgames.com,press@azurgames.com (press),mobile hypercasual,hypercasual publishing; Level Imposter; parking/idle slate; hypercasual publishing slate; multiple titles; Good Job Games portfolio relationship is periodic,unknown,distributed,private,Good Job TR in a separate list; Azur publisher.
Ballistic Moon,Europe,BK,2021,~50-100,co-dev,https://www.ballisticmoon.com,hello@ballisticmoon.com (general),co-dev,Still Wakes the Deep support; co-dev/horror tools; Ballistic Moon slate; UK co-dev,unknown,office,independent,BK co-dev.
Battlestate Games,Europe,London / RU hub,2012,~200-300,Escape from Tarkov,https://www.battlestategames.com,press@battlestategames.com (press),extraction shooter,Escape from Tarkov; Escape from Tarkov: Arena; Tarkov wipe seasons; Battlestate live ops,unknown,distributed,private,Escape from Tarkov defined modern extraction-shooter expectations.
Belka Games,Europe,Limassol (Cyprus),2015,~200+,mobile puzzle/narrative,https://belka-games.com,press@belka-games.com (press),mobile puzzle / story,Puzzle Clusters; Ball Sort; Color Water Sort; Grand Hotel Mania; type of Escape from Covetous Castle; Escape from Covetous Castle tipi,unknown,distributed,private,Eastern European roots; Cyprus HQ.
Best Way,Europe,Ukraine,1991,~50-100,Men of War,https://bestway.com.ua,press@bestway.com.ua (press),RTS,Men of War; Men of War II; Faces of War; Men of War: Assault Squad 2,unknown,distributed,independent,Ukraine RTS.
Bigpoint,Europe,Hamburg (Germany),2002,~200-400,browser games,https://www.bigpoint.com,press@bigpoint.net (press),browser / MMO,DarkOrbit; Seafight; Drakensang Online; Bigpoint browser MMO catalog,unknown,office,private,Early browser game.
Black Forest Games,Europe,Offenburg (Germany),2012,~50-100,Destroy All Humans remake,https://blackforestgames.com,press@blackforestgames.com (press),action,Destroy All Humans remake; Destroy All Humans!; Giana Sisters,unknown,office,Embracer,German remake.
Black Spire,Europe,Poland / EU,—,~50-100,co-dev,https://blackspire.studio,press@blackspire.com (press),co-dev,co-dev / unannounced; service studio slate; European outsourcing; Black Spire projects,unknown,hybrid,independent,Poland/EU co-dev.
Blackmill Games,Europe,Haarlem (Netherlands),2010,~30-60,WW1 Game Series,https://www.blackmillgames.com,info@blackmillgames.com (general),FPS,WW1 Game Series; Verdun; Tannenberg; Isonzo,unknown,office,independent,World War I FPS.
Blizzard Barcelona,Europe,Barcelona (Spain),—,inside Blizzard,support / operations,https://www.blizzard.com,press@blizzard.com (press),support; operation,World of Warcraft support; Overwatch localization/ops; Blizzard EU support; live ops; Blizzard European support; Blizzard Avrupa destek,unknown,office,Microsoft / Blizzard,Blizzard EU support campus for live-ops and localization.
Blizzard Cork,Europe,Cork (Ireland),—,inside Blizzard,customer / operations / support,https://www.blizzard.com,press@blizzard.com (press),operations; support,Blizzard player support; EU community ops; Battle.net support; Blizzard Cork campus; Blizzard European operations; Blizzard Avrupa operasyonu,unknown,office,Microsoft / Blizzard,Blizzard Ireland player-support and community operations.
Bloober Team,Europe,Kraków (Poland),2008,~200+,Silent Hill 2 remake,https://www.blooberteam.com,press@blooberteam.com (press),horror / narrative,Silent Hill 2; Layers of Fear; The Medium; Observer; Cronos: The New Dawn,unknown,office,public (Poland),Horror AA specialist; Silent Hill 2 remake raised global profile.
Bohemia Interactive,Europe,Prague (Czech Republic),1999,~400+,Arma; DayZ,https://www.bohemia.net,press@bohemia.net (press),military sim / sandbox,Arma 3; DayZ; Arma Reforger,unknown,office,independent,Arma milsim + DayZ survival; Czech military-sim culture.
Bossa Studios,Europe,London (UK),2010,~50-100,Surgeon Simulator,https://www.bossastudios.com,press@bossagames.com (press); bizdev@bossagames.com (biz),indie,Surgeon Simulator; I Am Bread; Worlds Adrift; Bossa catalog,unknown,office,independent,Physical comedy indie.
Broken Rules,Europe,Vienna (Austria),2009,~10-30,And Yet It Moves,https://brokenrules.at,hello@brokenrules.com (general),indie,And Yet It Moves; Secrets of Raetikon; Ambition; Broken Rules catalog,unknown,small,independent,Austria indie.
Bugbear Entertainment,Europe,Helsinki (Finland),2000,~50-100,Wreckfest,https://www.bugbeargames.com,press@embracer.com (press),racing,Wreckfest; FlatOut; FlatOut 2; Ridge Racer Unbounded,unknown,office,Embracer,Destruction racing.
CCP Games,Europe,Reykjavík (Iceland),1997,~300-400,EVE Online,https://www.ccpgames.com,press@ccpgames.com (press),MMO space,EVE Online; EVE Vanguard; EVE: War of Ascension eras; Dust 514 (legacy); EVE: Valkyrie (legacy),unknown,office,Pearl Abyss,Iceland MMO.
CD PROJEKT RED,Europe,Warsaw (Poland),2002 (CDPR 1994),~1100+,Witcher / Cyberpunk; Gwent,https://www.cdprojektred.com,jobs@cdprojektred.com (HR); media@cdprojektred.com (press),AAA RPG,The Witcher 3; Cyberpunk 2077; Phantom Liberty; The Witcher 3: Wild Hunt; GWENT; Thronebreaker; The Witcher 2,yes — internship history,hybrid (company policies periodic),public (CDR),Poland AAA flagship; Witcher and Cyberpunk define the studio.
Chibig,Europe,Valencia (Spain),2016,~20-40,Moonlighter; The Mageseeker,https://chibig.com,info@chibig.com (general); support@chibig.com (support),indie action-RPG,Moonlighter; The Mageseeker; Moonlighter 2; Chibig cozy action catalog,unknown,office,independent,Spanish indie.
Chimera Entertainment,Europe,Munich (Germany),2008,~50-100,mobile / strategy,https://www.chimera-entertainment.de,press@chimera-entertainment.de (press),mobile strategy,The Settlers Online; mobile strategy; various mobile strategy,unknown,office,independent,German mobile/strategy.
CI Games,Europe,Warsaw (Poland),2002,~200+,Sniper Ghost Warrior,https://cigames.com,press@cigames.com (press),shooter / ARPG,Sniper Ghost Warrior; Lords of the Fallen; Enemy Front; Lords of the Fallen (2023),unknown,office,public (Poland),Poland AA.
Climax Studios,Europe,Portsmouth (UK),1988,~150-200,port / VR,https://www.climaxgroup.com,press@climaxgroup.com (press),port; VR,Silent Hill remake support; classic remasters; Assassin's Creed Nexus VR,unknown,office,independent,Long-standing UK studio.
Coffee Stain Studios,Europe,Skövde (Sweden),2010,~100+ (studio); group larger,Satisfactory; Goat Simulator,https://coffeestain.com,press@coffeestainstudios.com (press),sim / indie publishing,Satisfactory; Goat Simulator; Deep Rock Galactic (publish); Valheim (publish); Deep Rock Galactic (publishing group),unknown,office,Embracer / The Coffee Stain,"Satisfactory + publishing (Valheim, DRG) inside Embracer orbit."
Colossal Order,Europe,Tampere (Finland),2009,~50-80,Cities: Skylines,https://www.colossalorder.fi,press@colossalorder.fi (press),city sim,Cities: Skylines; Cities: Skylines II; CS II,unknown,office,independent,City sim standard.
CrazyLabs,Middle East,Tel Aviv (Israel),2010,~200-400,hypercasual publishing,https://www.crazylabs.com,press@crazylabs.com (press),mobile hypercasual,Stack Ball; Crowd City; Spiral Roll; Cubes King; hypercasual portfolio; multi-title,unknown,office,Tencent,Tencent-backed hypercasual publisher/studio (Stack Ball etc.).
Creative Assembly,Europe,Horsham (UK),1987,~400–500,Total War,https://www.creativeassembly.com,press@sega.com (press),strategy / RTS-grand,Total War Warhammer III; Alien Isolation; Total War: Warhammer III; Total War: Pharaoh; Alien: Isolation; Total War series; Total War serisi,unknown,office,Sega,Total War strategy pillar; Alien: Isolation highlight.
Creative Assembly Sofia,Europe,Sofia (Bulgaria),2019,~100-200,Total War support,https://www.creativeassembly.com,press@sega.com (press),strategy,Total War support; Total War: Warhammer contribution; CA Sofia co-dev; strategy tools; Total War destek,unknown,office,Sega,CA Sofia.
Creepy Jar,Europe,Warsaw (Poland),2016,~30-50,Green Hell,https://creepyjar.com,contact@creepyjar.com (general); press@creepyjar.com (press),survival,Green Hell; Green Hell VR; Infernal; Creepy Jar survival catalog; Sons of the Forest adjacent culture,unknown,office,public (Poland),Forest survival.
Critical Force,Europe,Kajaani (Finland),2012,~100-200,Critical Ops,https://www.criticalforce.com,press@criticalforce.fi (press),mobile FPS,Critical Ops; Critical Strike; Critical Ops seasons; Critical Force FPS catalog; Critical Ops mobile FPS,unknown,office,independent,Finland mobile FPS.
Croteam,Europe,Zagreb (Croatia),1993,~50-80,Serious Sam; Talos Principle,https://www.croteam.com,contact@croteam.com (general),FPS / puzzle,Serious Sam 4; The Talos Principle; The Talos Principle 2; Serious Sam,unknown,office,private,Serious Engine; Croatian studio.
Crows Crows Crows,Europe,Berlin (Germany),2015,small,Dr. Langeskov; related talent to The Beginner's Guide,https://crowscrowscrows.com,hello@crowscrowscrows.com (general),indie experimental,"The Stanley Parable Ultra Deluxe; There Is No Game; Dr. Langeskov, The Tiger; Accounts; The Stanley Parable Ultra Deluxe partner; The Stanley Parable Ultra Deluxe ortak",unknown,small,independent,Berlin experimental indie.
Crytek,Europe,Frankfurt (Germany),1999,~400+,Hunt: Showdown; CryEngine,https://www.crytek.com,press@crytek.com (press),AAA / F2P; engine,Hunt: Showdown; Crysis Remastered; The Climb; Crysis (historical); Crysis (tarihsel),unknown (Istanbul on a separate list),office,private (Turkish founders; HQ Germany),Crytek Istanbul listed in Turkey.
Cyanide Studio,Europe,Paris (France),2000,~150-200,Blood Bowl; sports,https://www.cyanide-studio.com,contact@cyanide-studio.com (general),sports / strategy,Blood Bowl; Space Hulk; Tour de France,unknown,office,Nacon,French sports/strategy.
D3T,Europe,Warrington (BK),2002,~100-200,port / co-dev,https://d3t.co.uk,press@keywordsstudios.com (press),port; co-dev,Call of Duty ports support; AAA console ports; UK co-dev; Keywords D3T slate; co-dev / ports UK; very port,unknown,office,Keywords Studios,BK port studio.
Daedalic Entertainment,Europe,Hamburg (Germany),2007,~100–200,adventure publishing,https://www.daedalic.com,press@daedalic.com (press),adventure / publishing,Deponia; Blackguards; Shadow Tactics (publication history),unknown,office,Nacon (acquisition),German adventure + publishing.
Deck13 Interactive,Europe,Frankfurt (Germany),2001,~100–150,unknown (Focus),https://www.deck13.com,press@deck13.com (press),action-RPG,The Surge; Lords of the Fallen (hist.); Lords of the Fallen (2014),unknown,office,Focus Entertainment,German AA action-RPG.
Demonware,Europe,Dublin (Ireland),2003,~200-300,COD online backend,https://www.demonware.net,press@activision.com (press),online infrastructure,COD online services; matchmaking backend; Call of Duty netcode/services; Call of Duty netcode/hizmetleri,unknown,office,Microsoft / Activision,Activision online technology.
Dennaton Games,Europe,Sweden,2012,small,Hotline Miami,https://www.devolverdigital.com,press@dennaton.com (press),indie action,Hotline Miami; Hotline Miami 2: Wrong Number; Dennaton shorts; Devolver partnership; Hotline Miami 2; Hotline Miami Collection,unknown,small,independent (Devolver),Hotline Miami.
Destructive Creations,Europe,Gliwice (Poland),2014,~30-60,Hatred; Ancestors Legacy,https://destructivecreations.pl,press@destructivecreations.com (press),strategy / action,Hatred; Ancestors Legacy; not Risen — War Mongrels,unknown,office,independent,Poland strategy/action.
Digic Pictures,Europe,Budapest (Hungary),2002,~200-300,cinematic,https://www.digicpictures.com,info@digicpictures.com (general),cinematic animation,Destiny/COD cinematics; CG trailers; cinematics / CG trailers; AAA game trailer; AAA oyun trailer,unknown,office,independent,Game cinematic.
DigixArt,Europe,Montpellier (France),2015,~30-50,Gylt,https://www.digixart.com,press@digixart.com (press),narrative,Road 96; Gylt; Behind the Frame,unknown,office,independent,French narrative.
Dontnod Bordeaux,Europe,Bordeaux (France),2019,~50-100,Dontnod satellite,https://dontnod.com,press@dontnod.com (press),narrative,Jusant; Don't Nod Bordeaux projects; various Dontnod projects,unknown,office,Dontnod,Dontnod's Bordeaux campus expanding narrative capacity.
Dontnod Entertainment,Europe,Paris (France),2008,~300 range,unknown,https://dontnod.com,press@dontnod.com (press),narrative adventure,Life is Strange; Vampyr; Jusant; Tell Me Why; Life is Strange (historical); Life is Strange (tarihsel),unknown,office,public (France),Life is Strange narrative studio; expanding beyond teen drama.
Double Eleven,Europe,Middlesbrough (UK),2009,~200-300,port + IP,https://doubleeleven.com,press@doubleeleven.com (press),port; co-dev,Prison Architect console; Rust console; Sea of Thieves support eras; Double Eleven live-ops; console ports / live-ops; various ports,unknown,office,independent,"UK co-dev/live-ops studio (Prison Architect, Rust console)."
EA Gothenburg,Europe,Gothenburg (Sweden),2011 (former Ghost Games campus),EA internal / seasonal,racing / support,https://www.ea.com,press@ea.com (press),racing / support,Battlefield / Frostbite support; Need for Speed historical; EA support; Need for Speed tarihsel; EA destek,unknown,office,EA,EA Sweden campus supporting Frostbite/live titles.
EA Madrid,Europe,Madrid (Spain),—,in EA,FIFA/FC Online support / mobile,https://www.ea.com,press@ea.com (press),sports / mobile,EA Madrid campus support; EA FC services; EA FC hizmetleri,unknown,office,EA,EA Spain studio for sports/live-ops contribution.
EA Romania,Europe,Bucharest (Romania),2005,~1000+,FC backend / mobile,https://www.ea.com,press@ea.com (press),sports / technology,EA Bucharest services; EA FC services; EA FC hizmetleri,unknown,office,EA,EA Bucharest campus for sports and live support.
Easy Trigger Games,Europe,Skövde (Sweden),2016,small,Huntdown,https://easytrigger.com,info@easytrigger.com (general),indie action,Huntdown; Easy Trigger arcade catalog; co-op run-and-gun; Swedish indie FPS,unknown,small,independent,Swedish pixel action.
Eko Software,Europe,Paris (France),1999,~50-100,V-Rally; Gear.Club,https://www.ekosoftware.com,press@ekosoftware.com (press),racing,tennis / sports simulations; V-Rally; Gear.Club,unknown,office,Nacon,French racing.
Electric Square,Europe,Guildford (UK),2011,~50-100,port / co-dev,https://www.electricsquare.com,press@keywordsstudios.com (press),port,DreamWorks Dawn of Art; VR/co-dev titles; AAA porting; Keywords Electric Square; co-dev / VR; very AAA port,unknown,office,Keywords Studios,Keywords Studios co-dev/porting studio (UK).
Embark Studios,Europe,Stockholm (Sweden),2018,~200-300,The Finals; Arc Raiders,https://www.embark.games,press@embark.games (press),live service / FPS,THE FINALS; Arc Raiders; Embark multiplayer tech; former DICE founders slate,unknown,office,Nexon,Stockholm multiplayer studio from ex-DICE leads; THE FINALS / Arc Raiders.
Embracer Group,Europe,Karlstad (Sweden),2011 (THQ Nordic origin),tens of thousands (group; simplification period),holding; restructuring,https://embracer.com,press@embracer.com (press),holding; multiple studios,multi-label portfolio; Darksiders; Remnant; Saints Row; Dead Island; Destroy All Humans; Goat Simulator; Saints Row (Gearbox era),unknown,mixed,public (Sweden),Multi-label consolidation; 2023–26 portfolio simplification ongoing.
Eugen Systems,Europe,Paris (France),2000,~80–120,unknown,https://eugensystems.com,press@eugensystems.com (press),RTS,Steel Division 2; WARNO; Act of Aggression; Steel Division; Wargame,unknown,office,independent,Real-time tactics/RTS.
Expansive Worlds,Europe,Stockholm (Sweden),2011,~30-60,theHunter classic,https://www.expansiveworlds.com,unknown,hunting sim,theHunter: Call of the Wild; theHunter classic; theHunter klasik,unknown,office,Avalanche,Hunting sim studio.
Facepunch Studios,Europe,Birmingham (BK),2004,~50-100,Garry's Mod; Rust,https://facepunch.com,contact@facepunch.com (general),sandbox / survival,Rust; Garry's Mod; Soft Floppy Friends,unknown,office,independent,Rust and Garry's Mod; player-driven sandbox culture.
Fall Damage,Europe,Stockholm (Sweden),2016,~50-100,Generation Zero,https://falldamage.com,press@avalanchestudios.com (press),co-op shooter,Generation Zero; Avalanche Studios sister project; open-world shooter; Fall Damage catalog,unknown,office,Embracer,Swedish co-op shooter.
Far North Entertainment,Europe,Sweden,2015,small,co-op / kart,https://www.farnorth.games,unknown,co-op; card,Aces & Adventures; Far North card battler; indie tactical catalog,unknown,small,independent,Sweden indie.
Farm 51,Europe,Gliwice (Poland),2005,~100+,unknown,https://www.thefarm51.com,press@thefarm51.com (press),action / VR / vehicle,Chernobylite; Get Even; World War 3,unknown,office,independent / publicly traded seasonal,Poland AA/tools.
Fast Travel Games,Europe,Stockholm (Sweden),2016,~50-100,VR,https://www.fasttravelgames.com,press@fasttravelgames.com (press),VR,Budget Cuts; Until You Fall; After the Fall,unknown,office,independent,Sweden VR.
Fatshark,Europe,Stockholm (Sweden),2008,~200+,Warhammer co-op,https://www.fatshark.se,press@fatshark.se (press),co-op action,Vermintide 2; Darktide; Escape; Vermintide,unknown,office,Tencent minority,Warhammer licensed co-op.
Feral Interactive,Europe,London (UK),1996,~100-150,Mac/Linux port,https://www.feralinteractive.com,press@feralinteractive.com (press),port,Total War macOS ports; Batman Arkham macOS; COMPANY OF HEROES ports; Tomb Raider Mac/Linux; Mac/Linux AAA ports; multiple AAA Mac/Linux/iOS port,unknown,office,independent,London specialist in premium Mac/Linux/iOS AAA ports.
Flaregames,Europe,Karlsruhe (Germany),2012,~50-100,mobile publishing,https://www.flaregames.com,info@flaregames.com (general),mobile publishing,Fashion Dreamer publishing; mobile midcore portfolio; Flaregames publishing slate; European mobile; various mobile,unknown,office,private,German mobile publishing.
Flying Wild Hog,Europe,Warsaw (Poland),2009,~200+,unknown (Embracer),https://flyingwildhog.com,press@flyingwildhog.com (press),action,Shadow Warrior 3; Evil West; Shadow Warrior 2; Shadow Warrior; Trek to Yomi,unknown,office,Embracer,Poland action studio.
Focus Entertainment,Europe,Paris (France),1996,~400+,publishing + studio acquisitions,https://www.focus-entmt.com,press@focusent.com (press),publishing; simulation; AA,A Plague Tale; SnowRunner; Atomic Heart; Space Marine 2 (publish); A Plague Tale: Requiem; Insurgency: Sandstorm; Atomic Heart (published),unknown,mixed,public (France),European AA publisher; Plague Tale and simulation brands.
Fool's Theory,Europe,Bielsko-Biała (Poland),2018,~50-100,The Thaumaturge,https://foolstheory.com,press@foolstheory.com (press),RPG,The Witcher remake partner; Seven: Enhanced; The Thaumaturge,unknown,office,independent,Poland RPG.
Forever Entertainment,Europe,Gdynia (Poland),2010,~50-100,publishing / port,https://forever-entertainment.com,press@forever-entertainment.com (press),publishing; port,Contraptions; Fear Effect remasters; Conan Chop Chop publishing; Forever remaster slate; remasters / ports publishing; very retro/indie publishing,unknown,office,public (Poland),Poland publishing.
Free Lunch Games,Europe,Malmö (Sweden),2018,small,indie,https://freelunchgames.com,unknown,indie,The Last Hero of Nostalgaia; Free Lunch soulslike comedy; indie action catalog,unknown,small,independent,Sweden indie.
Free Radical Design,Europe,Nottingham (UK),1999; re-released in 2021,~100+,TimeSplitters,https://www.freeradicaldesign.com,press@freeradicaldesign.co.uk (press),FPS,TimeSplitters revival; TimeSplitters reboot; TimeSplitters yeniden,unknown,office,Embracer,Classic FPS revival.
Frictional Games,Europe,Helsingborg (Sweden),2006,~20-40,Amnesia; SOMA,https://frictionalgames.com,contact@frictionalgames.com (general),horror,Amnesia: The Bunker; SOMA; Amnesia: Rebirth; Amnesia; The Bunker,unknown,office,independent,Sweden horror.
Frogwares,Europe,Kyiv / Paris / Dublin,2000,~100-150,Sherlock Holmes,https://frogwares.com,press@frogwares.com (press),adventure,Sherlock Holmes: Chapter One; The Sinking City; Sherlock Holmes: The Awakened; Frogwares detective catalog; Sherlock Holmes; Sherlock Holmes Chapter One,unknown,distributed,independent,Ukrainian root detective.
Frontier Developments,Europe,Cambridge (UK),1994,~800+,Elite Dangerous; Planet Zoo,https://www.frontier.co.uk,press@frontier.co.uk (press),simulation,Elite Dangerous; Planet Coaster; Planet Zoo; Jurassic World Evolution,unknown,office,public (BK),Elite Dangerous + management sims (Planet Coaster/Zoo).
Frozenbyte,Europe,Helsinki (Finland),2001,~50-80,Trine,https://www.frozenbyte.com,press@frozenbyte.com (press),co-op puzzle,Trine; Trine 2; Trine 4; Trine 5: A Clockwork Conspiracy; Trine series; Trine serisi,unknown,office,independent,Finland co-op puzzle.
Fun Labs,Europe,Bucharest (Romania),1999,~50-100,co-dev,https://www.funlabs.com,unknown,co-dev,Cabela's series; various licensed shooters; hunting sims; Fun Labs catalog,unknown,office,independent,Romania co-dev.
Funcom,Europe,Oslo (Norway),1993,~400+,Conan / Dune MMO,https://www.funcom.com,press@funcom.com (press),MMO / action-adventure,Conan Exiles; Dune: Awakening; The Secret World,unknown,office,Tencent,Norway MMO/action.
Futureplay,Europe,Helsinki (Finland),2015,~50-100,mobile hybrid,https://futureplay.com,hello@futureplay.com (general); press@futureplay.com (press),mobile,Merge Gardens; Idle Frontier; Futureplay hybrid-casual; Stillfront mobile; various hybrid-casual,unknown,office,Stillfront,Finland mobile.
FuturLab,Europe,Brighton (UK),2004,~30-50,Velocity,https://www.futurlab.co.uk,press@futurlab.co.uk (press),indie action,Velocity; Velocity 2X; PowerUps; FuturLab twin-stick catalog; Velocity series; Velocity serisi,unknown,office,independent,Brighton indie.
Gaijin Entertainment,Europe,Budapest (Hungary),2002,~500+,War Thunder,https://gaijin.net,press@gaijinent.com (press),MMO military sim,War Thunder; Enlisted; Crossout; CRSED,unknown,office,private,Military vehicle MMO.
Galactic Cafe,Europe,BK,2013,small / solo,The Stanley Parable,https://www.galactic-cafe.com,press@galactic-cafe.com (press),indie narrative,The Stanley Parable; The Beginner's Guide; Ultra Deluxe,unknown,small,independent,Narrative meta-indie.
Gamechuck,Europe,Zagreb (Croatia),2018,small,indie publishing,https://gamechuck.com,hello@gamechuck.com (general),publish,The Last Hero of Nostalgaia publishing; Croatian indie slate; Gamechuck catalog; regional indies; Croatian indie publishing; various regional indie,unknown,hybrid,independent,Croatian indie publisher/community.
Gameforge,Europe,Karlsruhe (Germany),2005,~300+,browser MMO publishing,https://www.gameforge.com,press@gameforge.com (press),MMO publishing,Metin2; Ikariam; NosTale; OGame,unknown,office,private,German browser/MMO.
Gameloft,Europe,Paris (France),1999,~4000+,Mobile under Vivendi,https://www.gameloft.com,press@gameloft.com (press),mobile AAA / casual,Asphalt 9; March of Empires; Modern Combat; Dragon Mania; Dragon Mania Legends; Asphalt; Disney/Marvel licenses,unknown,mixed,Vivendi,Early mobile pioneer; global studio footprint.
Gameloft Bucharest,Europe,Bucharest (Romania),2000,~300-500,mobile,https://www.gameloft.com,press@gameloft.com (press),mobile,Asphalt; Gameloft midcore Romania; various Gameloft,unknown,office,Gameloft,Gameloft Romania campus.
Gaming Minds Studios,Europe,Gütersloh (Germany),2009,~50-100,Railway Empire; Port Royale,https://www.gaming-minds.com,press@gaming-minds.com (press),sim / strategy,Railway Empire; Port Royale; Tropico (seasonal),unknown,office,Kalypso,German sim/strategy.
Ghost Games,Europe,Gothenburg (Sweden),2011-2020,closed / distributed,Need for Speed,https://www.ea.com,press@ea.com (press),racing,Need for Speed Heat; NFS Payback; Need for Speed (2015-2019 era),-,-,EA (closure),Historical EA racing studio.
Ghost Ship Games,Europe,Copenhagen (Denmark),2016,~40–80,Deep Rock Galactic,https://www.ghostship.dk,press@ghostship.dk (press),co-op FPS,Deep Rock Galactic; Deep Rock Galactic: Survivor; DRG seasons; Ghost Ship co-op; DRG Survivor,unknown,office,independent (Coffee Stain publishing),Dwarf-space mine co-op.
Ghost Town Games,Europe,Cambridge (UK),2014,small,Overcooked,https://www.ghosttowngames.com,unknown,co-op party,Overcooked!; Overcooked; Overcooked 2,unknown,small,independent,Chaotic co-op kitchen.
Goodgame Studios,Europe,Hamburg (Germany),2009,~200–400 range,unknown,https://www.goodgamestudios.com,press@goodgamestudios.com (press),browser / mobile,Goodgame Empire; Big Farm; Shadow Kings; Goodgame browser/strategy catalog,unknown,office,private,Hamburg social/strategy.
Grimlore Games,Europe,Munich (Germany),2013,~30-60,Iron Harvest,https://www.grimloregames.com,press@grimloregames.com (press),RTS,SpellForce 3; Iron Harvest; SpellForce refinements; Grimlore RTS catalog,unknown,office,Embracer,German RTS.
GSC Game World,Europe,Prague / Kyiv (Ukrainian roots),1995,~300–400,S.T.A.L.K.E.R. 2,https://www.gsc-game.com,press@gsc-game.com (press),FPS / open world,S.T.A.L.K.E.R. 2; Call of Pripyat; Shadow of Chernobyl; S.T.A.L.K.E.R. series; S.T.A.L.K.E.R. serisi,unknown,Prague office (post-war relocation),independent,Ukrainian roots; production shifted to Prague.
Guerrilla Cambridge (tarihsel),Europe,Cambridge (UK),1997-2019,closed,Killzone Vita / support,https://www.guerrilla-games.com,press@guerrilla-games.com (press),FPS / support,Killzone Vita / Mercenary (legacy); Killzone: Shadow Fall support; Vita; Killzone: Shadow Fall destek,-,-,closed (Sony),Historical Guerrilla satellite.
Haemimont Games,Europe,Sofia (Bulgaria),1997,~50-100,Tropico (old); Surviving Mars,https://www.haemimontgames.com,press@haemimontgames.com (press),strategy / sim,Surviving Mars; Stranded: Alien Dawn; Tropico (hist.),unknown,office,independent,Bulgarian strategy/sim.
HandyGames,Europe,Giebelstadt (Germany),2000,~100+,mobile / console publishing,https://www.handygames.com,press@handygames.com (press),publisher; casual,One Hand Clapping; Undead Horde; Sky Force Anniversary; HandyGames Embracer mobile; Embracer mobile / indie label,unknown,office,Embracer,"Embracer mobile/indie label (One Hand Clapping, Sky Force)."
Hangar 13 Brighton,Europe,Brighton (UK),—,In-house Hangar 13,Mafia support,https://hangar13games.com,press@2k.com (press),AAA support,Mafia support; Hangar 13 UK; Support for Mafia series; Mafia serisi destek,unknown,office,Take-Two / 2K,Hangar 13 UK subsidiary.
Happy Crush / not — Snowprint Studios,Europe,Stockholm (Sweden),2017,~100-200,Warhammer Tacticus,https://www.snowprintstudios.com,press@snowprintstudios.com (press),mobile strategy,"Warhammer 40,000: Tacticus; Snowprint live ops; Tacticus seasons; mobile strategy",unknown,office,independent,Sweden mobile strategy.
Hatch Entertainment,Europe,Helsinki (Finland),2016,~50-100,cloud gaming / subscription,https://www.hatch.live,press@hatch.fi (press),cloud / subscription,Hatch Cloud Gaming; cloud streaming service; Hatch platform; Nordic cloud gaming,unknown,office,private,Finland cloud gaming.
Hello Games,Europe,Guildford (UK),2008,~50 range,No Man's Sky long tail,https://hellogames.org,hello@hellogames.org (general),procedural exploration,No Man's Sky; The Last Campfire; Joe Danger,unknown,office,independent,No Man's Sky long-tail live support redefined studio reputation.
Homa Games,Europe,Paris / London,2018,~400+,hypercasual publishing,https://www.homagames.com,press@homagames.com (press),mobile hypercasual / hybrid,hybridcasual publishing; Save the Dog; Heartbeat Hero; hybridcasual publishing slate; multi-title portfolio,unknown,hybrid,private,European hypercasual publishers.
Hutch,Europe,London (UK),2011,~100-200,mobile racing,https://www.hutch.io,unknown,mobile racing,F1 Clash; Top Drives; Rebel Racing; Hutch motorsport catalog,unknown,office,independent,Mobile racing/management.
Huuuge Games,Europe,Warsaw (Poland),2014,~500+,mobile casino / casual,https://huuuge.com,careers@huuugegames.com (HR); support@huuugegames.com (support); business@huuugegames.com (biz),mobile casino,Huuuge Casino; Traffic Puzzle; Billionaire Casino; Huuuge social casino,unknown,office,public,Poland mobile.
Hyperstrange,Europe,Poland,2018,~20-40,indie / publishing support,https://hyperstrange.com,unknown,indie; co-dev,Paradise Lost; Observer support; Hyperstrange publishing/dev; Polish indie slate; various indie,unknown,hybrid,independent,Poland indie/co-dev.
Iceflake Studios,Europe,Tampere (Finland),2007,~30-60,Not Pacific Drive — Surviving the Aftermath,https://iceflake.com,pr@paradoxinteractive.com (press); support@iceflake.com (support),strategy / sim,Surviving the Aftermath; Cities in Motion support eras; Iceflake strategy; Paradox studio; Train Sim World not a contribution,unknown,office,Paradox (acquisition),Finland strategy; Paradox.
Image & Form,Europe,Gothenburg (Sweden),1997,~30-50,SteamWorld,https://imageform.se,press@imageform.se (press),indie action,SteamWorld Dig; SteamWorld Heist; Heist; Build,unknown,office,Thunderful,SteamWorld IP.
Independent Arts Software,Europe,Hamm (Germany),1990,~50-100,port / co-dev,https://www.independentartssoftware.com,press@independent-arts.com (press),port,AAA ports Germany; Nintendo/Switch co-dev; Independent Arts ports; German work-for-hire; co-dev / ports Germany; very port/co-dev,unknown,office,independent,German port.
InnoGames,Europe,Hamburg (Germany),2007,~400+,Modern Times Group,https://www.innogames.com,press@innogames.com (press),browser / mobile strategy,Forge of Empires; Elvenar; Tribal Wars,yes — internship (Germany),office / hybrid,MTG,Germany mobile/browser.
IO Interactive,Europe,Copenhagen (Denmark),1998,~300–400,Hitman + Project 007,https://www.ioi.dk,press@ioi.dk (press),AAA stealth,Hitman World of Assassination; Hitman 3; Kane & Lynch; Hitman WoA,unknown,office,independent (post-Square Enix release),Hitman World of Assassination live-service single-player hybrid.
Iron Gate Studio,Europe,Sweden,2019,~20-40,Valheim,https://irongatestudio.se,press@irongatestudio.se (press),survival sandbox,Valheim; Mistlands; Ashlands; Ashlands update; Valheim Ashlands; deep north updates,unknown,small,independent,Valheim survival phenomenon; Coffee Stain published.
ironSource,Middle East,Tel Aviv (Israel),2010,~1000+,mobile meditation / game tools,https://www.is.com,press@ironsrc.com (press),mobile infrastructure / publishing tools,LevelPlay; Aura; Unity ads stack; LevelPlay mediation; Hypercasual publishing tools,unknown,office,Unity (acquisition 2022),Mobile game growth infrastructure.
Ironward,Europe,Ukraine / EU,2012,~30-50,Vikings ARPG,https://ironward.com,unknown,action-RPG,Vikings: Wolves of Midgard; Ironward ARPG; co-dev action RPGs; THQ Nordic partnership,unknown,distributed,independent,Ukrainian ARPG.
Isomorphic / Zen Studios,Europe,Budapest (Hungary),2003,~100–150,pinball / VR,https://www.zenstudios.com,press@zenstudios.com (press),pinball / casual,Pinball FX; VR pinball; Zen Pinball,unknown,office,Embracer,Digital pinball leader.
Ivory Tower,Europe,Lyon (France),2007,~200–300,The Crew,https://www.ivory-tower.fr,press@ubisoft.com (press),open world racing,The Crew Motorfest; The Crew 2; The Crew; The Crew series; The Crew serisi,unknown,office,Ubisoft,Lyon racing.
Jagex,Europe,Cambridge (UK),2001,~500+,RuneScape,https://www.jagex.com,press@jagex.com (press),MMORPG,RuneScape; Old School RuneScape; Chronicle: RuneScape Legends; Jagex MMO catalog; Chronicle,unknown,office,private (CVC),RuneScape / OSRS longevity; UK MMO institution.
Jumpship,Europe,London / Dundee (UK),2018,~30-50,Somerville; Project C,https://jumpship.co.uk,info@jumpship.co.uk (general); press@jumpship.co.uk (press); support@jumpship.co.uk (support),narrative / sci-fi,Somerville; Jumpship narrative adventure; cinematic indie; Belgian studio debut,unknown,office,independent,Chris Lee (Inside/Limbo art); sci-fi narrative.
Jutsu Games,Europe,Łódź (Poland),2012,~20-40,This War of Mine DLC support / management,https://jutsugames.com,unknown,strategy / management,Not Disaster Report — Anomaly; Not Space Haven — OwnGames: Frostpunk support periods; Management,unknown,office,independent,Poland management/strategy; This War of Mine team relations.
Kalypso Media,Europe,Worms (Germany),2006,~200+ (group),publisher / strategy,https://www.kalypsomedia.com,press@kalypsomedia.com (press),publishing; strategy; sim,Tropico; Railway Empire; Dungeons; Sudden Strike,unknown,mixed,private,German strategy/sim publishing.
Keen Games,Europe,Frankfurt (Germany),2005,~50-100,Portal Knights; Gothic remake,https://keengames.com,press@keengames.com (press),action-RPG,Portal Knights; Gothic 1 Remake; Keen co-op crafting; THQ Nordic partnership,unknown,office,independent,German AA/indie.
Keen Software House,Europe,Prague (Czech Republic),2010,~50–100,Space Engineers,https://www.keenswh.com,info@keenswh.com (general),sandbox / space sim,Space Engineers; Medieval Engineers; VRAGE engine; Keen sandbox catalog,unknown,office,independent,VRage engine; voxel sandbox.
Keywords Studios,Europe,Dublin (Ireland),1998,~12000+,service holding,https://www.keywordsstudios.com,info@keywordsstudios.com (general),QA; localization; art,QA; localization; art services; QA / localization / art services; industry services,unknown,global,public (BK),Game services consolidator.
Kiloo,Europe,Aarhus (Denmark),2000,~100+,Subway Surfers partner,https://kiloo.com,unknown,mobile publishing / development,Subway Surfers (with SYBO); Frisbee Forever; Kiloo publishing; Danish mobile catalog; Subway Surfers (SYBO partner); Subway Surfers (SYBO ortak),unknown,office,private,With SYBO Subway Surfers.
King Art Games,Europe,Bremen (Germany),2000,~50-100,The Dwarves; not Iron Harvest — Expeditions support?,https://www.kingart-games.com,pr@kingart-games.com (press),RPG / strategy,The Dwarves; Iron Sky; The Dive,unknown,office,independent,"German narrative/strategy studio (The Dwarves, Iron Harvest ties)."
King Barcelona,Europe,Barcelona (Spain),—,in King,casual development,https://king.com,press@king.com (press),mobile casual,Candy Crush Saga live-ops; King Barcelona events; Saga match-3; Activision King campus; King casual portfolio; King portfolio,unknown,office,Microsoft / Activision,King/Activision Barcelona campus for Candy Crush live-ops.
King London,Europe,London (UK),—,in King,Candy Crush operation,https://king.com,press@king.com (press),mobile casual,Candy Crush ecosystem; King live-ops; Candy Crush Saga ecosystem; Candy Crush Saga ekosistemi,unknown,office,Microsoft / Activision,King/Activision London campus for Saga live-ops.
King Stockholm,Europe,Stockholm (Sweden),2003 (King HQ),King central,Candy Crush,https://king.com,press@king.com (press),mobile casual,Candy Crush Saga; Farm Heroes Saga; Bubble Witch,unknown,office,Microsoft / Activision,King founding campus in Stockholm (Candy Crush origin).
Kwalee,Europe,Leamington Spa (UK),2011,~200+,mobile,https://www.kwalee.com,unknown,mobile hypercasual,Draw It; Crowd City; hybrid titles,unknown,office,independent,BK mobile.
Kylotonn,Europe,Paris (France),2002,~100-150,TT Isle of Man; WRC,https://www.kylotonn.com,press@kylotonn.com (press),racing,WRC; TT Isle of Man; WRC periodic,unknown,office,Nacon,French sim/arcade racing.
Landfall Games,Europe,Stockholm (Sweden),2017,~10-30,Totally Accurate Battle Simulator,https://landfall.se,contact@landfall.se (general),indie physics / comedy,Totally Accurate Battle Simulator; Content Warning; Clustertruck; TABS,unknown,small,independent,Swedish physics comedy indie.
Larian Studios,Europe,Ghent (Belgium) + global,1996,~450+,BG3 record sales,https://larian.com,info@larian.com (general); press@larian.com (press); support@larian.com (support),CRPG,Baldur's Gate 3; Divinity: Original Sin 2; Divinity: Original Sin; Divinity: Dragon Commander,unknown,"multi-office (Ghent, Quebec, Kuala Lumpur…)",independent,Post-BG3 independent flagship; CRPGs with systemic depth.
Lucid Games,Europe,Liverpool (UK),2011,~100-150,co-dev,https://www.lucidgames.co.uk,unknown,co-dev,Destruction AllStars support; sports/co-dev; Lucid Games slate; UK multiplayer support; co-dev / sports support; various projects,unknown,office,independent,Liverpool co-dev.
Mad Head Games,Europe,Novi Sad (Serbia),2011,~100-200,HOPA / publishing,https://www.madheadgames.com,press@madheadgames.com (press),hidden object / casual,Hidden Object Bundle; Mystery Case Files support eras; Mad Head HOPA; casual adventure; hidden-object / adventure; very HOPA,unknown,office,independent,Serbia casual/HOPA.
Massive Entertainment,Europe,Malmö (Sweden),1997,~600+,Avatar; The Division,https://www.massive.se,press@ubisoft.com (press),AAA live service / open world,Avatar: Frontiers of Pandora; The Division 2; The Division; Tom Clancy's The Division,yes — Ubisoft internship channels,office,Ubisoft,The Division and Avatar open-world Ubisoft Stockholm hub.
Mediatonic,Europe,London (UK),2005,~200-300,Fall Guys,https://mediatonicgames.com,press@epicgames.com (press),party,Fall Guys; Fall Guys seasons; Mediatonic party games; Epic Games studio; Amateur Surgeon; Murder by Numbers,unknown,office,Epic Games,Fall Guys; Epic acquisition.
Melsoft,Europe,Limassol (Cyprus),2012,~200+,Family Island,https://melsoft-games.com,press@melsoft-games.com (press),mobile idle,Family Island; Melsoft merge/farm; live-ops casual; Melsoft catalog; Project Makeover; Merge & Style,unknown,distributed,private,Idle adventure.
MercurySteam,Europe,San Sebastián de los Reyes (Spain),2002,~150–200,unknown,https://www.mercurysteam.com,info@mercurysteam.com (general); press@mercurysteam.com (press),action / metroidvania,Metroid Dread; Metroid Samus Returns; Castlevania: Lords of Shadow; Spacelords; Castlevania Lords of Shadow,unknown,office,independent,Nintendo with Metroid Dread.
Mimimi Games,Europe,Munich (Germany),2011,closed (2023),Shadow Tactics,https://mimimi.games,press@mimimi.games (press),tactical stealth,Shadow Tactics; Desperados III; Shadow Gambit,-,-,closed,Historical German tactics.
Miniclip,Europe,Neuchâtel / London (Switzerland/UK),2001,~700+,Tencent; Masomo acquisition,https://www.miniclip.com,press@miniclip.com (press),mobile / casual / sports,8 Ball Pool; Agar.io publish; Football Strike; Head Ball 2 (Masomo),unknown,mixed,Tencent,Masomo Izmir listed separately in Turkey.
Mirage Game Studios,Europe,Karlstad (Sweden),2016,~20-40,co-dev,https://miragegamestudios.com,press@miragegamestudios.com (press),co-dev,Hardspace: Shipbreaker support; THQ Nordic co-dev; Mirage slate; Swedish support studio; hardspace shipbreaker support; various THQ Nordic,unknown,office,Embracer,Sweden co-dev.
Moon Active,Middle East,Tel Aviv (Israel),2011,~800+,Coin Master billions $,https://www.moonactive.com,press@moonactive.com (press),mobile casual / social,Coin Master; Coin Master Village; Spyke partnership; Coin Master events; Spyke partnership titles,unknown,office / hybrid,private,Coin Master live-ops specialist; Spyke Games TR investment listed separately.
Moon Studios,Europe,Vienna (Austria),2010,~50-80,Ori,https://moongamestudios.com,press@moongamestudios.com (press),metroidvania / ARPG,Ori and the Will of the Wisps; Ori and the Blind Forest; No Rest for the Wicked,unknown,office,independent,Austrian metroidvania.
Motion Twin,Europe,Bordeaux (France),2001,~10–20,Dead Cells,https://motion-twin.com,contact@motion-twin.com (general),roguelite / action,Dead Cells; Dead Cells DLC; Motion Twin earlier browser games; Motion Twin catalog; Die2Nite; Motion Twin browser legacy,unknown,small office,worker cooperative,Cooperative ownership model; hit indie.
Movie Games,Europe,Warsaw (Poland),2016,~50-100,publishing / development,https://movie.games,press@moviegames.pl (press),publisher; AA,The Medium publishing partnerships; Polish AA slate; Movie Games catalog; Warsaw publishing; Polish publishing / development slate; various Poland AA/indie,unknown,office,public (Poland),Poland publishing group.
Nacon,Europe,Lesquin / Paris (France),2019 (Bigben legacy),~1000+ (group),publishing + hardware,https://www.nacongaming.com,press@nacongaming.com (press),publishing; AA; peripheral,Test Drive Unlimited Solar Crown; RoboCop: Rogue City; Vampire; RoboCop; Session; various AA,unknown,mixed,public (France),French publishing/hardware group.
NaturalMotion,Europe,Oxford / London (UK),2001,~200-300,CSR Racing,https://www.naturalmotion.com,press@zynga.com (press),mobile,CSR Racing; Star Wars: Galaxy of Heroes (collab); Dawn of Titans,unknown,office,Zynga / Take-Two,Euphoria + mobile.
NeocoreGames,Europe,Budapest (Hungary),2005,~100+,unknown,https://www.neocoregames.com,info@neocoregames.com (general),action-RPG,Warhammer: Chaosbane; King Arthur series; Warhammer: Inquisitor; King Arthur,unknown,office,independent,Hungarian AA/ARPG.
Neon Giant,Europe,Upsala / Stockholm (Sweden),2018,~20-40,The Ascent,https://www.neongiant.se,unknown,action RPG / cyberpunk,The Ascent; cyberpunk ARPG; Neon Giant debut; Curve/PLAION partnership,unknown,office,independent (Curve publishing),Swedish isometric cyberpunk.
Next Games,Europe,Helsinki (Finland),2013,~100-150,licensed mobile,https://www.nextgames.com,press@nextgames.com (press),mobile license,The Walking Dead: No Man's Land; The Walking Dead games; The Walking Dead oyunlari,unknown,office,Netflix,Netflix Finland.
Nexters,Europe,Limassol (Cyprus),2010,~500+,Hero Wars,https://nexters.com,press@nexters.com (press),mobile idle RPG,Hero Wars; Throne Rush; Chained Echoes publishing partnerships; Nexters midcore; Throne: Kingdom at War; Island Experiment; Throne Kingdom at War,unknown,distributed,private,Mobile idle revenue.
Nifflas,Europe,Sweden,—,small / solo,Knytt,https://nifflas.ni,unknown,indie platform,Knytt Underground; NightSky; Within a Deep Forest; Nifflas atmospheric platformers,unknown,solo,independent,Sweden solo indie.
Nitro Games,Europe,Kotka (Finland),2007,~50-100,service / midcore,https://www.nitrogames.com,info@nitrogames.com (general); support@nitrogames.com (support),service,Lords and Villeins co-dev; Nitro midcore; service/dev hybrids; Finnish mobile/PC; various midcore,unknown,office,public,Finland game service.
No Code,Europe,Glasgow (Scotland),2015,~20-40,Still Wakes the Deep,https://www.nocode.games,press@nocode.games (press),indie narrative,Stories Untold; Observation; Still Wakes the Deep,unknown,office,independent,Scottish narrative horror.
Nordeus,Europe,Belgrade (Serbia),2010,~200-400,Top Eleven,https://nordeus.com,pr@nordeus.com (press),mobile sports management,Top Eleven; Goalapp; Nordeus football live ops; Serbian mobile sports; Goalpost; Top Eleven esports,unknown,office,Take-Two (acquisition),Belgrade sports management hit.
Novarama,Europe,Barcelona (Spain),2003,~50–100,unknown,https://www.novarama.com,press@novarama.com (press),action / multiplayer,Invizimals; The Unliving; Star Trek: Resurgence support; Novarama AR/action,unknown,office,independent,Barcelona studio.
One More Level,Europe,Katowice (Poland),2014,~50-100,Ghostrunner,https://www.onemorelevel.com,press@onemorelevel.com (press),action / cyberpunk,Ghostrunner; Ghostrunner 2; God's Trigger; One More Level cyberpunk action; Ruin Rush,unknown,office,independent,Poland cyberpunk action.
Other Tales Interactive,Europe,Sweden,2017,small,indie narrative,https://www.othertalesinteractive.com,hello@othertales.com (general),indie narrative,The Journey Down; The Journey Down: Chapter Three; Other Tales adventure; Norwegian point-and-click,unknown,small,independent,Sweden narrative.
Outfit7,Europe,Ljubljana (Slovenia),2009,~700+,Talking Tom ecosystem,https://outfit7.com,press@outfit7.com (press),mobile kids / casual,My Talking Tom; My Talking Angela; Talking Tom Gold Run; Talking Angela,unknown,mixed,Zhejiang Jinke / China relationship,Character IP mobile.
Owlcat Games,Europe,Nicosia (Cyprus) / Moscow roots,2016,~150–200,Pathfinder CRPG,https://owlcat.games,press@owlcat.games (press),CRPG,Pathfinder: Wrath of the Righteous; Rogue Trader; Kingmaker; Pathfinder WotR; Warhammer 40K CRPG,unknown,distributed,independent,CRPG renaissance actor.
Paintbucket Games,Europe,Berlin (Germany),2016,small,Through the Darkest of Times,https://www.paintbucket.de,hello@paintbucket.games (general),strategy / narrative,Through the Darkest of Times; The Darkest Files; Paintbucket historical narrative; German indie,unknown,small,independent,Berlin historical narrative.
Paradox Development Studio,Europe,Stockholm (Sweden),1995,~100-150,grand strategy,https://www.paradoxinteractive.com,pr@paradoxinteractive.com (press),grand strategy,Crusader Kings III; Europa Universalis IV; Hearts of Iron IV; Stellaris; CK; EU; HoI,unknown,office,Paradox Interactive,Paradox main strategy studio.
Paradox Interactive,Europe,Stockholm (Sweden),1999,~700+,grand strategy + publishing,https://www.paradoxinteractive.com,pr@paradoxinteractive.com (press),strategy; publishing,CK3; EU4; HOI4; Stellaris; Cities Skylines II; Crusader Kings III; Europa Universalis IV; Hearts of Iron IV,unknown,office / hybrid,public (Sweden),Grand strategy niche leader plus partner publishing network.
Pendulo Studios,Europe,Madrid (Spain),1993,~50–80,adventure,https://www.pendulo.com,press@pendulo.com (press),point-and-click,Runaway: A Road Adventure; Yesterday; Yesterday Origins; New York Crimes; Runaway,unknown,office,independent,Spanish adventure tradition.
People Can Fly,Europe,Warsaw (Poland),2002,~300+,unknown,https://peoplecanfly.com,press@peoplecanfly.com (press),AAA shooter,Outriders; Bulletstorm; Gears of War: Judgment; Bulletstorm (historical); Bulletstorm (tarihsel),unknown,office,public (Poland),FPS expert.
People Can Fly Newcastle,Europe,Newcastle (UK),2020,~50-100,AAA shooter support,https://peoplecanfly.com,press@peoplecanfly.com (press),AAA support,Outriders support; Bulletstorm lineage support; PCF UK; Newcastle multiplayer; PCF UK contribution; PCF portfolio support,unknown,office,People Can Fly,PCF UK satellite supporting Outriders-era multiplayer work.
Pieces Interactive,Europe,Skövde (Sweden),2007,~30-60,co-dev,https://www.piecesinteractive.se,press@piecesinteractive.se (press),co-dev,Magicka support; Embracer studio; various projects,unknown,office,Embracer,Sweden co-dev.
Piranha Bytes,Europe,Essen (Germany),1997,closed (2024),Gothic; Elex,https://www.piranha-bytes.com,unknown,action-RPG,Gothic; Risen; Elex,-,-,closed (THQ Nordic),Historical German RPG.
Pixel Crow,Europe,Warsaw (Poland),2016,~20-40,We. The Revolution,https://pixelcrow.com,unknown,narrative / strategy,We. The Revolution; House of Remembrance; Pixel Crow narrative strategy; Polish indie,unknown,office,independent,Poland narrative strategy.
Plaion (Koch Media),Europe,Planegg (Germany),1994,thousands (group),Embracer publishing arm,https://www.plaion.com,press@plaion.com (press),publishing; distribution,Dead Island 2 (Deep Silver); Saints Row; Kerbal Space Program; Metro Exodus; Deep Silver / Ravenscourt labels; Deep Silver / Ravenscourt etiketleri,unknown,mixed,Embracer,European publishing/distribution.
Playdead,Europe,Copenhagen (Denmark),2006,~50-80,Limbo; Inside,https://playdead.com,press@playdead.com (press),indie puzzle-platform,Limbo; Inside; Playdead unannounced; Danish cinematic platformers; upcoming title,unknown,office,independent,Minimalist narrative icon.
Playrion Game Studio,Latin America,Paris (France),2010,~30-60,Airlines Manager; Train Manager,https://www.playrion.com,unknown,mobile sim management,Airlines Manager; Airlines Manager Tycoon; Playrion management sims; French mobile tycoon,unknown,office,independent,French management sim.
Playrix,Europe,Dublin (Ireland; root Eastern Europe),2004,~3000+,mobile puzzle revenue peaks,https://www.playrix.com,press@playrix.com (press),mobile puzzle / match,Homescapes; Gardenscapes; Township; Fishdom; Manor Matters,unknown,distributed,private,One of the highest-grossing mobile puzzle companies.
Playtonic Games,Europe,Leicestershire (UK),2014,~50-80,Yooka-Laylee,https://www.playtonicgames.com,press@playtonicgames.com (press),3D platform,Yooka-Laylee; Yooka-Laylee and the Impossible Lair; Playtonic platformers; Rare alumni,unknown,office,independent,Rare veterans.
Product Madness,Europe,London (UK),2012,~500+,social casino,https://www.productmadness.com,unknown,mobile casino,Lightning Link; Heart of Vegas; Big Fish Casino; Product Madness slots,unknown,office,Aristocrat,Social casino.
QLOC,Europe,Warsaw (Poland),2009,~200-400,port / QA / loc.,https://qloc.com,unknown,port; QA; localization,Dying Light ports; AAA PC/console ports; AAA porting; multiple AAA port/QA,unknown,office,independent,Poland port/QA.
Quantic Dream,Europe,Paris (France),1997,~200–300,NetEase investment,https://www.quanticdream.com,press@quanticdream.com (press),cinematic adventure,Detroit: Become Human; Heavy Rain; Beyond: Two Souls,unknown,office,NetEase minority/investment,Cinematic interactive drama; Detroit and Heavy Rain lineage.
Realmforge Studios,Europe,Munich (Germany),2008,~30-60,Dungeons; Dungeons 3/4,https://www.realmforge.de,unknown,strategy / dungeon,Dungeons; Dungeons 2; Dungeons 3; Dungeons 4; Dungeons series; Dungeons serisi,unknown,office,Kalypso,German dungeon-keeper-like.
Rebellion Developments,Europe,Oxford (UK),1992,~400+,Sniper Elite; 2000 AD IP,https://rebellion.com,press@rebellion.co.uk (press),AAA/AA shooter,Sniper Elite 5; Zombie Army; Strange Brigade; Sniper Elite,unknown,office,independent,Sniper Elite and owned classic IP (2000 AD adjacency).
Rebellion North,Europe,Liverpool area (UK),—,Rebellion internal,support,https://rebellion.com,press@rebellion.co.uk (press),AAA support,Sniper Elite support; Zombie Army support; Rebellion multiplayer; UK satellite; Sniper Elite destek,unknown,office,Rebellion,Rebellion north campus.
RedLynx,Europe,Helsinki (Finland),2000,~100–150,Trials,https://www.redlynx.com,press@redlynx.com (press),arcade racing / action,Trials Rising; Trials Fusion; Trials HD; Mario + Rabbids support (Ubisoft); Trials series; Trials serisi,unknown,office,Ubisoft,Finland Ubisoft studio.
Remedy Entertainment,Europe,Espoo (Finland),1995,~400+,Control / Alan Wake; public,https://www.remedygames.com,press@remedygames.com (press),AAA action-adventure,Alan Wake 2; Control; Max Payne; Quantum Break; Alan Wake Remastered; Alan Wake; Max Payne (historical); Max Payne (tarihsel),unknown,office,public (Finland),Narrative action-adventure; Alan Wake and Control connected universe.
Resolution Games,Europe,Stockholm (Sweden),2015,~100-150,VR multiplayer,https://www.resolutiongames.com,press@resolutiongames.com (press),VR,Demeo; Cook-Out; Angry Birds VR; Disc Golf; various VR,unknown,office,independent,Sweden VR.
Rocksteady Studios,Europe,London (UK),2004,~200–250,unknown (WB),https://www.rocksteadyltd.com,press@warnerbros.com (press),AAA action,Arkham Knight; Arkham City; Suicide Squad; Batman: Arkham Knight; Arkham Asylum; Batman: Arkham,unknown,office,Warner Bros. Games,Arkham trilogy defining Batman games; Suicide Squad follow-up.
Roll7,Europe,London (UK),2008,~30-60,OlliOlli,https://www.roll7.co.uk,press@roll7.co.uk (press),indie sports,OlliOlli World; OlliOlli; Laser League; Roll7 skate/arcade,unknown,office,Take-Two / Private Division,Skate indie.
Room 8 Studio,Europe,Kyiv / Nicosia / global,2011,~1000+,art / co-dev,https://www.room8studio.com,hello@room8studio.com (general),service; art,art; full-cycle co-dev; art / full-cycle co-dev; multiple AAA art/co-dev,unknown,distributed,private,Ukrainian root service.
Rovio Entertainment,Europe,Espoo (Finland),2003,~500 range,Sega acquisition (2023),https://www.rovio.com,press@rovio.com (press),mobile / IP,Angry Birds 2; Angry Birds Journey; Angry Birds Friends; Angry Birds,unknown,hybrid,Sega,Angry Birds IP; Sega group.
Saber Interactive,North America,Fort Lauderdale roots; studios EU/US,2001,~1000+ (group periodic),port + IP; Embracer simplification,https://www.saber3d.com,press@saber.games (press),AAA service/shooter,World War Z; Space Marine 2 (collab); Halo MCC PC; Space Marine 2 (co-op); Space Marine 2 (ortak),unknown,multi-office,Beacon Interactive (post-Embracer exit),Large service network; ownership changed 2024+.
Sandfall Interactive,Europe,Montpellier (France),2020,~30-50,Clair Obscur: Expedition 33,https://www.sandfall-interactive.com,press@sandfall-interactive.com (press),JRPG-like / narrative,Clair Obscur: Expedition 33; Expedition 33 soundtrack edition; Sandfall Interactive debut RPG; Kepler Interactive partnership title; Sandfall debut RPG; French turn-based; Kepler partnership,unknown,office,independent (Kepler Interactive publishing),Debut Clair Obscur: Expedition 33 became a global turn-based hit.
SayGames,Europe,Limassol (Cyprus),2017,~200+,hypercasual publishing,https://say.games,press@say.games (press),mobile hypercasual,Save the Dog; Count Masters; SayGames hypercasual; multi-title publishing; hypercasual publishing; multi-title,unknown,distributed,private,Hypercasual publisher.
Sega Hardlight,Europe,Royal Tunbridge Wells (UK),2012,~50-100,Sonic mobile,https://www.sega.co.uk,press@sega.com (press),mobile,Sonic Dash; Sonic Forces: Speed Battle; Sonic Forces Mobile,unknown,office,Sega,SEGA mobile studio (Sonic Dash / Sonic Forces mobile).
Sharkmob,Europe,Malmö (Sweden) / London,2017,~200-300,Bloodhunt,https://www.sharkmob.com,press@sharkmob.com (press),live service,Vampire: The Masquerade – Bloodhunt; Exoborne; Sharkmob multiplayer; Tencent-backed; Bloodhunt; First Class Trouble,unknown,multi-office,Tencent,Sweden/UK live service.
Shiro Games,Europe,Bordeaux (France),2012,~50-80,Northgard; Wartales,https://www.shirogames.com,press@shirogames.com (press),strategy / RPG,Northgard; Wartales; Evoland,unknown,office,independent,Bordeaux strategy.
SIDE,Europe,London (UK),2000,~1000+,audio / performance,https://side.global,unknown,audio; mocap,voice casting; audio localization; voice / audio localization; AAA audio/perf; AAA ses/perf,unknown,global,private,Audio and performance capture.
SIE London Studio,Europe,London (UK),2002,~100-200,VR / SingStar historical,https://www.playstation.com,press@playstation.com (press),VR / first-party,SingStar; PlayLink; London VR; PlayStation VR worlds,unknown,office,Sony / PlayStation Studios,PlayStation London (London Studio).
Slightly Mad Studios,Europe,London (UK),2009,~100-150,Project CARS,https://www.slightlymadstudios.com,press@slightlymadstudios.com (press),racing sim,Project CARS; Project CARS series; Project CARS serisi,unknown,office,EA / Codemasters,Sim racing.
Slipgate Ironworks,Europe,Aalborg (Denmark),2017,~20-40,WRATH; Bombshell,https://slipgateironworks.com,unknown,FPS / publishing,Bombshell; Rise of the Triad; WRATH: Aeon of Ruin,unknown,office,3D Realms / associated with Embracer,Denmark FPS/publishing.
Sloclap,Europe,Paris (France),2015,~50-80,Sifu; Absolver,https://www.sloclap.com,press@sloclap.com (press),fighting / action,Sifu; Absolver; Sloclap brawlers; Paris studio catalog; The Architect: Paris,unknown,office,independent,Paris fighting action.
Small Giant Games,Europe,Helsinki (Finland),2013,~100-200,Empires & Puzzles,https://www.smallgiantgames.com,press@smallgiantgames.com (press),mobile match-RPG,Empires & Puzzles; Small Giant puzzle RPG; Zynga acquisition era; Helsinki mobile; Spooky Puzzles,unknown,office,Zynga / Take-Two,Finland mobile; Zynga acquisition.
Snowprint Studios,Europe,Stockholm (Sweden),2017,~100-200,Tacticus,https://www.snowprintstudios.com,press@snowprintstudios.com (press),mobile strategy,"Warhammer 40,000: Tacticus; Snowprint live ops; Tacticus campaigns; mobile strategy; Relic of Life",unknown,office,independent,Sweden mobile strategy.
Socialpoint,Europe,Barcelona (Spain),2008,~300+,mobile social,https://www.socialpoint.es,press@socialpoint.es (press),mobile casual / social,Dragon City; Monster Legends; Socialpoint creature collectors; Zynga Barcelona; Word Life,unknown,office,Take-Two / Zynga,Barcelona mobile.
Softgames,Europe,Berlin (Germany),2009,~100-200,HTML5 / casual,https://www.softgames.de,press@softgames.de (press),mobile / HTML5,HTML5 Jewel Academy; Softgames casual catalog; browser/mobile puzzle; Berlin HTML5; HTML5 casual portfolio; very casual title,unknown,office,private,Berlin casual publishing.
Southend Interactive,Europe,Malmö (Sweden),1998,~50-100,co-dev,https://www.southendinteractive.com,unknown,co-dev,Kinect Star Wars contribution; various XR/co-dev; Southend services; Swedish co-dev,unknown,office,independent,Sweden co-dev.
Space Ape Games,Europe,London (UK),2012,~100-150,mobile strategy,https://www.spaceapegames.com,unknown,mobile strategy,Transformers: Earth Wars; Rival Stars Horse Racing; Fast & Furious: Legacy; Space Ape midcore,unknown,office,independent,London live-ops mobile.
Spiders,Europe,Paris (France),2008,~100–150,unknown (Nacon),https://www.spiders-games.com,contact@spiders-games.com (general),action-RPG,GreedFall; Bound by Flame; Steelrising,unknown,office,Nacon,French AA RPG.
Sports Interactive,Europe,London (UK),1994,~200+,Football Manager annual,https://www.footballmanager.com,press@sega.com (press),sports management sim,Football Manager 2025; FM 2024; Football Manager 2024; FM Touch; Football Manager,unknown,office,Sega,Football Manager simulation institution under Sega.
Star Vault,Europe,Sweden,2010,~20-40,Mortal Online,https://www.starvault.se,unknown,sandbox MMO,Mortal Online; Mortal Online 2; Star Vault sandbox MMOs; Swedish full-loot MMO,unknown,office,independent,Sweden sandbox MMO.
Starbreeze Studios,Europe,Stockholm (Sweden),1998,~200+,PAYDAY,https://www.starbreeze.com,press@starbreeze.com (press),co-op FPS,PAYDAY 2; PAYDAY 3; Brothers: A Tale of Two Sons (pub era); Starbreeze FPS; Brothers: A Tale of Two Sons (hist.),unknown,office,public (Sweden),Co-op heist.
Starward Industries,Europe,Kraków (Poland),2019,~50-80,The Invincible,https://starward.eu,press@starwardindustries.com (press),narrative sci-fi,The Invincible; Starward narrative sci-fi; Polish adaptation games,unknown,office,independent,Lem adaptation.
Stillfront Group,Europe,Stockholm (Sweden),2010,~1300+,holding revenues,https://www.stillfront.com,press@stillfront.com (press),mobile/strategy holding,BitArena; CW portfolio; mobile strategy group; mobile strategy group portfolio; multi-studio portfolio,unknown,mixed,public (Sweden),Multi-studio mobile holding.
Studio Fizbin,Europe,Ludwigshafen (Germany),2011,small,indie narrative,https://www.studio-fizbin.com,unknown,indie narrative,The Inner World; The Inner World 2; Fizbin point-and-click; German adventure,unknown,small,independent,German narrative.
Stunlock Studios,Europe,Skövde (Sweden),2010,~50-100,V Rising; Battlerite,https://www.stunlockstudios.com,press@stunlockstudios.com (press),action / survival,V Rising; Battlerite; Bloodline Champions; Stunlock multiplayer; Battlerite Royale,unknown,office,independent (Tencent minority history),Swedish action/survival.
Sulake,Europe,Helsinki (Finland),2000,~100-200,Habbo,https://www.sulake.com,contact@sulake.com (general); careers@sulake.com (HR); press@sulake.com (press),social virtual world,Habbo; Habbo Origins; Sulake virtual world; Finnish social platform,unknown,office,Azerion,Early social virtual world.
Supercell,Europe,Helsinki (Finland),2010,~400+,Clash / Brawl live service; Tencent,https://supercell.com,press@supercell.com (press),mobile strategy / live ops,Clash of Clans; Clash Royale; Brawl Stars; Hay Day; Squad Busters; Boom Beach; Mo.Co,unknown,office (cell culture),Tencent majority,"Cell model: few games, high quality, massive live-ops scale."
SUPERHOT Team,Europe,Warsaw / Łódź (Poland),2013,~20-40,SUPERHOT,https://superhotgame.com,press@superhotgame.com (press),FPS / indie,SUPERHOT; SUPERHOT VR; Mind Control Delete,unknown,small,independent,Time-manipulating FPS.
SuperPlay,Middle East,Tel Aviv (Israel),2019,~100-200,Dice Dreams,https://www.superplay.co,unknown,mobile casual,Dice Dreams!; SuperPlay board-casual; Israeli mobile live ops; dice merge; Dice Dreams; Domino Dreams; merge-casino hybrids,unknown,office,private,Israeli casual.
SYBO,Europe,Copenhagen (Denmark),2010,~100–150,Subway Surfers MAU,https://sybogames.com,unknown,mobile endless runner,Subway Surfers; Blade Ball partnership eras; SYBO endless runners; Copenhagen mobile; Blades of Brim; Subway Surfers City,unknown,office,independent,One of the most downloaded runners in the world.
Systemic Reaction,Europe,Stockholm (Sweden),—,In-house Avalanche,theHunter,https://avalanchestudios.com,press@avalanchestudios.com (press),online / hunting,theHunter: Call of the Wild; theHunter: Classic; Second Extinction; Avalanche Systemic,unknown,office,Avalanche,Avalanche online studio label.
Tarsier Studios,Europe,Malmö (Sweden),2004,~50-80,Little Nightmares,https://tarsier.se,press@tarsier.se (press),horror / platform,Little Nightmares; Statik; Little Nightmares series; Little Nightmares serisi,unknown,office,Embracer,Little Nightmares.
Tate Multimedia,Europe,Warsaw (Poland),2000,~50-100,Urban Trial,https://tate.pl,press@tatem.eu (press),publishing; racing,Urban Trial; Chicken Police; Urban Trial series; Urban Trial serisi,unknown,office,independent,Poland publishing/development.
Team17,Europe,Wakefield (BK),1990,~300+,Worms + indie publishing,https://www.team17.com,press@team17.com (press),publishing; indie-AA,Overcooked!; Worms; Dredge; Hell Let Loose (publish); Overcooked (publishing history); Hell Let Loose,unknown,hybrid,public (BK),Worms heritage + Overcooked/Dredge publishing success.
Team17 Digital,Europe,Wakefield (BK),2018 (brand),Team17 group,publishing + development,https://www.team17.com,press@team17.com (press),publishing; development,Overcooked!; Worms; Dredge; Hell Let Loose (publish); Overcooked publication; Hell Let Loose,unknown,office,Team17,Team17 digital/publishing arm.
Techland,Europe,Wrocław (Poland),1991,~500+,Dying Light series,https://www.techland.net,press@techland.pl (press),AAA action/zombie,Dying Light 2; Dying Light; Dying Light: The Beast; The Beast; Call of Juarez,unknown,office,private,Poland open-world action; Dying Light franchise core.
Techland Warsaw,Europe,Warsaw (Poland),—,Techland internal,Dying Light support,https://www.techland.net,press@techland.pl (press),AAA support,Dying Light; Dying Light 2 Stay Human; Dead Island (legacy); Techland parkour zombie,unknown,office,Techland,Techland Warsaw.
Tequila Works,Europe,Madrid (Spain),2009,~50–100,unknown,https://tequilaworks.com,press@tequilaworks.com (press),action-adventure,RiME; Deadlight; Song of Nunu,unknown,office,independent,Spanish AA/indie.
The Astronauts,Europe,Warsaw (Poland),2012,~50–80,unknown,https://www.theastronauts.com,press@theastronauts.com (press),FPS / narrative,Witchfire; The Vanishing of Ethan Carter; The Astronauts immersive sims; Polish FPS/RPG; Witchfire playtests,unknown,office,independent,Ethan Carter + Witchfire.
The Chinese Room,Europe,Brighton (UK),2007,~30-50,Dear Esther,https://www.thechineseroom.co.uk,press@thechineseroom.co.uk (press),walking sim,Dear Esther; Everybody's Gone to the Rapture; Still Wakes the Deep; Little Orpheus,unknown,office,Sumo / Tencent,Walking sim pioneer.
The Game Kitchen,Europe,Sevilla (Spain),2010,~20-40,Blasphemous,https://thegamekitchen.com,info@thegamekitchen.com (general); press@thegamekitchen.com (press),metroidvania,Blasphemous; Blasphemous II; The Last Door; The Game Kitchen metroidvania,unknown,office,independent,Spanish metroidvania hit.
THQ Nordic,Europe,Vienna (Austria),2011,Within Embracer,unknown,https://www.thqnordic.com,press@thqnordic.com (press),publisher; AA,Darksiders; Destroy All Humans; Desperados III; SpongeBob; Darksiders Genesis; SpongeBob Cosmic Shake; Kingdoms of Amalur,unknown,mixed,Embracer,Classic IP revival label inside Embracer.
Thunderful Games,Europe,Gothenburg (Sweden),—,Inside Thunderful,development,https://thunderfulgroup.com,press@thunderfulgroup.com (press),development,SteamWorld; Lost in Random; various TFG,unknown,office,Thunderful Group,Thunderful development branch.
Thunderful Group,Europe,Gothenburg (Sweden),2019,~500+,holding,https://thunderfulgroup.com,press@thunderfulgroup.com (press),holding; indie-AA,Nordic games group / publishing; SteamWorld ecosystem; SteamWorld ekosistemi,unknown,mixed,public (Sweden),Sweden game group.
Toadman Interactive,Europe,Stockholm (Sweden),2013,~50-100,service,https://www.toadmaninteractive.com,unknown,service,GTFO co-dev/support; Toadman services; Swedish co-dev; multiplayer support,unknown,office,private,Sweden service.
Traplight,Europe,Tampere (Finland),2011,~50-100,mobile,https://traplightgames.com,contact@traplightgames.com (general); jobs@traplightgames.com (HR); press@traplightgames.com (press),mobile action,Puzzle & Survival; Puzzle Breakers; Traplight midcore; Finnish puzzle RPG,unknown,office,independent,Finland mobile.
Travian Games,Europe,Munich (Germany),2005,~100-200,Travian,https://www.traviangames.com,unknown,browser strategy,Travian; Travian Kingdoms; Travian Legends; Travian browser strategy,unknown,office,private,Classic browser strategy.
Triumph Studios,Europe,Delft (Netherlands),1997,~30-60,Age of Wonders,https://www.triumphstudios.com,pr@paradoxinteractive.com (press),strategy / 4X,Age of Wonders series; Overlord; Age of Wonders serisi,unknown,office,Paradox (acquisition),Netherlands 4X; Paradox.
Two Desperados,Europe,Novi Sad (Serbia),2014,~50-100,Not ShadowFight — Crystalix / midcore,https://twodesperados.com,press@twodesperados.com (press),mobile midcore,Scarlet Hood and the Wicked Wood; Two Desperados adventure; Serbian indie; midcore slate; Scarlet Hood; various midcore,unknown,office,independent,Serbia mobile.
Ubisoft,Europe,Saint-Mandé / Paris (France),1986,~18000+,annual several billion $ range,https://www.ubisoft.com,press@ubisoft.com (press),AAA publishing; open world,Assassin's Creed; Far Cry; Rainbow Six; Mario+Rabbids; Assassin's Creed Valhalla; Far Cry 6; Rainbow Six Siege; Mario + Rabbids Sparks of Hope,yes — internship (common in France/Canada),hybrid / office,public (UBI); Guillemot family,Open-world and live-service specialist with a dense global studio mesh.
Ubisoft Annecy,Europe,Annecy (France),1996,~200-300,multiplayer / support,https://www.ubisoft.com,press@ubisoft.com (press),multiplayer,Assassin's Creed multiplayer systems; Assassin's Creed multiplayer historical; Assassin's Creed multiplayer tarihsel,unknown,office,Ubisoft,Ubisoft Annecy multiplayer/online specialist campus.
Ubisoft Barcelona,Europe,Barcelona (Spain),1998,~300-400,mobile + support,https://www.ubisoft.com,press@ubisoft.com (press),mobile / support,Might & Magic; Heroes legacy mobile; Ubisoft Barcelona live-ops; Spain Ubisoft support; Ubisoft mobile/support; various Ubisoft mobile/support,unknown,office,Ubisoft,Ubisoft Spain studio focused on mobile and live support.
Ubisoft Berlin,Europe,Berlin (Germany),2018,~100-200,AAA / new campus,https://www.ubisoft.com,press@ubisoft.com (press),AAA,For Honor support; Rainbow Six support eras; Ubisoft Berlin; Germany live-ops; Ubisoft Germany support; various projects / support,unknown,office,Ubisoft,Ubisoft Germany support campus for live-service titles.
Ubisoft Blue Byte,Europe,Düsseldorf / Mainz (Germany),1988,~400+,Anno; The Settlers,https://www.bluebyte.com,press@ubisoft.com (press),strategy / sim,Anno 1800; The Settlers; Anno 117; Anno,unknown,office,Ubisoft,"German Ubisoft strategy studio (The Settlers, Anno support)."
Ubisoft Bordeaux,Europe,Bordeaux (France),2017,~200-300,AC support,https://www.ubisoft.com,press@ubisoft.com (press),AAA support,Assassin's Creed Shadows contribution; Assassin's Creed support; Assassin's Creed destek,unknown,office,Ubisoft,Ubisoft Bordeaux campus contributing to open-world brands.
Ubisoft Bucharest,Europe,Bucharest (Romania),1992,~700+,Rainbow Six contribution,https://www.ubisoft.com,press@ubisoft.com (press),AAA / live,Tom Clancy's Rainbow Six Siege contribution; Ghost Recon support; Ubisoft Romania slate; live ops; Rainbow Six Siege contribution; Rainbow Six Siege katki,unknown,office,Ubisoft,Ubisoft Romania studio for live-ops and multiplayer support.
Ubisoft Leamington,Europe,Leamington Spa (UK),2012 (FreeStyleGames legacy),~100-150,steep / racing / support,https://www.ubisoft.com,press@ubisoft.com (press),sports / support,Steep; Riders Republic; Riders Republic contribution,unknown,office,Ubisoft,UK Ubisoft (FreeStyleGames).
Ubisoft Milan,Europe,Milan (Italy),2001,~150-250,Mario+Rabbids,https://www.ubisoft.com,press@ubisoft.com (press),strategy / co-dev,Mario + Rabbids Kingdom Battle; Mario + Rabbids Sparks of Hope; Italy Ubisoft strategy; Rabbids; Sparks of Hope,unknown,office,Ubisoft,Italy Ubisoft studio behind Mario + Rabbids strategy hits.
Ubisoft Montpellier,Europe,Montpellier (France),1994,~200-300,Rayman; BG&E,https://www.ubisoft.com,press@ubisoft.com (press),action-adventure,Beyond Good & Evil; Rayman Legends; Valiant Hearts; Beyond Good & Evil 2 (dev),unknown,office,Ubisoft,Beyond Good & Evil / Rayman creative campus in France.
Ubisoft Montréal,North America,"Montréal, QC (Canada)",1997,~3500+ range,Inside Ubisoft,https://montreal.ubisoft.com,press@ubisoft.com (press),AAA open world,Assassin's Creed; Rainbow Six Siege; Far Cry; Watch Dogs; For Honor,yes — strong internship,office / hybrid,Ubisoft,One of the largest studios in North America.
Ubisoft Odessa,Europe,Odesa (Ukraine),2018,~100-200 (periodic),AAA support,https://www.ubisoft.com,press@ubisoft.com (press),AAA support,Ubisoft services; Rainbow Six contribution; Odessa support campus; Ukraine Ubisoft; Ubisoft support services; various Ubisoft support,unknown,office,Ubisoft,Ubisoft Ukraine services hub for multiplayer/live ops.
Ubisoft Paris,Europe,Paris (France),1992,~500+,Rainbow Six; Ghost Recon,https://www.ubisoft.com,press@ubisoft.com (press),AAA shooter,Rainbow Six Siege; Ghost Recon; R6 Extraction,unknown,office,Ubisoft,Flagship Paris Ubisoft studio for Rainbow Six and more.
Ubisoft Reflections,Europe,Newcastle (UK),1984,~200-300,Driver; Watch Dogs Legion contribution,https://www.ubisoft.com,press@ubisoft.com (press),AAA / racing roots,Driver; Watch Dogs Legion; Driver series; Driver serisi,unknown,office,Ubisoft,UK Ubisoft studio (Driver heritage; open-world contribution).
Ubisoft Sofia,Europe,Sofia (Bulgaria),2006,~200-300,AC support,https://www.ubisoft.com,press@ubisoft.com (press),AAA support,Prince of Persia: The Lost Crown; Assassin's Creed support; Assassin's Creed destek,unknown,office,Ubisoft,Ubisoft Bulgaria support/production campus.
Ubisoft Stockholm,Europe,Stockholm (Sweden),2017,~100-200,Avatar / Tom Clancy support,https://www.ubisoft.com,press@ubisoft.com (press),AAA support,Avatar contribution; Massive support; Avatar: Frontiers of Pandora contribution; support; destek,unknown,office,Ubisoft,Sweden Ubisoft (Massive separate).
Virtual Toys,Europe,Madrid (Spain),1999,~50-100,family / children,https://www.virtualtoys.com,press@virtualtoys.com (press),family,Sports Island; Family Trainer; Virtual Toys sports; Spanish family console; sports / family console titles,unknown,office,independent,Spanish family studio.
Voidpoint,Europe,Ireland / remote,2015,small,Ion Fury,https://voidpoint.com,unknown,FPS,Ion Fury; Ion Fury: Aftershock; Build engine revival; Voidpoint FPS,unknown,remote,independent,Build Engine FPS.
Voidpoint / Ion Fury — Voidpoint,Europe,Ireland / remote,2015,small,Ion Fury,https://voidpoint.com,press@voidpoint.com (press),FPS,Ion Fury; Ion Fury: Aftershock; Bombshell related lineage; Voidpoint FPS; Aftershock,unknown,remote,independent (3D Realms publishing),Build Engine FPS.
Voodoo,Europe,Paris (France),2013,~800+,hypercasual publishing / hybrid,https://www.voodoo.io,press@voodoo.io (press),mobile hypercasual / hybrid,Mob Control; Helix Jump; Beach Buggy Racing; numerous hyper-casual titles,unknown,hybrid,private,European hypercasual publishing engine.
Vostok Games,Europe,Kyiv / Nicosia,2012,~50-100,Survarium,https://vostokgames.com,press@vostokgames.com (press),survival / shooter,Survarium; Fear the Wolves; Vostok extraction/survival; Ukrainian studio,unknown,distributed,independent,STALKER veterans.
Wooga,Europe,Berlin (Germany),2009,~300+,June's Journey,https://www.wooga.com,press@wooga.com (press),mobile narrative,June's Journey; Pearl's Peril; Tropicats; Wooga narrative casual; Hungry Dragon,unknown,office,Playtika,Berlin story casual.
XDev,Europe,Liverpool / London (UK),2007 (SIE),~50-100,PlayStation third-party support,https://www.playstation.com,press@playstation.com (press),publishing support / QA,PlayStation Indies; EU third-party support; third party PS support,unknown,office,Sony / PlayStation,SIE external development support unit.
Yager Development,Europe,Berlin (Germany),1999,~100–150,unknown,https://yager.de,press@yager.de (press),shooter / service,Spec Ops: The Line; Deadlink; The Cycle (hist.); The Cycle (historical); The Cycle (tarihsel),unknown,office,independent,Berlin studio; Spec Ops cult.
Zoink,Europe,Gothenburg (Sweden),2001,~30-60,Lost in Random; Stick It to the Man,https://zoinkgames.com,press@zoinkgames.com (press),indie action-adventure,Lost in Random; Ghost Giant; The Stretchers,unknown,office,Thunderful,Thunderful group studio.
1-UP Studio,Japan,Tokyo (Japan),2000 (Brownie Brown),~50-80,Mother / Mario support,https://www.1-up-studio.jp,press@noa.nintendo.com (press),first-party support,Mother 3; Mario & Luigi: Partners in Time support; Nintendo RPG support; Tokyo Nintendo partner; Mario & Luigi support periods,unknown,office,Nintendo,Nintendo-affiliated Tokyo RPG partner (Mother 3 lineage).
Acquire,Japan,Tokyo (Japan),1994,~100-150,Tenchu; Akiba's Trip,https://www.acquire.co.jp,unknown,action / RPG,Tenchu series; Akiba's Trip; Octopath Traveler support; Acquire action/RPG; Tenchu,unknown,office,independent,Japanese action/RPG.
Aiming,Japan,Tokyo (Japan),2011,~300+,mobile MMO,https://aiming-inc.com,unknown,mobile MMO,Dragon Quest Tact support eras; Aiming online; Japanese mobile MMO; Aiming catalog,unknown,office,public,Japanese mobile MMO.
Akatsuki,Japan,Tokyo (Japan),2010,~500+,mobile RPG,https://aktsk.jp,unknown,mobile; anime IP,Fantasia Re:Zero; Septima Heroes; Akatsuki midcore; Tokyo mobile RPG; Fantasia Re:Zero etc. seasonal,unknown,office,public (Tokyo),Japanese mobile RPG.
AlphaDream,Japan,Tokyo (Japan),2000,closed (2019),Mario & Luigi,,unknown,JRPG,Mario & Luigi: Superstar Saga; Mario & Luigi: Dream Team; Mario & Luigi: Bowser's Inside Story; Mario & Luigi: Paper Jam; Mario & Luigi series; Mario & Luigi serisi,-,-,closed,Historical Nintendo second party.
Ambrella (tarihsel),Japan,Tokyo (Japan),1996-2020,closed,Hey You Pikachu; Pokémon Channel,https://www.nintendo.com,unknown,Pokémon side,"Hey You, Pikachu!; Pokémon Rumble; Pokémon Rumble World; Pokémon Dash",-,-,closed,Historical Pokémon spin-off studio.
Aniplex,Japan,Tokyo (Japan),1995,Sony Music group,anime IP,https://www.aniplex.co.jp,press@aniplex.co.jp (press),publishing / IP,Fate/Grand Order; SAO games; Demon Slayer games; Fate ecosystem; SAO oyunlari; Fate ekosistemi,unknown,office,Sony Music Japan,Anime IP power center; FGO and SAO ecosystem.
Arc System Works,Japan,Yokohama (Japan),1988,~200+,Guilty Gear / Strive,https://www.arcsystemworks.com,press@arcsystemworks.com (press),fighting,Guilty Gear Strive; Dragon Ball FighterZ; BlazBlue; Granblue Fantasy Versus; Guilty Gear; Dragon Ball FighterZ (development),unknown,office,independent,Anime fighter specialist; Guilty Gear and DBFZ.
Ateam,Japan,Nagoya (Japan),2000,~500+,mobile,https://www.a-tm.co.jp,unknown,mobile,Dark Heroes; romance/mobile titles; Ateam entertainment; Japanese midcore; various romance/mobile,unknown,office,public (Tokyo),Nagoya mobile.
Atlus,Japan,Tokyo (Japan),1986,~300–400,Persona sales,https://www.atlus.com,press@atlus.com (press),JRPG / dungeon crawler,Persona 5 Royal; Persona 3 Reload; Metaphor: ReFantazio; SMT V Vengeance; Catherine Full Body; Persona; Shin Megami Tensei,unknown,office,Sega,Persona and SMT flagship JRPGs inside Sega Sammy.
Bandai Namco,Japan,Tokyo (Japan),2005 (merger),~8000+ (group),anime IP + game,https://www.bandainamcoent.com,press@bandainamcoent.com (press),publishing; fighting; RPG,Tekken 8; Elden Ring (publish); Pac-Man; Dark Souls (publish); Scarlet Nexus; Tales of Arise; Dragon Ball FighterZ; Armored Core VI (publish),unknown,office,public (Tokyo),Broad IP house; Elden Ring publishing partner with FromSoftware.
Bushiroad,Japan,Tokyo (Japan),2007,~500+ (group),card / anime / game,https://bushiroad.co.jp,unknown,TCG; mobile; media mix,Weiss Schwarz; BanG Dream!; D4DJ,unknown,office,public (Tokyo),Media mix + TCG.
Camelot Software Planning,Japan,Tokyo (Japan),1994,~50–80,Mario Golf / Tennis; Golden Sun,https://www.camelot.co.jp,press@noa.nintendo.com (press),sports / JRPG,Mario Golf: Super Rush; Mario Tennis Aces; Mario Tennis; Golden Sun,unknown,office,independent (Nintendo publishing),Nintendo sports + Golden Sun.
Capcom,Japan,Osaka (Japan),1979,~3000+,RE / MH record sales,https://www.capcom.com,press@capcom.com (press),AAA action / horror,Resident Evil 4; Monster Hunter; Street Fighter 6; Monster Hunter Wilds; Devil May Cry 5; Ace Attorney; Dragon's Dogma 2; Mega Man,unknown,office,public (Tokyo),"RE Engine era profitability; Resident Evil, Monster Hunter, Street Fighter."
Capcom R&D Division 1,Japan,Osaka (Japan),—,in Capcom,Resident Evil; Devil May Cry,https://www.capcom.com,press@capcom.com (press),AAA action / horror,Resident Evil remakes; Devil May Cry 5; Exoprimal; Resident Evil; DMC; Ghosts'n Goblins modern,unknown,office,Capcom,Resident Evil remake engine room; RE Engine showcase unit.
Capcom R&D Division 2,Japan,Osaka (Japan),—,in Capcom,Monster Hunter; Street Fighter,https://www.capcom.com,press@capcom.com (press),AAA action / fighting,Monster Hunter World; Street Fighter 6; Ace Attorney; Monster Hunter; Street Fighter,unknown,office,Capcom,Monster Hunter and Street Fighter production department.
Cave,Japan,Tokyo (Japan),1994,~100+,shmup / pachinko transition,https://www.cave.co.jp,unknown,shoot-'em-up,DonPachi; DoDonPachi; Mushihimesama; Akai Katana,unknown,office,public seasonal,Bullet hell icon.
Colopl,Japan,Tokyo (Japan),2008,~1000+,unknown,https://colopl.co.jp,principles@colopl.jp (press); help@colopl.jp (support),mobile,White Cat Project; Quiz RPG: The World of Mystic Wiz; Colopl VR; Japanese mobile RPG; White Cat Project etc.; White Cat Project vb.,unknown,office,public (Tokyo),Japanese mobile.
Compile Heart,Japan,Tokyo (Japan),2006,~50-100,Neptunia,https://www.compileheart.com,unknown,JRPG,Neptunia; Death end re; Quest; Hyperdimension Neptunia series; Hyperdimension Neptunia serisi,unknown,office,Idea Factory,Neptunia IP.
Crafts & Meister,Japan,Osaka (Japan),2004,~50-80,co-dev / Gundam,https://www.crafts-meister.co.jp,unknown,co-dev; action,Mobile Suit Gundam Extreme Vs.; Gundam Battle; Bandai Namco fighters; Crafts & Meister; various Bandai,unknown,office,independent,Osaka co-dev.
Creatures Inc.,Japan,Tokyo (Japan),1995,~200+,Pokémon team member,https://www.creatures.co.jp,unknown,IP / development,Pokémon Ranger; card game support; Hey You Pikachu!,unknown,office,Pokémon Company partner,TPC triangle's third leg.
CyberAgent,Japan,Tokyo (Japan),1998,thousands (group),internet + game,https://www.cyberagent.co.jp,unknown,holding,Cygames parent ecosystem; Abema entertainment; CyberAgent games investment; Tokyo digital; Cygames parent company,unknown,office,public (Tokyo),Cygames parent company.
CyberConnect2,Japan,Fukuoka (Japan),1996,~200-300,Naruto Ultimate Ninja; .hack,https://www.cc2.co.jp,unknown,action / anime,Naruto Storm; Asura's Wrath; .hack; Naruto UNS; Little Noah; Fugue,unknown,office,independent,Fukuoka anime-action.
Cygames,Japan,Tokyo (Japan),2011,~2000+,Uma Musume / Granblue,https://www.cygames.co.jp,press@cygames.co.jp (press),mobile / console,Uma Musume; Granblue Fantasy; Princess Connect; Shadowverse; Granblue Fantasy Versus,unknown,office,CyberAgent,Japanese mobile IP powerhouse; Uma Musume and Granblue.
DeNA,Japan,Tokyo (Japan),1999,~2000+,mobile + sports/other,https://dena.com,pr@dena.com (press),mobile; publishing partnerships,Mobage; Mario Kart Tour partnership; Pokémon Masters EX; Final Fantasy Record Keeper; Mobage platform history; Nintendo partnerships,unknown,office,public (Tokyo),Mobage pioneer; Nintendo/Pokémon mobile partnerships.
Dimps,Japan,Osaka (Japan),2000,~150-250,Dragon Ball; Street Fighter support,https://www.dimps.co.jp,unknown,fighting / action,Dragon Ball Sparking! Zero (collab); Street Fighter IV (collab); Dragon Ball FighterZ (with ArcSys); SFIV support; historical Sonic support; Dragon Ball FighterZ (ArcSys ile); SFIV destek; Sonic destek tarihsel,unknown,office,independent,Osaka fighting/action co-dev.
DMM Games,Japan,Tokyo (Japan),—,DMM group,platform + game,https://games.dmm.com,unknown,platform / publishing,Touken Ranbu; DMM GAMES platform; adult/PC publishing; DMM catalog; various PC/mobile,unknown,office,DMM.com,Japanese digital platform.
Drecom,Japan,Tokyo (Japan),2001,~300+,mobile / publishing,https://www.drecom.co.jp,unknown,mobile; publishing,Rakugaki Kingdom; Drecom online; Japanese publishing; Drecom mobile,unknown,office,public,Japanese mobile/publishing.
Epic Games Japan,Japan,Tokyo (Japan),—,in Epic,UE / Fortnite JP,https://www.epicgames.com,press@epicgames.com (press),engine / support,Unreal Engine Japan; Fortnite JP support; Unreal Engine Japonya,unknown,office,Epic Games,Epic's Japan office for Unreal and Fortnite regional ops.
feelplus (tarihsel),Japan,Tokyo (Japan),2002-2012,closed,Lost Odyssey; Ninety-Nine Nights,,unknown,JRPG / action,Lost Odyssey; Eternal Sonata support; Microsoft Japan RPG era; feelplus catalog,-,-,closed (Microsoft related),Historical Xbox JRPG.
Felistella,Japan,Tokyo / Hyogo (Japan),2010,~30-50,co-dev / JRPG support,https://www.felistella.co.jp,unknown,co-dev,Atelier support; Gust co-dev; Felistella JRPG; Koei Tecmo partners; various JRPG co-dev,unknown,office,independent,Japanese co-dev studio.
French-Bread,Japan,Tokyo (Japan),1993,~30-50,Melty Blood; Under Night,https://www.french-bread.net,unknown,fighting,Melty Blood: Type Lumina; Under Night In-Birth; Dengeki Bunko Fighting Climax; French-Bread fighters; Melty Blood,unknown,office,independent,Niche fighting studio.
FromSoftware,Japan,Tokyo (Japan),1986,~400+,Elden Ring / Souls,https://www.fromsoftware.jp,press@fromsoftware.jp (press),action-RPG,Elden Ring; Dark Souls III; Sekiro; Armored Core VI; Bloodborne; Nightreign; Dark Souls; Armored Core,unknown,office,Kadokawa affiliated,Studio that defined the souls-like genre; Elden Ring peak reach.
Game Freak,Japan,Tokyo (Japan),1989,~150–200,Pokémon main series,https://www.gamefreak.co.jp,press@pokemon.com (press),JRPG,Pokémon Scarlet/Violet; Legends Arceus; Legends: Arceus; Sword/Shield; Pokémon main series games,unknown,office,independent (TPCi partnership),Mainline Pokémon developer alongside The Pokémon Company.
Genius Sonority,Japan,Tokyo (Japan),2002,~50-80,Pokémon puzzle / RPG support,https://www.geniussonority.co.jp,info@geniussonority.co.jp (general),puzzle / RPG,Pokémon Trozei; Pokémon Battle Revolution; Pokémon Shuffle; Pokémon Café ReMix,unknown,office,independent,Pokémon spin-off games.
Good-Feel,Japan,Tokyo (Japan),2005,~50-100,Yoshi; Kirby support,https://www.good-feel.co.jp,press@noa.nintendo.com (press),platform,Yoshi's Crafted World; Kirby Rainbow Curse; Yoshi's Woolly World; Kirby's Extra Epic Yarn,unknown,office,independent (Nintendo publishing),Handmade visual platform.
Grasshopper Manufacture,Japan,Tokyo (Japan),1998,~50–100,unknown,https://www.grasshopper.co.jp,contact@grasshopper.co.jp (general); recruit@grasshopper.co.jp (HR); press@neteasegames.com (press),action / weird,No More Heroes; Killer7; Shadows of the Damned,unknown,office,NetEase (acquisition),Suda51 studio.
Grezzo,Japan,Tokyo (Japan),2006,~100-150,Zelda remaster / Link's Awakening,https://www.grezzo.co.jp,press@noa.nintendo.com (press),action-adventure,Zelda: Link's Awakening; Majora's Mask 3D; Link's Awakening remake; Ocarina 3D,unknown,office,independent (Nintendo publishing),Zelda remaster expert.
gumi,Japan,Tokyo (Japan),2007,~700+,mobile / blockchain experiments,https://www.gu3.co.jp,press@gu3.co.jp (press),mobile RPG / publishing,Brave Frontier; Destiny Child; gumi gacha catalog; Tokyo midcore; Various gacha; VR/blockchain initiatives,unknown,office,public (Tokyo),Japanese mobile publishing.
GungHo Online,Japan,Tokyo (Japan),2002,~1000+,Puzzle & Dragons,https://www.gungho.co.jp,press@gungho.jp (press),mobile puzzle-RPG,Puzzle & Dragons; Ragnarok Mobile partnerships; GungHo publishing; Japanese puzzle RPG,unknown,office,public (Tokyo),Early mobile revenue giant.
Gust (Koei Tecmo),Japan,Nagano (Japan),1993,~150+,Atelier; Nights of Azure,https://www.gust.co.jp,press@koeitecmo.co.jp (press),JRPG,Atelier Ryza; Atelier Sophie; Blue Reflection; Atelier series; Atelier serisi,unknown,office,Koei Tecmo,Alchemist JRPG line.
HAL Laboratory,Japan,Tokyo / Kyoto (Japan),1980,~200+,Kirby; Super Smash Bros (historical),https://www.hallab.co.jp,press@noa.nintendo.com (press),first-party platform / fighting,Kirby and the Forgotten Land; Smash Bros Ultimate (collab); Smash Bros. Ultimate (collab); BoxBoy!; Kirby; EarthBound (historical); Smash (with Sora); EarthBound (tarihsel),unknown,office,Nintendo close,Kirby house.
Happy Elements,Japan,Tokyo (Japan) / Beijing roots,2009,~500+,Ensemble Stars,https://www.happyelements.co.jp,unknown,mobile idol / RPG,Ensemble Stars!; Mermaid Miracle; Happy Elements idols; China/Japan mobile,unknown,office,private,Idol games.
Idea Factory,Japan,Tokyo (Japan),1994,~200+,automate / publishing,https://www.ideaf.co.jp,press@ideafintl.com (press),JRPG / otome / publishing,Hyperdimension Neptunia; Death end re; Quest; Mary Skelter; Idea Factory otome/publishing; Neptunia (publisher); otome games,unknown,office,public seasonal,Neptunia publisher and otome/JRPG specialist (Japan).
Intelligent Systems,Japan,Kyoto (Japan),1986,~150–200,Fire Emblem; Paper Mario collaboration,https://www.intsys.co.jp,recruit@intsys.co.jp (HR); press@noa.nintendo.com (press),strategy-RPG / first-party,Fire Emblem Engage; Paper Mario TTYD; Fire Emblem: Three Houses; Fire Emblem; WarioWare (joint periods),unknown,office,Nintendo close partner,FE franchise.
Japan Studio (tarihsel),Japan,Tokyo (Japan),1993-2021,closed / Team Asobi sequel,Astro; Gravity Rush; Bloodborne support,https://www.playstation.com,press@playstation.com (press),first-party,Astro Bot roots; Team Ico support (legacy); Gravity Rush; Knack,-,-,Sony (restructuring),Team Asobi sequel in separate record.
KLab,Japan,Tokyo (Japan),2000,~1000+,mobile license,https://www.klab.com,press@klab.com (press),mobile; anime IP,Captain Tsubasa: Dream Team; Bleach: Brave Souls; Love Live! School Idol Festival; KLab mobile; Captain Tsubasa M; Bleach mobile periods,unknown,office,public (Tokyo),"Tokyo mobile specialist (Captain Tsubasa, Bleach Brave Souls)."
Koei Tecmo,Japan,Yokohama (Japan),1978 / 2009 merger,~2500+,Dynasty Warriors; Nioh; Wo Long,https://www.koeitecmo.co.jp,press@koeitecmo.co.jp (press),action; sim,Nioh 2; Dynasty Warriors; Rise of the Ronin; Dead or Alive 6; Wo Long; Atelier Ryza; Nioh; Dead or Alive,unknown,office,public (Tokyo),Omega Force / Team Ninja / Gust multi-brand Japanese publisher.
Konami,Japan,Tokyo (Japan),1969,~7000+ (group; also non-gaming),PES/eFootball; pachinko weight,https://www.konami.com,press@konami.com (press),sports; horror IP; arcade,Silent Hill 2; eFootball; Yu-Gi-Oh! Master Duel; Super Bomberman R; Metal Gear Solid (legacy); Castlevania (legacy); Metal Gear (historical); Silent Hill (remake),unknown,office,public (Tokyo),Games + entertainment holding; Silent Hill remake era and eFootball.
Lasengle,Japan,Tokyo (Japan),2021,~200+,Fate/Grand Order,https://www.lasengle.co.jp,press@aniplex.co.jp (press); support_ja@typelumina.com (support),mobile gacha RPG,Fate/Grand Order; Lasengle DELiGHTWORKS successor; Type-Moon mobile; FGO live ops,unknown,office,Aniplex / Sony,FGO operation studio.
Level-5,Japan,Fukuoka (Japan),1998,~300 range,unknown,https://www.level5.co.jp,press@level5.co.jp (press),JRPG / children,Professor Layton; Yo-Kai Watch; Ni no Kuni; Fantasy Life; Inazuma Eleven; Ni no Kuni (joint); Ni no Kuni (ortak),unknown,office,independent,"Fukuoka studio; Layton, Yo-Kai Watch, Ni no Kuni."
Luminous Productions,Japan,Tokyo (Japan),2018-2023,closed / SE merged,Forspoken,https://luminousproductions.square-enix.com,unknown,AAA action,Final Fantasy XV; Forspoken; Final Fantasy XV engine legacy,-,-,closed (Square Enix),Historical SE studio; 2023 merger.
Marvelous,Japan,Tokyo (Japan),1997,~700+ (group),Story of Seasons; Daemon X,https://www.marvelous.games,press@marvelous.co.jp (press),sim / action; publishing,Story of Seasons; Rune Factory; Fate/Samurai Remnant; Fate/Samurai Remnant (publishing),unknown,office,public (Tokyo),Farming sim + publisher.
Mistwalker,Japan,Tokyo (Japan) / Honolulu,2004,~50-100,Blue Dragon; Fantasian,https://mistwalkercorp.com,unknown,JRPG,Blue Dragon; Lost Odyssey (publishing); Fantasian,unknown,hybrid,independent (Sakaguchi),Hironobu Sakaguchi studio.
Mixi / XFLAG,Japan,Tokyo (Japan),1999 (Mixi); XFLAG 2011,~1000+,Monster Strike,https://xflag.com,unknown,mobile action-puzzle,Monster Strike; MIXI sports apps; XFLAG arcade RPG; Japanese hit mobile,unknown,office,Mixi,Monster Strike revenue legend.
Monolith Soft,Japan,Tokyo / Kyoto (Japan),1999,~250–300,Xenoblade,https://www.monolithsoft.co.jp,press@noa.nintendo.com (press),JRPG / open world,Xenoblade Chronicles 3; Xenoblade 2; Xenoblade Chronicles 2; Xenoblade DE; Xenoblade Chronicles; (historical) Xenosaga; (tarihsel) Xenosaga,unknown,office,Nintendo,Nintendo first-party JRPG powerhouse.
Nd Cube,Japan,Tokyo / Sapporo (Japan),2000,~100-150,Mario Party,https://www.ndcube.co.jp,press@noa.nintendo.com (press),party,Super Mario Party Jamboree; Mario Party Superstars; Mario Party series; Mario Party serisi,unknown,office,Nintendo majority,Mario Party studio.
Neverland (tarihsel),Japan,Tokyo (Japan),1993-2013,closed,Lufia; Rune Factory early,,unknown,JRPG,Lufia: Curse of the Sinistrals; Spectral Force; Rune Factory support eras; Neverland JRPG; Lufia,-,-,closed,Historical JRPG studio.
Next Level Games,Japan,"Vancouver, BC (Canada; Nintendo)",2002,~150–200,Luigi's Mansion,https://www.nextlevelgames.com,info@nextlevelgames.com (general); press@noa.nintendo.com (press),action-adventure,Luigi's Mansion 3; Mario Strikers: Battle League; Punch-Out!!; Luigi's Mansion: Dark Moon; Mario Strikers,unknown,office,Nintendo,2021 Nintendo acquisition.
Nihon Falcom,Japan,"Tachikawa, Tokyo (Japan)",1981,~50-80,Ys; Trails / Kiseki,https://www.falcom.co.jp,press@falcom.co.jp (press),JRPG,Trails series; Ys VIII; Ys X; Tokyo Xanadu; Ys; The Legend of Heroes: Trails,unknown,office,public (Tokyo),Classic JRPG studio.
Nintendo,Japan,Kyoto (Japan),1889,~7000+,console + software; very high profit margin,https://www.nintendo.com,press@noa.nintendo.com (press),platform; first party,Mario Odyssey; Zelda TotK; Splatoon 3; Animal Crossing; Super Mario Odyssey; Zelda: Tears of the Kingdom; Pokémon; Animal Crossing: New Horizons,rarely / competitive,office,public (Tokyo),Hardware+software integrated model; Switch installed base drives first-party IP.
Nintendo EAD Tokyo (tarihsel),Japan,Tokyo (Japan),1997-2015,Merged with EPD,Mario Galaxy; Smashville,https://www.nintendo.com,press@noa.nintendo.com (press),first-party,Super Mario Galaxy; Nintendogs; Splatoon roots,-,-,Nintendo (EPD),Historical EAD Tokyo; EPD continuation.
Nintendo EPD,Japan,Kyoto (Japan),2015 (EAD/SPD merger),thousands of bands,Mario; Zelda; Nintendo first-party,https://www.nintendo.com,press@noa.nintendo.com (press),first-party,Breath of the Wild; Tears of the Kingdom; Mario Odyssey; Splatoon 3; Animal Crossing; Splatoon,unknown,office,Nintendo,Nintendo internal development unit behind Zelda/Mario/Splatoon pillars.
Nintendo Software Technology,Japan,"Redmond, WA (USA)",1998,~100-150,Nintendo US development,https://www.nintendo.com,press@noa.nintendo.com (press),first-party / support,Mario vs. Donkey Kong; Metroid Prime Hunters support eras; NST Seattle; Nintendo first-party,unknown,office,Nintendo,Nintendo's Seattle first-party studio (Mario vs. Donkey Kong).
Nintendo Treehouse,Japan,"Redmond, WA (USA)",—,Nintendo of America internal,localization / preparation for publishing,https://www.nintendo.com,press@noa.nintendo.com (press),localization; marketing,Western localization; Treehouse Live; Nintendo west localization,unknown,office,Nintendo,Western expansion / Treehouse presentations.
Nippon Ichi Software,Japan,Gifu / Tokyo (Japan),1993,~200+,Disgaea,https://www.nipponichi.jp,press@nippon1.co.jp (press),strategy-RPG,Disgaea 7; Prinny; Labyrinth of Refrain; Disgaea,unknown,office,public (Tokyo),SRPG niche.
Omega Force (Koei Tecmo),Japan,Yokohama (Japan),1996,Inside Koei,Musou formula,https://www.koeitecmo.co.jp,press@koeitecmo.co.jp (press),action (musou),Dynasty Warriors; Hyrule Warriors; Persona 5 Strikers; Hyrule Warriors (joint); Hyrule Warriors (ortak),unknown,office,Koei Tecmo,Owner of the Musou genre.
Otomate,Japan,Tokyo (Japan),2009 (within Idea Factory),Inside Idea Factory,otome publishing,https://www.otomate.jp,press@ideafintl.com (press),otome,Hakuoki; Amnesia; Collar x Malice; Olympia Soiree; various otome,unknown,office,Idea Factory,"Idea Factory otome label (Hakuoki, Amnesia, Collar x Malice)."
Paon DP,Japan,Tokyo (Japan),2015 (Paon+DP),~50-100,DKCR support historical / co-dev,https://www.paondp.jp,unknown,co-dev,Donkey Kong support eras; Nintendo co-dev; Paon DP ports; Japanese work-for-hire; various Nintendo/co-dev,unknown,office,independent,Japan co-dev.
PlatinumGames,Japan,Osaka / Tokyo (Japan),2006,~300 range,unknown,https://www.platinumgames.com,press@platinumgames.com (press),action,Bayonetta 3; NieR: Automata; Astral Chain; Metal Gear Rising; Bayonetta 2; Wonderful 101; Bayonetta; NieR:Automata (development),unknown,office,independent (Tencent investment history),Character-action specialist; Bayonetta and NieR: Automata highlight reel.
PTW,Japan,Tokyo (+ global),1993,~5000+,QA / art / engineering,https://ptw.com,unknown,service,QA; player support; certification; QA / player support / certification; multiple AAA clients,unknown,global,private,QA and art service network.
Retro Studios,Japan,"Austin, TX (USA; Nintendo)",1998,~200+,Metroid Prime,https://www.retrostudios.com,press@noa.nintendo.com (press),action-adventure,Metroid Prime Remastered; Metroid Prime 4; Donkey Kong Country Returns; Metroid Prime; Donkey Kong Country Tropical Freeze,unknown,office,Nintendo,Nintendo's US first-party studio.
Ruby Party,Japan,Yokohama (Japan),1990 (within Koei),Koei Tecmo internal,Angelique; Neoromance,https://www.koeitecmo.co.jp,unknown,otome / Neoromance,Angelique; Neo Angelique; Harukanaru Toki no Naka de; Ruby Party otome; Angelique series; Angelique serisi,unknown,office,Koei Tecmo,Neoromance otome brand.
Ryu Ga Gotoku Studio,Japan,Tokyo (Japan),2011,~200-300,Like a Dragon,https://ryugagotoku.sega.jp,press@sega.com (press),action-RPG,Like a Dragon; Yakuza 0; Judgment; Like a Dragon: Infinite Wealth; Lost Judgment,unknown,office,Sega,Like a Dragon / Yakuza narrative action powerhouse.
Sega Sammy,Japan,Tokyo (Japan),1951 / 2004 group,thousands,Yakuza/Like a Dragon; Persona (Atlus),https://www.sega.com,press@sega.com (press),AAA / JRPG / arcade legacy,Like a Dragon; Persona 5 Royal; Sonic Frontiers; Like a Dragon: Infinite Wealth; Total War: Warhammer III; Football Manager 2025; Hatsune Miku; Persona,unknown,office,public (Tokyo),Atlus + Creative Assembly + Rovio strengthen multi-pillar Sega.
SNK,Japan,Osaka (Japan),1978,~300+,Fatal Fury / KOF,https://www.snk-corp.co.jp,press@snk-corp.co.jp (press),fighting / arcade,KOF XV; Fatal Fury COTW; Samurai Shodown; The King of Fighters XV; Fatal Fury: City of the Wolves; Metal Slug; The King of Fighters; Fatal Fury,unknown,office,public / private periodic,KOF / Fatal Fury fighting-game heritage house.
Sonic Team,Japan,Tokyo (Japan),1990,~100-200,Sonic the Hedgehog,https://www.sonicteam.com,press@sega.com (press),platform / action,Sonic Frontiers; Puyo Puyo Tetris; Phantasy Star Online 2; Sonic series; Samba de Amigo; Sonic serisi,unknown,office,Sega,Sonic first-party studio.
Spike Chunsoft,Japan,Tokyo (Japan),1984 / 2012 merger,~200+,Danganronpa; Mystery Dungeon,https://www.spike-chunsoft.co.jp,press@spike-chunsoft.co.jp (press),visual novel / dungeon,Danganronpa; AI: The Somnium Files; Shiren the Wanderer,unknown,office,Kadokawa,Narrative + roguelike.
Square Enix,Japan,Tokyo (Japan),2003 (Square 1986),~5000+,FF / DQ / publishing,https://www.square-enix.com,press@square-enix.com (press),JRPG; AAA; publishing,Final Fantasy VII Remake; FF XVI; Dragon Quest XI; Final Fantasy XVI; Kingdom Hearts III; Octopath Traveler II; Final Fantasy XIV; Outlanders,unknown,office,public (Tokyo),JRPG flagship; FF/DQ core with shifting western studio strategy.
Square Enix Creative Business Unit I,Japan,Tokyo (Japan),—,in SE,Final Fantasy / XVI,https://www.square-enix.com,press@square-enix.com (press),JRPG / AAA,Final Fantasy XVI; Final Fantasy XIV; FFVII Remake; XVI ecosystem; XVI ekosistem,unknown,office,Square Enix,Square Enix CBU1; Final Fantasy flagship production unit.
Square Enix Creative Business Unit II,Japan,Tokyo (Japan),—,in SE,FFVII Remake; Kingdom Hearts,https://www.square-enix.com,press@square-enix.com (press),JRPG / AAA,Dragon Quest XI; Triangle Strategy; Octopath; FF7 Remake; Kingdom Hearts; First Soldier historical; First Soldier tarihsel,unknown,office,Square Enix,Square Enix CBU2; Dragon Quest and related RPG unit.
Square Enix Creative Business Unit III,Japan,Tokyo (Japan),—,in SE,Octopath; Voice of Cards; TriAce relations,https://www.square-enix.com,press@square-enix.com (press),JRPG,Kingdom Hearts; The World Ends with You; Octopath Traveler; Triangle Strategy,unknown,office,Square Enix,SE CBU III.
Square Enix Creative Business Unit IV,Japan,Tokyo (Japan),—,in SE,Dragon Quest,https://www.square-enix.com,press@square-enix.com (press),JRPG,Dragon Quest series; DQXII development; Dragon Quest serisi,unknown,office,Square Enix,Yuji Horii / DQ line.
Square Enix Visual Works,Japan,Tokyo (Japan),1997 (previous CGI division),~100-200,cinematic / CG film,https://www.square-enix.com,press@square-enix.com (press),cinematic; CG,FF Advent Children; Kingsglaive; game cinematics,unknown,office,Square Enix,SE CG/cinematic unit.
Sting,Japan,Tokyo (Japan),1989,~30-50,Dept. Heaven,https://www.sting.co.jp,support-www@sting.jp (support),strategy-RPG,Riviera: The Promised Land; Knights in the Nightmare; Dept. Heaven; Sting SRPG; Riviera,unknown,office,independent,Niche SRPG.
Tango Gameworks,Japan,Tokyo (Japan),2010,closed (2024),Hi-Fi Rush,https://www.tangogameworks.com,press@bethesda.net (press),action / horror,Hi-Fi Rush; The Evil Within; Ghostwire: Tokyo,-,-,closed (Microsoft),Historical; Hi-Fi Rush legacy.
Team Ninja (Koei Tecmo),Japan,Tokyo / Osaka (Japan),1995 (Tecmo),~150–200,Nioh; Wo Long,https://www.teamninja-studio.com,press@koeitecmo.co.jp (press),action,Nioh 2; Wo Long; Rise of the Ronin; Ninja Gaiden; Dead or Alive 6; Nioh; Dead or Alive,unknown,office,Koei Tecmo,"Hard action: Nioh, Ninja Gaiden, Rise of the Ronin."
The Pokémon Company,Japan,Tokyo (Japan),1998,~800+,Pokémon IP license / publishing,https://www.pokemon.co.jp,press@pokemon.com (press),IP management; publishing,Pokémon Scarlet/Violet; Pokémon GO; Pokémon UNITE; Pokémon Masters EX; Pokémon Sleep; TCG Live; Pokémon series; Pokémon serisi,unknown,office,Nintendo / Creatures / Game Freak collaboration,"IP and brand management across games, TCG, and media."
TOSE,Japan,Kyoto (Japan),1979,~1000+,ghost developer,https://www.tose.co.jp,unknown,service / co-dev,"Dragon Quest support; countless co-dev credits; Nintendo/Square support; TOSE ghost developer; hundreds of unnamed contributions (Dragon Quest support, etc.)",unknown,office,public (Tokyo),Legendary ghost developer.
Treasure,Japan,Tokyo (Japan),1992,~30–50,unknown,https://www.treasure-inc.co.jp,unknown,arcade action,Gunstar Heroes; Radiant Silvergun; Bangai-O,unknown,office,independent,Arcade design legend.
tri-Ace,Japan,Tokyo (Japan),1995,~100-150,Star Ocean; Valkyrie Profile,https://www.tri-ace.co.jp,unknown,JRPG,Star Ocean; Valkyrie Profile; Resonance of Fate,unknown,office,independent (SE publishing relationship),JRPG studio; own engine.
VanillaWare,Japan,Osaka (Japan),2002,~30–50,unknown,https://www.vanillaware.co.jp,unknown,action / 2D,13 Sentinels; Dragon's Crown; Unicorn Overlord; Odin Sphere,unknown,office,independent (Atlas/SE publishing),George Kamitani; 2D art icon.
Wright Flyer Studios,Japan,Tokyo (Japan),2014,~200+,Another Eden,https://wrightflyer.net,unknown,mobile JRPG,Another Eden; World Flipper; Wright Flyer RPG; DeNA studio,unknown,office,MIXI,MIXI game studio.
Yostar,Japan,Shanghai / Tokyo,2014,~500+,Azur Lane; Arknights publishing,https://www.yostar.co.jp,press@yostar.co.jp (press),mobile publishing / development,Azur Lane; Arknights global; Reverse: 1999; Arknights (global); Path to Nowhere; Arknights (JP/KR/EN release),unknown,office,private,"China-rooted, Japan-operated global publisher (Azur Lane, Arknights)."
Com2uS,South Korea,Seoul (South Korea),1998,~1000+,Summoners War,https://www.com2us.com,press@com2us.com (press),mobile strategy-RPG,Summoners War; MLB 9 Innings; Ace Fishing; Soul Strike,unknown,office,public (Korea),Long-running Summoners War gacha live-ops.
Com2uS Holdings,South Korea,Seoul (South Korea),1998 (group),thousands (group),holding,https://www.com2us.com,press@com2us.com (press),holding; mobile,Summoners War ecosystem; Com2uS Holdings publishing; Soul Seekers; Korean midcore group; Summoners War ekosistemi,unknown,office,public (Korea),Com2uS group parent company.
DEVSISTERS,South Korea,Seoul (South Korea),2007,~400+,Cookie Run,https://www.devsisters.com,press@devsisters.com (press),mobile runner / RPG,Cookie Run: Kingdom; OvenBreak; Cookie Run: OvenBreak; Cookie Run: Witch's Castle,unknown,office,public (Korea),Cookie Run IP.
Dexter Studios,South Korea,Seoul (South Korea),2014,~200+,cinematic / VFX,https://www.dexterstudios.com,info@dexterkrema.com (general); pr@dexterstudios.com (press); biz@dexterstudios.com (biz),cinematic,AAA CGI cinematics; game trailer production; VFX services; Dexter portfolio; AAA game CGI; AAA oyun CGI,unknown,office,private,Korean cinematic.
EA Seoul / EA Korea,South Korea,Seoul (South Korea),—,in EA,FIFA Online / FC Online,https://www.ea.com,press@ea.com (press),sports / online,EA Korea publishing; FIFA Online legacy; EA FC Online; FIFA Online historical; FIFA Online tarihsel,unknown,office,EA,Korea online sports operation.
Eyedentity Games,South Korea,Seoul (South Korea),2007,~100-200,Dragon Nest,https://www.eyedentitygames.com,unknown,action-MMO,Dragon Nest; Dragon Nest M; Eyedentity action MMO; Malaysian/Korean ops,unknown,office,Shengqu / special seasonal,Korean action MMO.
Gravity,South Korea,Seoul (South Korea),2000,~500+,Ragnarok Online IP,https://www.gravity.co.kr,press@gravity.co.kr (press),MMORPG,Ragnarok Online; Ragnarok X; Ragnarok Origin,unknown,office,public; GungHo relationship,Classic MMO IP.
Highbrow / RisingWings,South Korea,Seoul (South Korea),2019,~100+,mobile publishing,https://www.risingwings.net,press@krafton.com (press),mobile / publishing,CAR TUNE; sports/racing; Locus; various midcore,unknown,office,Krafton,Krafton's mobile division.
inZOI Team (Krafton),South Korea,Seongnam (South Korea),—,Inside Krafton,inZOI,https://inzoigame.com,press@krafton.com (press),life sim,inZOI; Canvas tools; character creator,unknown,office,Krafton,Life sim; within Krafton.
Joycity,South Korea,Seongnam (South Korea),2010,~300+,sports / tank mobile,https://www.joycity.com,support@joycity.com (support),mobile sports / action,Gunship Battle; FreeStyle 2; Basketball Manager,unknown,office,public (Korea),Korean mobile sports/action.
Kakao Games,South Korea,Seongnam (South Korea),2016,~1000+,Kakao ecosystem,https://www.kakaogames.com,press@kakaogames.com (press),publishing; mobile/PC,Odin; Path of Exile KR; Eternal Return; Odin: Valhalla Rising; Path of Exile (KR); Black Desert (hist. KR); Path of Exile (published KR),unknown,office,Kakao,Platform + publishing arm of Kakao; KR MMO/midcore focus.
Krafton,South Korea,Seoul / Bundang (South Korea),2007 (Bluehole),~3000+,PUBG IP; public,https://www.krafton.com,press@krafton.com (press),battle royale / publishing,PUBG; inZOI; Subnautica; PUBG: Battlegrounds; Subnautica (Unknown Worlds); PUBG: New State,unknown,office,public (Korea),Post-PUBG multi-studio publisher; inZOI and Unknown Worlds in portfolio.
Krafton Bluehole,South Korea,Seongnam (South Korea),2007,Inside Krafton,PUBG root brand,https://www.krafton.com,press@krafton.com (press),battle royale,PUBG: Battlegrounds roots; PLAYERUNKNOWN'S BATTLEGROUNDS; Bluehole prototypes; Krafton FPS; PUBG roots,unknown,office,Krafton,Bluehole brand; associated with PUBG Studios.
LINE Games,South Korea,Seoul (South Korea),2017,~200-400,mobile / IP,https://line.games,press@line.games (press),mobile publishing,Exos Heroes; Uncharted Waters Origin; V4; LINE Games midcore,unknown,office,LINE,"LINE affiliate publisher (Exos Heroes, Uncharted Waters Origin)."
Midcore,South Korea,Seoul (South Korea),2019,~100+,midcore mobile,https://www.midcore.games,unknown,mobile midcore,midcore mobile slate; Korean studio services; live-ops consulting; Midcore games,unknown,office,private,Korea midcore.
NCSoft,South Korea,Seongnam (South Korea),1997,~4000+,Lineage; Throne and Liberty,https://www.ncsoft.com,press@ncsoft.com (press),MMORPG,Lineage; Guild Wars 2; Throne and Liberty; Lineage II; Aion; Blade & Soul; Guild Wars (ArenaNet),unknown,office,public (Korea),Korean MMO flagship with ArenaNet (Guild Wars) in the family.
Neople,South Korea,Jeju / Seoul (South Korea),2001,~500+,Dungeon & Fighter,https://www.neople.co.kr,press@neople.com (press),action-RPG / beat'em,Dungeon Fighter Online; The First Berserker: Khazan; DNF Duel; Dungeon & Fighter,unknown,office,Nexon,D&F revenue engine.
Neowiz,South Korea,Seongnam (South Korea),1997,~1000+,publishing + P / Lies of P,https://www.neowiz.com,press@neowiz.com (press),publishing; souls-like,Lies of P; Brown Dust; DJMAX; Night Crows (publish); Browndust,unknown,office,public (Korea),Lies of P breakthrough; publishing + development mix.
Netmarble,South Korea,Seoul (South Korea),2000,~6000+ (group),mobile RPG; history of Discord investment,https://www.netmarble.com,press@netmarble.com (press),mobile MMORPG / publishing,Seven Knights; Marvel Future Fight; Solo Leveling; Solo Leveling: Arise; Raven; Lineage 2: Revolution; The Seven Deadly Sins; Lineage2 Revolution,unknown,office,public (Korea); Bang Si-hyuk relationship,Large Korean mobile publisher across gacha and licensed IP.
Netmarble Monster,South Korea,Seoul (South Korea),—,Netmarble internal,T3 Arena / midcore,https://www.netmarble.com,press@netmarble.com (press),mobile / midcore,Seven Knights; Seven Knights 2; Netmarble Monster midcore; Seoul live-ops; Netmarble midcore portfolio,unknown,office,Netmarble,Netmarble midcore label behind Seven Knights lineage.
Netmarble Neo,South Korea,Seoul (South Korea),—,Netmarble internal,mobile RPG,https://www.netmarble.com,press@netmarble.com (press),mobile RPG,The Seven Deadly Sins: Grand Cross; Raven2; Netmarble Neo RPG; Korean action RPG; Netmarble RPG lineup; various Netmarble RPG,unknown,office,Netmarble,Netmarble RPG studio (Seven Deadly Sins: Grand Cross).
Netmarble Neptune,South Korea,Seoul (South Korea),—,Netmarble internal,mobile RPG,https://www.netmarble.com,press@netmarble.com (press),mobile RPG,Marvel Future Revolution; Netmarble Neptune live-ops; superhero MMO eras; Seoul RPG; Netmarble live-ops RPGs,unknown,office,Netmarble,Netmarble live-ops RPG label (Marvel Future Revolution era).
Nexon,South Korea,Seoul (South Korea) / Tokyo,1994,~7000+ (group),MapleStory; Dungeon&Fighter (Neople),https://www.nexon.com,press@nexon.com (press),PC/mobile online,MapleStory; DFO; The First Descendant; Dungeon Fighter Online; Blue Archive (publish); KartRider; Sudden Attack; D&F,unknown,office,NXC / public structures,Korean online pioneer; MapleStory to The First Descendant and global publish.
Nexon Games,South Korea,Seoul (South Korea),2018,~300+,The First Descendant,https://www.nexon.com,press@nexon.com (press),looter-shooter,The First Descendant; Blue Archive co-structure; Nexon Games FPS/looter; Seoul studio,unknown,office,Nexon,Nexon development subsidiary.
Nexon Red,South Korea,Seoul / Jeju (South Korea),—,Nexon in-game,mobile / online,https://www.nexon.com,press@nexon.com (press),mobile / online,The Kingdom of the Winds: Yeon; Nexon Red MMO; Korean fantasy online; Nexon label; Nexon development label; various Nexon,unknown,office,Nexon,Nexon development label for Korean online/fantasy titles.
NHN,South Korea,Seongnam (South Korea),2013 (restructuring),thousands (group),game + cloud/payment,https://www.nhn.com,press@nhn.com (press),publishing; board; sports,Hangame; Fishing Game series; NHN Cloud gaming; Korean platform games,unknown,office,public (Korea),Platform + game group.
Pearl Abyss,South Korea,Gwacheon (South Korea),2010,~1000+,Black Desert,https://www.pearlabyss.com,press@pearlabyss.com (press),MMORPG / action,Black Desert; Crimson Desert; DokeV; Black Desert Online; Plan 8; Crimson Desert (development),unknown,office,public (Korea),High-visual MMO house; Black Desert to Crimson Desert.
PUBG Studios,South Korea,Seongnam (South Korea),2015 (within Bluehole),Inside Krafton,PUBG PC/console,https://pubg.com,press@pubg.com (press),battle royale,PUBG: Battlegrounds; PUBG: New State; PUBG Arcade,unknown,office,Krafton,Battlegrounds live-ops; Krafton shooting pillar.
Shift Up,South Korea,Seoul (South Korea),2013,~300+,NIKKE; Stellar Blade,https://shiftup.co.kr,press@shiftup.co.kr (press),action / mobile,NIKKE; Stellar Blade; Destiny Child; Goddess of Victory: NIKKE,unknown,office,public (Korea),Kim Hyung-tae studio; NIKKE and Stellar Blade.
Smilegate,South Korea,Seongnam (South Korea),2002,~3000+,CrossFire revenues,https://www.smilegate.com,press@smilegate.com (press),FPS / publishing,CrossFire; Lost Ark; Epic Seven; Mirror War; Lost Ark (publish/joint),unknown,office,private,CrossFire global revenue and Lost Ark MMO pillar.
Smilegate Entertainment,South Korea,Seongnam (South Korea),—,Inside Smilegate,CrossFire / publishing,https://www.smilegate.com,press@smilegate.com (press),FPS / publishing,CrossFire; CrossFireX; Smilegate shooters; global FPS publishing,unknown,office,Smilegate,Smilegate game operations branch.
Smilegate RPG,South Korea,Seongnam (South Korea),—,Inside Smilegate,Lost Ark,https://www.smilegate.com,press@smilegate.com (press),MMORPG,Lost Ark; Lost Ark seasons; Smilegate MMORPG; Korean/Amazon partnership,unknown,office,Smilegate,Lost Ark development/publishing unit.
Webzen,South Korea,Seoul (South Korea),2000,~500+,MU Online,https://www.webzen.com,press@webzen.com (press),MMORPG,MU Online; R2; Soul of the Ultimate Nation; Metin2 (publishing regions),unknown,office,public (Korea),Classic Korean MMO.
Wemade,South Korea,Seongnam (South Korea),2000,~1000+,Mir / blockchain experiments,https://www.wemade.com,press@wemade.com (press),MMORPG / Web3,The Legend of Mir; MIR4; Night Crows; YMIR; Night Crow,unknown,office,public (Korea),Classic Mir IP; Controversial Web3 era.
WhatStudio,South Korea,Seongnam (South Korea),2013,~50-100,Brown Dust,https://www.whatstudio.net,unknown,mobile RPG,V4; Brown Dust; Brown Dust 2,unknown,office,Naver,Naver game studio.
XL Games,South Korea,Seoul (South Korea),2006,~100-200,ArcheAge,https://www.xlgames.com,press@kakaogames.com (press); business@xlgames.com (biz),MMORPG,ArcheAge; ArcheAge: Unchained; ArcheAge War,unknown,office,Kakao Games affiliated / exclusive,Korean sandbox MMO.
37Games (37 Interactive),China,Guangzhou (China),2011,~2000+,mobile/SLG revenue,https://www.37games.com,unknown,mobile RPG / SLG,Puzzles & Chaos; mobile MMO/strategy; Puzzles & Survival; various SLG,unknown,office,public (China),High-grossing publisher.
4399,China,Xiamen (China),2002,~1000+,mini game portal,https://www.4399.com,unknown,platform; casual,4399.com portal games; mini-game platform; China browser catalog; 4399 publishing; 4399.com,unknown,office,private,China casual portal.
Activision Shanghai,China,Shanghai (China),—,in Activision,COD support / China,https://www.activision.com,press@activision.com (press),AAA support,Call of Duty support; China ops; Call of Duty destek,unknown,office,Microsoft / Activision,Activision China.
Alibaba Games / Lingxi,China,Hangzhou (China),—,hundreds+,publishing / investment,https://games.alibaba.com,unknown,publish,Sword and Fairy; Lingxi publishing; various mobile/PC seasonal,unknown,office,Alibaba,Platform developer's game controller.
Alibaba Lingxi Games,China,Hangzhou (China),—,within Alibaba,publishing / development,https://games.alibaba.com,unknown,publish,Sword and Fairy; Lingxi mobile RPGs; various Alibaba Games,unknown,office,Alibaba,Alibaba gaming division (Lingxi).
Aurora Studios (Tencent),China,China,—,Inside Tencent,Arena Breakout,https://www.arenabreakout.com,press@tencentgames.com (press),extraction shooter,Light of Life; Aurora Tencent slate; Shanghai first-party; Tencent IEG; Arena Breakout,unknown,office,Tencent,Mobile extraction.
Bilibili Games,China,Shanghai (China),—,hundreds+,publishing + IP,https://www.bilibili.com,unknown,publishing; anime-mobile,Azur Lane CN ops; Fate/Grand Order CN; Azur Lane (CN relations); various ACG,unknown,office,Bilibili,Game controller of the video platform.
ChillyRoom,China,Shenzhen (China),2015,~50-100,Soul Knight,https://www.chillyroom.com,press@chillyroom.com (press),mobile roguelike,Soul Knight; Otherworld Legends; Soul Knight Prequel; ChillyRoom roguelike,unknown,office,private,Mobile roguelike hit.
Cognosphere,China,Singapore,2021,Inside HoYoverse,global operations,https://www.hoyoverse.com,press@hoyoverse.com (press),publishing / operations,Genshin Impact global ops; HoYoverse publishing; Genshin Impact; Star Rail,unknown,office,miHoYo,miHoYo global publishing arm.
FunPlus,China,Beijing / Global,2010,~1000+,State of Survival etc.,https://www.funplus.com,press@funplus.com (press),mobile strategy / SLG,State of Survival; Kings Group; Crime Coast; King of Avalon,unknown,mixed,private,State of Survival and midcore strategy/shooter slate.
Game Science,China,Hangzhou (China),2014,~200–300,Black Myth: Wukong sales boom,https://www.gamesci.com.cn,press@gamesci.com.cn (press),action-RPG,Black Myth: Wukong; Game Science action RPG; Chinese AAA breakthrough; Wukong DLC era; Black Myth series follow-ups; early Game Science prototypes,unknown,office,private,Black Myth: Wukong marked a Chinese single-player AAA breakthrough.
Giant Network,China,Shanghai (China),2004,~1000+,ZTI / MMO,https://www.ga-me.com,unknown,MMO,ZT Online lineage; Giant webgames; China publishing; Giant Network catalog; ZT Online (Zhengtu),unknown,office,public (China),Classic Chinese MMO company.
Gryphline,China,Singapore / global,2023,Related to Hypergryph,global publishing,https://www.gryphline.com,press@hypergryph.com (press),publish,Arknights; Ex Astris; Unpacking publishing eras; Gryphline global Hypergryph; Arknights global publishing; Arknights ecosystem global,unknown,office,Hypergryph,Hypergryph global publishing arm (Arknights ecosystem).
Habby,China,China / global,2017,~200+,Archero,https://www.habby.com,unknown,mobile arcade / roguelite,Archero; Smash Legends; Survive,unknown,office,private,Archero hit; Mavis Games TR on a separate list.
Hero Games,China,Beijing (China),2015,~500+,mobile publishing,https://www.herogames.com,unknown,mobile publishing,AFK Arena publishing eras; Hero Games midcore; China global mobile; Hero slate; China mobile publishing slate; various global mobile,unknown,office,private,Cin mobile publishing.
Hypergryph,China,Shanghai (China),2017,~500+,Arknights,https://www.hypergryph.com,press@hypergryph.com (press),mobile tower-defense / RPG,Arknights; Ex Astris; Endfield; Arknights: Endfield,unknown,office,private,Strong worldbuilding + music; Arknights universe.
IGG,China,Singapore / Fuzhou roots,2006,~2000+,Lords Mobile,https://www.igg.com,jobs.ae@igg.com (HR); pr@igg.com (press),mobile SLG / MMO,Lords Mobile; Viking Rise; Castle Clash,unknown,mixed,public (HK),SLG global publishing.
Kuro Games,China,Guangzhou (China),2014,~1000+,Wuthering Waves,https://www.kurogame.com,press@kurogame.com (press),open world action / gacha,Wuthering Waves; Punishing: Gray Raven; Kuro action RPG; Guangzhou studio,unknown,office,private,Punishing: Gray Raven and Wuthering Waves drive Kuro's action live-ops.
Level Infinite,China,Global (Tencent publishing label),2022,Inside Tencent,global publishing,https://levelinfinite.com,press@levelinfinite.com (press),publish,PUBG Mobile; Arena Breakout; Delta Force; various western titles,unknown,mixed,Tencent,Tencent global publishing label for west-facing titles.
Lightning Games,China,Hong Kong / China,2014,~200+,publish,https://www.lightninggames.hk,unknown,publish,Lightning Games publishing; China indie/AA publishing; multi-platform releases; Lightning catalog,unknown,mixed,private,HK/China game publishing.
Lightspeed Studios,China,Shenzhen / Los Angeles,2016 (Tencent),thousands of bands,PUBG Mobile; other,https://lightspeed.qq.com,press@tencentgames.com (press),mobile / console,PUBG Mobile; Lightspeed FPS/midcore portfolio; Apex Mobile (historical); The Finals partnerships periodic; Apex Mobile (tarihsel),unknown,multi-office,Tencent,Tencent global studio brand.
Lilith Games,China,Shanghai (China),2013,~2000+,AFK Arena global,https://www.lilith.com,press@lilithgames.com (press),mobile strategy / idle,AFK Arena; Rise of Empires; Soul Land; Rise of Kingdoms,unknown,office,private,AFK Arena idle-RPG global success.
MICA Team,China,Shanghai (China),2015,~100-200,Girls' Frontline,https://sunborn.com,info@naantalispa.fi (general); jobs@sunborngibraltar.com (HR),mobile tactics,Girls' Frontline; Girls' Frontline 2: Exilium; Neural Cloud; MICA/Sunborn,unknown,office,Sunborn,GFL development team.
miHoYo / HoYoverse,China,Shanghai (China) / Singapore,2012,~5000+,Genshin / Star Rail billions $,https://www.hoyoverse.com,press@hoyoverse.com (press),open world action-RPG / gacha,Genshin Impact; Honkai: Star Rail; Zenless Zone Zero; Honkai Impact 3rd; Tears of Themis,unknown,office,private,Global anime-ARPG standard under HoYoverse brand.
MoreFun Studios,China,Shenzhen (China),Tencent internal,thousands of bands,Peacekeeper Elite / PUBGM ecosystem,https://game.tencent.com,press@tencentgames.com (press),mobile battle royale,PUBG Mobile; Peacekeeper Elite; Game for Peace; PUBG Mobile partner; PUBG Mobile ortak,unknown,office,Tencent,Tencent IEG studio.
NetDragon,China,Fuzhou (China),1999,~4000+ (group),education + game,https://www.netdragon.com,unknown,MMO / edtech,Disney Magic Kingdoms (collab); Conquer Online; Disney English etc.,unknown,office,public (HK),Game + education hybrid group.
NetEase Games,China,Hangzhou (China),2001 (game),ten thousands,Blizzard partnership periodic; own IP,https://www.neteasegames.com,press@neteasegames.com (press),PC/mobile MMO / publishing,Naraka: Bladepoint; Identity V; Justice; Fantasy Westward Journey; Diablo Immortal (collab); Marvel Rivals (support); Naraka,unknown,office,NetEase (NTES),China giant with growing western publishing and studio investments.
NetEase Thunder Fire,China,Hangzhou (China),—,thousands of bands,engine / AAA / service,https://www.thunderfire.com,press@neteasegames.com (press),engine; AAA,Eggy Party; UX/research; various NetEase AAA,unknown,office,NetEase,NetEase internal studio/technology.
Original Force,China,Nanjing / China + global,2006,~1000+,animation / art / cinematics,https://www.originalforce.com,unknown,service; animation,AAA outsourcing art; cinematic services; Original Force portfolio; China co-dev; very AAA cinematic/art,unknown,multi-office,private,China major art/animation service.
Ourpalm,China,Beijing (China),2011,~1000+,mobile,https://www.ourpalm.com,unknown,mobile,World War Heroes; licensed mobile shooters; Ourpalm catalog; China mobile publisher; licensed mobile portfolio,unknown,office,public (China),Cin mobile.
Papergames (Paper Games),China,Shanghai (China),2012,~1000+,Love and Deepspace,https://www.papegames.com,press@papegames.com (press),otome / 3D narrative,Love and Deepspace; Shining Nikki; Infinity Nikki; Love Nikki,unknown,office,private,Love and Deepspace / Nikki fashion-RPG breakouts.
Perfect World Games,China,Beijing (China),2004,~2000+,MMO + publishing,https://www.pwrd.com,press@perfectworld.com (press),MMO / publishing,Perfect World; Torchlight: Infinite; Jade Dynasty; Torchlight (publication history),unknown,office,public (China),Long-running China MMO/online publisher-developer.
PopCap Shanghai,China,Shanghai (China),—,In-house EA/PopCap,Bejeweled / PvZ China,https://www.popcap.com,unknown,casual,Bejeweled support; Plants vs. Zombies localization eras; PopCap China; EA casual; PvZ / Bejeweled China operation,unknown,office,EA,PopCap China entity.
Red Candle Games,China,Taipei (Taiwan),2015,small,horror narrative,https://redcandlegames.com,unknown,horror / narrative,Detention; Devotion; Nine Sols,unknown,small office,independent,Taiwan indie; Devotion controversy historical.
Seasun Games,China,Zhuhai (China),1995 (Kingsoft relationship),~1000+,JX / Snowbreak,https://www.seasungames.com,press@seasungames.com (press),MMO / action,Sword of Justice; GuJian; JX Online; Snowbreak: Containment Zone,unknown,office,Kingsoft,Classic Chinese MMO + new global.
Sempire Games,China,China / global,2017,~100-200,mobile SLG,https://www.sempiregames.com,unknown,mobile SLG,Sempire strategy; China SLG; Sempire live ops; midcore war games; various SLG,unknown,office,private,China SLG publishing/development.
Shengqu Games,China,Shanghai (China),—,~1000+,MMO,https://www.shengqugames.com,unknown,MMO,Legend of Mir lineage; Shengqu publishing; China MMO classics; Shengqu catalog; various MMO,unknown,office,private,Cin MMO operator.
Softstar Entertainment,China,Taipei (Taiwan),1988,~200+,classic RPG,https://www.softstar.com.tw,unknown,JRPG / tool,Chinese Paladin; Xuan-Yuan Sword; Richman,unknown,office,private,Taiwan classic RPG.
Sunborn / MICA Team,China,Shanghai (China),2015 (MICA),~200–400,Girls' Frontline,https://sunborn.com,info@naantalispa.fi (general); jobs@sunborngibraltar.com (HR),mobile tactics / gacha,Girls' Frontline; Girls' Frontline 2; Neural Cloud; GFL2,unknown,office,private,ACG tactical gacha.
Taomee,China,Shanghai (China),2007,~500+,children / metaverse-lite,https://www.taomee.com,unknown,children; online,Seer; Mole's World; Taomee kids MMO; China youth platform,unknown,office,private,China kids online IP.
Tencent Games,China,Shenzhen (China),1998 (Tencent); Games group,ten thousands,one of the largest game revenues in the world,https://game.tencent.com,press@tencentgames.com (press),publishing; investment; PC/mobile,Honor of Kings; PUBG Mobile; Delta Force; Arena of Valor; Level Infinite slate; League of Legends (Riot stake); PUBG Mobile (joint); Level Infinite,unknown,office,Tencent Holdings,"Operator + investor: Riot, Epic stake, Supercell, Level Infinite."
Tencent IEG,China,Shenzhen (China),2008 (IEG),ten thousands,game and esports group,https://game.tencent.com,press@tencentgames.com (press),publishing; investment; operations,Honor of Kings; PUBG Mobile; global publishing; Level Infinite; investments,unknown,office,Tencent,Interactive Entertainment Group.
Tencent Next Studios,China,Shanghai (China),2018,Inside Tencent,PC/console,https://www.tencent.com,press@tencentgames.com (press),PC/console,Next Studios experiments; Code:To Jin Yong eras; Tencent first-party R&D; Shanghai slate; Tencent first-party experiments; various projects,unknown,office,Tencent,Tencent first-party experimental studio (Shanghai R&D).
The9,China,Shanghai (China),1999,~500+,MMO operation,https://www.the9.com,unknown,MMO publishing / operation,World of Warcraft China (historical); Firefly Online eras; The9 MMO publishing; Shanghai; WoW China historical; Firefly,unknown,office,public (NASDAQ periodic),Classic Chinese MMO operator.
TiMi Studio Group,China,Shenzhen (China),2014 (within Tencent),thousands,Honor of Kings / CoD Mobile,https://timi.qq.com,press@tencentgames.com (press),mobile MOBA / shooter,Honor of Kings; Call of Duty: Mobile; Pokémon UNITE; Arena of Valor,unknown,office,Tencent,Honor of Kings / COD Mobile scale inside Tencent.
XD Inc. / TapTap,China,Shanghai (China),2011,~1000+,TapTap store + game,https://www.xd.com,unknown,mobile store / development,TapTap platform; XD publishing; TapTap; Ulala,unknown,office,public (HK),Exploration-focused mobile store.
Yoozoo Games,China,Shanghai (China),2009,~1000+,unknown,https://www.yoozoo.com,unknown,mobile / publishing,Guns of Glory; The Grand Mafia; The Settlers (licensing periods) etc.,unknown,office,private,China publishing/development.
Agate,Rest of Asia,Bandung (Indonesia),2009,~300+,unknown,https://agate.id,hello@agate.id (general),mobile / console; local IP,Locomoto; Indonesian publishing; education games; Indonesian games; Coffee Talk (publishing/joint ecosystem),unknown,office,independent,One of the most well-known studios in Indonesia.
Big Ant Studios,Oceania,Melbourne (Australia),2001,~100–150,sports sim,https://www.bigant.com,press@bigant.com (press),sport,AO Tennis; Cricket 24; Rugby 22; Rugby,unknown,office,independent,Australian sports sim niche.
Blue Tongue Entertainment,Oceania,Melbourne (Australia),1995,closed (2011),de Blob,,unknown,action,de Blob; Jurassic Park: The Game; Star Wars: The Clone Wars; THQ Melbourne era; Jurassic Park: Operation Genesis,-,-,closed (THQ),Historical Melbourne studio.
Boomzap Entertainment,Rest of Asia,Singapore / Manila,2006,~100-200,HOPA / casual,https://www.boomzap.com,press@boomzap.com (press),casual; HOPA,hidden-object Magenta; Escape Games; premium casual; hidden-object / escape puzzles; multiple HOPA titles,unknown,multi-office,independent,SEA casual.
Dhruva Interactive,Rest of Asia,Bangalore (India),1997,~600+,art / co-dev / port,https://www.dhruva.com,unknown,service; art; co-dev,Uncharted 4 art support; AAA outsourcing India; Dhruva Starbreeze era; Bengaluru co-dev; India art/co-dev services; very AAA art/co-dev (post-Starbreeze acquisition),unknown,office,Starbreeze (acquisition) / periodic,India game service pioneer.
Digital Happiness,Rest of Asia,Bandung (Indonesia),2013,~30–60,DreadOut,https://www.digitalhappiness.net,contact@digitalhappiness.net (general); press@digitalhappiness.net (press),horror,DreadOut; DreadOut 2; Pamali; Indonesian horror,unknown,office,independent,Indonesian horror indie.
EA Hyderabad,Rest of Asia,Hyderabad (India),—,in EA,technology / support,https://www.ea.com,press@ea.com (press),technology; support,EA India services; EA FC / sports technology; EA FC / spor teknolojisi,unknown,office,EA,EA India technology campus.
Falafel Games,Middle East,Dubai / Beirut roots,2010,~50–100,strategy / MENA history,https://www.falafelgames.com,press@falafel-games.com (press),strategy / history,Dead in Vinland partners; MENA strategy; MENA strategy / publishing partners; Age of Sails periods; Arabian Wars type; Arabian Wars tipi,unknown,hybrid,independent,MENA historical strategy.
Firemonkeys Studios,Oceania,Melbourne (Australia),1999,~150-200,Real Racing; Sims Mobile,https://www.firemonkeys.com.au,press@ea.com (press),mobile / racing,The Sims FreePlay; Real Racing 3; NFS No Limits; The Sims Mobile,unknown,office,EA,EA Australia mobile.
Games24x7,Rest of Asia,Mumbai / Bangalore (India),2006,~2000+,fantasy sports / skill,https://www.games24x7.com,press@games24x7.com (press),fantasy sports / rummy,RummyCircle; My11Circle; Games24x7 real-money; India gaming; fantasy sports,unknown,office,private (Tiger Global etc.),India real-money/skill games.
Garena / Sea Limited,Rest of Asia,Singapore,2009,thousands (Sea Games),Free Fire revenue,https://www.garena.com,press@garena.com (press),mobile / publishing,Free Fire publishing; Garena shell; Sea Limited ecosystem; SEA live ops; Free Fire; Free Fire MAX; Garena Shells,unknown,mixed,Sea Limited (publicly traded),Free Fire battle-royale giant in SEA and LATAM.
General Arcade,Oceania,Melbourne (Australia),2010,~50-100,port / co-dev,https://www.generalarcade.com,press@generalarcade.com (press),port; co-dev,Capcom Arcade ports; Pac-Man Museum support; arcade conversions; very indie/AA port,unknown,office,independent,Australian port specialist.
Halfbrick Studios,Oceania,Brisbane (Australia),2001,~100–200,Fruit Ninja IP,https://halfbrick.com,press@halfbrick.com (press),mobile casual,Fruit Ninja; Jetpack Joyride; Dan the Man,unknown,hybrid,independent,Australian casual icon.
Happylatte,Rest of Asia,Singapore,2015,~50-100,mobile,https://www.happylatte.com,unknown,mobile casual,Dragon Nest Mobile eras; Happylatte midcore; Singapore mobile; Perfect World ties; Singapore mobile midcore,unknown,office,private,Singapore mobile.
House House,Oceania,Melbourne (Australia),2016,~4–8,Untitled Goose Game,https://www.househou.se,press@househou.se (press),indie stealth / puzzle,Untitled Goose Game; House House comedy sandbox; Australian indie; Panic publishing; weekly update culture,unknown,small,independent,Kaz badge global indie hit.
JetSynthesys,Rest of Asia,Pune (India),2012,~100-200,sports / esports / game,https://jetsynthesys.com,press@jetsynthesys.com (press),sports game; esports,Baahubali games; sports/IP India; Baahubali / sports IP India; various sports IP,unknown,office,private,India sports/games.
Krome Studios,Oceania,Brisbane (Australia),1999,~50-100,Ty the Tasmanian Tiger,https://www.kromestudios.com,press@kromestudios.com (press),platform,Ty the Tasmanian Tiger; Blade Kitten; The Legend of Spyro; Ty series; Ty serisi,unknown,office,independent,Australian platform.
Lakshya Digital,Rest of Asia,Gurgaon / Pune (India),2004,~500+,art / animation,https://www.lakshyadigital.com,info@lakshyadigital.com (general); careers@lakshyadigital.com (HR); press@keywordsstudios.com (press),service; art,Horizon art support; AAA character art; Lakshya Keywords; India outsourcing; AAA art outsourcing; many AAA art/outsourcing,unknown,multi-office,Keywords Studios (acquisition),India art service; Keywords.
League of Geeks,Oceania,Melbourne (Australia),2011,small/medium,Armello,https://leagueofgeeks.com,press@leagueofgeeks.com (press),digital board / strategy,Armello; Armello seasons; League of Geeks digital board; Melbourne studio; Armello Unlimited,unknown,hybrid,independent,Melbourne strategy/board.
Lemon Sky Studios,Rest of Asia,Kuala Lumpur / Cyberjaya (Malaysia),2006,~500+,art / cinematic / Unreal,https://www.lemonsky.com,info@lemonsky.com (general),service; art; cinematic,Final Fantasy XVI cinematics support; AAA art; Lemon Sky Malaysia; cinematic co-dev; AAA art outsourcing; very AAA art/cinematic,unknown,office,public (Malaysia),Malaysia large art service.
Mail.ru / MY.GAMES,Europe,Limassol / Amsterdam (international),—,~1000+,War Robots; Hustle Castle,https://my.games,press@my.games (press),mobile / PC publishing,Warface; Hustle Castle; Lost Light; Warface (historical); Left to Survive; Warface (tarihsel),unknown,mixed,private / restructured,International brand from Russian roots.
Mekan Games,Middle East,Amman (Jordan),2012,~50+,mobile,https://mekangames.com,unknown,mobile casual / midcore,MENA casual/midcore; Arabic-localized mobile; Mekan catalog; Middle East live-ops; MENA mobile; various mobile titles,unknown,office,independent,Jordan mobile studio.
Moonfrog Labs,Rest of Asia,Bangalore (India),2013,~200+,board casual,https://moonfrog.com,press@moonfroglabs.com (press),mobile board / casual,Ludo King; Carrom Pool; Teen Patti; Ludo,unknown,office,private,India social casual.
Moonton,China,Shanghai / Singapore,2014,~500+,Mobile Legends,https://www.moonton.com,press@moonton.com (press),mobile MOBA,Mobile Legends: Bang Bang; Magic Chess; Moonton MOBA; ByteDance era; Project NEXT,unknown,office,ByteDance,Mobile Legends: Bang Bang MOBA global scale (ByteDance).
Nazara Technologies,Rest of Asia,Mumbai (India),2000,~1000+ (group),India gaming holding,https://www.nazara.com,press@nazara.com (press),publishing; esports; IP,World Cricket Championship; Nodwin; India conglomerate; India gaming conglomerate,unknown,mixed,public (India),India game holding.
Nodwin Gaming,Rest of Asia,Gurugram (India),2018,~200+,esports / media,https://nodwingaming.com,unknown,esports; media,BGMI esports India; Nodwin events; Nazara esports; tournament production; esports India / events; tournament and content,unknown,office,Nazara,India esports.
PlaySide Studios,Oceania,Melbourne (Australia),2011,~200+,service + IP,https://www.playside.com.au,press@playside.com (press),service / license,Moving Out; Scrabble; Ghost Giant; multi-licensed mobile/console,unknown,office,public (ASX),Australian service studio.
Rockstar India,Rest of Asia,Bangalore (India),2016,~500+,Rockstar support,https://www.rockstargames.com,press@rockstargames.com (press),AAA support,GTA Online / RDR2 support; GTA/RDR support; GTA/RDR destek,unknown,office,Take-Two / Rockstar,Rockstar India.
Savvy Games Group,Middle East,Riyadh (Saudi Arabia),2022,investment holding,Scopely ~$4.9B; ESL/FACEIT,https://savvygames.com,press@savvygames.com (press),investment / holding,PIF gaming investments; Savvy Holding; esports/venues; PIF gaming investments / Savvy Holding; Scopely; VSPO etc. investments,—,—,PIF (Saudi public fund),MENA's largest game investment vehicle.
Streamline Studios,Rest of Asia,Kuala Lumpur (Malaysia),2001,~100-200,co-dev / art / AVN,https://www.streamline-studios.com,info@streamline-studios.com (general),service; co-dev,Street Fighter V art support; AAA outsourcing; Streamline Malaysia; co-dev art; art/co-dev; multiple AAA co-dev/art,unknown,office,independent,Malaysia co-dev.
Synergy88 Studios,Rest of Asia,Manila (Philippines),2009,~200+,service / art,https://synergy88studios.com,unknown,service / co-dev,AAA art Philippines; Synergy88 co-dev; Manila outsourcing; client projects; Philippines co-dev/art; various client projects,unknown,office,private,Philippines game service studio.
Toge Productions,Rest of Asia,Jakarta (Indonesia),2009,~30–60,Coffee Talk,https://togeproductions.com,hello@togeproductions.com (general),visual novel / cozy,Coffee Talk; A Space for the Unbound; Banyu Hubadak; Indonesian narrative indie; Coffee Talk Episode 2,unknown,office,independent,Southeast Asia cozy/narrative.
Torus Games,Oceania,Melbourne (Australia),1994,~50-100,license / children / co-dev,https://www.torusgames.com,press@torusgames.com (press),license; co-dev,Barbie; Transformers; Scooby-Doo licensed titles; licensed kids titles; multi-licensed console/mobile,unknown,office,independent,Australia long-term licensed studio.
Touchten Games,Rest of Asia,Jakarta (Indonesia),2012,~100+,unknown,https://touchten.com,unknown,mobile casual,Coffee Talk publishing partnerships; Touchten casual; Indonesia mobile; Jakarta indie; Indonesia casual; various casual titles,unknown,office,independent,Indonesia mobile.
Ubisoft Abu Dhabi,Middle East,Abu Dhabi (UAE),2011,~50-100,support / innovation,https://www.ubisoft.com,press@ubisoft.com (press),support; AR/experimental,Assassin's Creed support; Ubisoft MENA; Abu Dhabi campus; localization/live-ops; Ubisoft MENA support; various Ubisoft support,unknown,office,Ubisoft,Ubisoft MENA campus for support and regional programs.
Ubisoft Philippines,Rest of Asia,Santa Rosa (Philippines),2016,~200-300,AAA support,https://www.ubisoft.com,press@ubisoft.com (press),AAA support,AC / R6 support; Assassin's Creed / Rainbow Six support; Assassin's Creed / Rainbow Six destek,unknown,office,Ubisoft,Philippines Ubisoft.
Ubisoft Pune,Rest of Asia,Pune (India),2008,~500+,mobile + support,https://www.ubisoft.com,press@ubisoft.com (press),mobile / support,Just Dance support; mobile/live-ops; Ubisoft India; Pune campus; Ubisoft mobile and support; various Ubisoft mobile and support,unknown,office,Ubisoft,"Ubisoft India studio for mobile, QA, and live support."
Ubisoft Singapore,Rest of Asia,Singapore,2008,~300-400,Skull & Bones; AC support,https://www.ubisoft.com,press@ubisoft.com (press),AAA / naval warfare,Skull and Bones; Assassin's Creed support; Skull & Bones; Assassin's Creed destek,unknown,office,Ubisoft,Southeast Asia Ubisoft.
Virtuos,Rest of Asia,Singapore (+ global),2004,~2000+,co-dev / port,https://www.virtuosgames.com,press@virtuosgames.com (press),service; port; remaster,AAA porting; Final Fantasy ports; Sonic remaster collab; AAA porting / co-dev; many AAA co-dev/remaster,unknown,multi-office,private,large service studio in Asia.
Wargaming,Europe,Nicosia (Cyprus) / global,1998,~2000+,World of Tanks ecosystem,https://wargaming.com,press@wargaming.net (press),MMO action,World of Tanks; World of Warships; World of Tanks Blitz; WoT Blitz,unknown,"distributed (Vilnius, Prague…)",private,World of Tanks franchise family; free-to-play vehicle combat.
Witch Beam,Oceania,Brisbane (Australia),2013,small,Unpacking hit,https://witchbeam.com.au,hello@witchbeam.com (general),indie puzzle / zen,Unpacking; Assault Android Cactus; Unlimited Golf; Assembled With Colour,unknown,remote / small office,independent,Global visibility with Unpacking.
Reliance Games,Rest of Asia,Mumbai (India),2009-2018+,unknown,licensed mobile,https://www.reliancegames.com,jobs@reliancegames.com (HR); media@reliancegames.com (press); support@reliancegames.com (support),mobile,Real Cricket; WWE Mayhem; Real Steel; Pacific Rim: The Mobile Game,-,-,Reliance,Reliance Entertainment's mobile games arm; still active. The previous record conflated it with Zynga India.
ACE Team,Latin America,Santiago (Chile),2007,~20–40,unknown,https://www.aceteam.cl,press@aceteam.cl (press),indie action,Rock of Ages; Rock of Ages 2; Abyss Odyssey; Zeno Clash; The Eternal Cylinder,unknown,small office,independent,Chilean indie; unique art direction.
Afterverse,Latin America,São Paulo (Brazil),2020,~100–200,mobile / UGC,https://afterverse.com,press@afterverse.com (press),mobile / metaverse-lite,Bombergrounds; Hyper Scape alumni DNA; Battlelands Royale; Hot Potato!,unknown,hybrid,private,Brazil mobile/UGC.
Aoca Game Lab,Latin America,Salvador / Brazil,2016,small,indie / education,https://aoca.com.br,unknown,indie; education,Horizon Chase support eras; Brazilian racing indie; Aoca catalog; Latin indie,unknown,small,independent,Brazil game lab/studio.
Aquiris Game Studio,Latin America,Porto Alegre (Brazil),2007,~100–200,Horizon Chase,https://www.aquiris.com.br,press@aquiris.com.br (press),racing / console,Horizon Chase; Horizon Chase Turbo; Horizon Chase 2; (historical) Crackdown 3 support,unknown,office,independent,Brazil console visibility.
Behold Studios,Latin America,Brasília (Brazil),2009,~10-30,Knights of Pen & Paper; Dungeon of Zolthan,https://beholdstudios.com.br,contact@beholdstudios.com.br (general),indie RPG / pixel,Knights of Pen and Paper; Moonlighter; Knights of Pen and Paper 2; Knights of Pen & Paper; Starlit Adventures,unknown,small,independent,Brazil pixel RPG.
Black River Studios,Latin America,Manaus (Brazil),2014,~50–100,in Amazon,https://www.blackriverstudios.com,press@amazon.com (press),mobile / Amazon,Dandara; Aeterna Noctis publishing partnerships; Black River Amazon; Brazil studio; various Amazon Appstore titles,unknown,office,Amazon,Amazon's Brazil studio.
Cleverlik / Mexico — Kaxan Games,Latin America,Guadalajara (Mexico),2012,~20-40,indie / VR,https://www.kaxangames.com,unknown,indie; VR,Mexican indie catalog; Kaxan partnership; LATAM co-dev; Cleverlik slate,unknown,office,independent,Mexico indie/VR.
Duaik Entretenimento,Latin America,Belo Horizonte (Brazil),2012,~10-30,Fobia; indie horror,https://duaik.com.br,contact@aquiris.com.br (general),horror / indie,Horizon Chase Turbo; Horizon Chase 2; Brazilian arcade racing; Aquiris sister era; Fobia: St. Dinfna Hotel,unknown,small,independent,Brazilian horror indie.
Dumativa,Latin America,Belo Horizonte (Brazil),2012,~30-60,indie / service,https://dumativa.com.br,unknown,indie; service,Horizon Chase audio/co-dev; Dumativa services; Brazil co-dev; music/tech,unknown,office,independent,Brazil indie/service.
Etermax,Latin America,Buenos Aires (Argentina),2009,~300-500,Trivia Crack,https://www.etermax.com,press@etermax.com (press),mobile trivia,Trivia Crack; Trivia Crack 2; Etermax trivia; Argentina mobile; Word Crack,unknown,office,private,LatAm casual hit.
Hoplon Infotainment,Latin America,Florianópolis (Brazil),2004,~50-100,MMO / F2P,https://www.hoplon.com,unknown,MMO / F2P,Heavy Metal Machines; Hoplon MOBA/racing; Brazilian multiplayer; Hoplon catalog; Taikodom; Combat Arms BR,unknown,office,independent,Brazil F2P/MMO.
IguanaBee,Latin America,Santiago (Chile),2010,~30-60,co-dev / art,https://www.iguanabee.com,unknown,service; co-dev,IguanaBee co-dev; Chile/ LatAm services; ports and support; IguanaBee slate,unknown,office,independent,Chile co-dev.
Jandusoft,Latin America,Mendoza (Argentina),2012,~50–100,unknown,https://jandusoft.com,unknown,mobile / console,Jandusoft VR/co-dev; Argentine studio services; LatAm outsourcing; Jandusoft catalog; various midcore / port,unknown,office,independent,Argentinian studio.
JoyMasher,Latin America,Brazil,2013,small,pixel action,https://joymasher.com,hello@joymasher.com (general),indie action,Odallus; The Last Door contributions; JoyMasher pixel action; Brazilian retro; Die By The Blade,unknown,small,independent,Brazilian pixel action.
Kaxan Games,Latin America,Guadalajara (Mexico),2012,~20-40,indie / VR,https://www.kaxangames.com,unknown,indie; VR,Mexican indie development; Kaxan catalog; LATAM narrative/action; Kaxan games,unknown,office,independent,Mexican indie.
Kokku,Latin America,Recife (Brazil),2009,~100–200,service + IP,https://kokku.com.br,hello@kokku.com.br (general),service / Unreal,Brazil AAA art/co-dev; character/environment art; various co-dev; Fortnite creative; Fortnite kreatif,unknown,office,independent,Recife technical studio.
Nimble Giant Entertainment,Latin America,Buenos Aires (Argentina),2002,~100-200,co-dev / MMO,https://www.nimblegiant.com,press@nimblegiant.com (press),co-dev,Hellpoint; Remnant co-dev; LatAm AAA services; various co-dev,unknown,office,Embracer,Argentina co-dev.
Squad,Latin America,Mexico City (Mexico),2010,~30-60,Kerbal Space Program,https://squad.com,contact@joinsquad.com (general); press@squad.com.mx (press),space sim,Kerbal Space Program; Kerbal Space Program 2 (period); Squad Mexican studio; Take-Two era; Kerbal Space Program 2 (handoff),unknown,office,Take-Two (IP),KSP original; Mexico.
Swordtales,Latin America,Porto Alegre (Brazil),2014,~10-30,unknown,https://swordtales.com,unknown,indie action,Ghost of a Tale publishing/dev ties; Swordtales narrative; Brazilian indie; Swordtales catalog; Toren,unknown,small,independent,Brazilian indie action.
Ubisoft São Paulo,Latin America,São Paulo (Brazil),2008,closed (2015),support,,press@ubisoft.com (press),AAA support,historical LatAm Ubisoft; Ubisoft support; Ubisoft destek,-,-,closed (Ubisoft),Historical LatAm Ubisoft.
Wildlife Studios,Latin America,São Paulo / Rio (Brazil),2011,~1000+ (peak; simplification),mobile hypercasual/hybrid revenue,https://wildlife.io,press@wildlifestudios.com (press),mobile casual / sports,Zooba; Tennis Clash; War Alliance; Color Switch (historical); Sniper 3D; tennis/soccer titles; Color Switch (tarihsel),unknown,hybrid,private (investors),One of the largest mobile studios in LatAm.
505 Games,Publishers / platforms,Milan (Italy),2006,~300+ (group),publisher hits,https://505games.com,press@505games.com (press),publish,Control; Assetto Corsa; Death Stranding (west hist.); Death Stranding (PC),unknown,mixed,Digital Bros,AA publisher; Control and racing/sim partnerships.
Adult Swim Games,Publishers / platforms,"Atlanta, GA (USA)",2011,small unit,indie publishing,https://games.adultswim.com,unknown,indie publishing,Rick and Morty games; indie oddities; various alternative indie,unknown,hybrid,Warner Bros. Discovery,Alternative indie label.
Aeria Games (tarihsel),Publishers / platforms,Santa Clara / Berlin,2006,seasonal / merged,MMO publishing,https://www.aeriagames.com,unknown,MMO publishing,Grand Fantasia; SpongeBob games publishing; Aeria free-to-play; historical publisher; various free-to-play,-,-,gamigo / mergers,Historical F2P publishing.
Aksys Games,Publishers / platforms,"Torrance, CA (USA)",2006,~20-40,VN / fighting publishing,https://www.aksysgames.com,press@aksysgames.com (press),publish,VN / action west publishing; BlazBlue west; VN,unknown,office,independent,VN/fighting niche publishing.
Akupara Games,Publishers / platforms,"Los Angeles, CA (USA)",2016,small,indie publishing,https://akuparagames.com,unknown,indie publishing,narrative indie publishing; Darkwood; Unavowed,unknown,hybrid,independent,Curator indie publishing.
Annapurna Interactive,Publishers / platforms,"Los Angeles, CA (USA)",2016,small/medium,curated publishing,https://annapurnainteractive.com,press@annapurna.pictures (press),indie publishing,Stray; Outer Wilds; Edith Finch; Sayonara Wild Hearts; What Remains of Edith Finch,unknown,mixed,Annapurna Pictures,Prestige indie publisher; Stray and Outer Wilds highlight reel.
Apple Arcade,Publishers / platforms,"Cupertino, CA (USA)",2019,inside Apple,subscription game,https://www.apple.com/apple-arcade,press@apple.com (press),subscription platform,Sayonara Wild Hearts; Oceanhorn 2; Sneaky Sasquatch; Apple Arcade exclusives catalog; subscription catalog publishing; hundreds of subscription titles,—,—,Apple,Apple's subscription gaming service and curated catalog.
Application Systems Heidelberg,Publishers / platforms,Heidelberg (Germany),1985,small/medium,Mac/Linux / niche publishing,https://www.application-systems.de,unknown,publishing; Mac,The Settlers lineage publishing eras; German classic PC; Application Systems catalog; strategy classics; various Mac/indie,unknown,office,independent,Germany long-standing niche publisher.
Armor Games Studios,Publishers / platforms,"Irvine, CA (USA)",2018 (Armor Games core),~30-60,indie publishing,https://armorgamesstudios.com,press@armorgames.com (press); business@armorgames.com (biz),indie publishing,web-to-Steam indie publishing; Typoman; First Dwarf,unknown,hybrid,independent,Flash root publisher.
Assemble Entertainment,Publishers / platforms,Mainz (Germany),2016,small/medium,indie publishing,https://www.assemble-entertainment.com,info@assemble-entertainment.com (general); press@assemble-entertainment.com (press),publish,Farm Manager; Construction Simulator publishing eras; Assemble German sims; indie publishing; German indie publishing; various sim/indie,unknown,office,independent,German sim/indie publisher.
Atlus USA,Publishers / platforms,"Irvine, CA (USA)",1991,~50-100,Persona western publishing,https://atlus.com,press@atlus.com (press),publish,Atlus west publishing; Persona; SMT west,unknown,office,Sega / Atlus,Atlus western publishing branch.
Badland Games / BadLand Publishing,Publishers / platforms,Spain / EU,2014,small/medium,publish,https://badlandgames.com,press@badlandgames.com (press),publish,The Shapeshifting Detective; BadLand indie slate; European publishing; curated indies; European indie publishing; various indie/AA,unknown,hybrid,independent,Iber/EU publishing.
Bandai Namco Entertainment Europe,Publishers / platforms,Lyon (France),—,Bandai Namco internal,European publisher,https://www.bandainamcoent.com,press@bandainamcoent.com (press),publish,Tekken; Dark Souls; Elden Ring EU publishing; Bandai Namco Europe; BNE Europe publishing; European BNE portfolio,unknown,office,Bandai Namco,BNE European publishing arm for Tekken/Soulsborne and more.
Capcom Europe,Publishers / platforms,London (UK),—,in Capcom,European publisher,https://www.capcom-europe.com,press@capcom.com (press),publish,Resident Evil; Monster Hunter; Street Fighter EU; Capcom Europe publishing; Capcom European portfolio,unknown,office,Capcom,Capcom's European publishing and marketing organization.
Capcom USA,Publishers / platforms,"San Francisco, CA (USA)",—,in Capcom,western publishing,https://www.capcomusa.com,press@capcom.com (press),publish,Capcom America publishing; RE; MH; Street Fighter west,unknown,office,Capcom,Capcom America.
Chucklefish,Publishers / platforms,London (UK),2011,~50–100,publishing + development,https://chucklefish.org,press@chucklefish.org (press),indie publishing / development,Wargroove; Eastward; Stardew Valley (hist. publish); Stardew (hist. publish); Stardew Valley (early release),unknown,hybrid,independent,Early Stardew publisher.
Coffee Stain Publishing,Publishers / platforms,Skövde (Sweden),2017,Coffee Stain group,indie-AA publishing,https://coffeestain.com/publishing,press@coffeestainstudios.com (press),publish,Valheim; Deep Rock Galactic; Satisfactory; Goat Simulator,unknown,mixed,Embracer / Coffee Stain,Publishing arm of Satisfactory studio.
Crytivo,Publishers / platforms,USA / global,2016,~20-40,indie publishing,https://crytivo.com,support@crytivo.com (support),publishing / sim,The Planet Crafter publishing; Crytivo indie publishing; simulation slate; Crytivo catalog; The Planet Crafter; sim,unknown,hybrid,independent,Sim/indie publishing.
Curve Games,Publishers / platforms,London (UK),2005,~50–100,indie-AA publishing,https://www.curvegames.com,press@curvegames.com (press),publish,Human: Fall Flat; PowerWash Simulator (hist.); Human Fall Flat; For the King,unknown,hybrid,independent,British indie publishing.
Dangen Entertainment,Publishers / platforms,Tokyo / global,2016,small,indie publishing,https://dangenentertainment.com,unknown,indie publishing,The Messenger; Gato Roboto; Dangen Japanese indie west; boutique publishing; Japanese indie west publishing; various Japanese/indie,unknown,hybrid,independent,Japan-focused indie publishing.
Dear Villagers,Publishers / platforms,Montpellier (France),2012,~50-100,indie publishing,https://www.dearvillagers.com,press@dearvillagers.com (press),indie publishing,Haven; Sable; Dear Villagers slate; French indie publishing; various European indie,unknown,office,Plug In Digital,French indie publishing.
Deep Silver,Publishers / platforms,Munich / Planegg (Germany),2002,inside Plaion,AA/AAA publisher,https://www.deepsilver.com,press@deepsilver.com (press),publish,Dead Island 2; Saints Row; Metro Exodus; Dead Island; Saints Row (historical); Metro (publishing periods); Saints Row (tarihsel),unknown,office,Embracer / Plaion,Plaion publishing label.
Devolver Digital,Publishers / platforms,"Austin, TX (USA)",2009,~100–200,indie publishing hits,https://www.devolverdigital.com,press@devolverdigital.com (press),indie publishing,Hotline Miami; Cult of the Lamb; Inscryption; Carrion; Katana ZERO; Enter the Gungeon; Loop Hero,unknown,remote-friendly culture,public (UK/US),Indie publisher famed for marketing voice and curated weirdness.
Digerati,Publishers / platforms,Sheffield (UK),2016,small,indie publishing,https://digerati.online,unknown,publish,Digerati indie publishing; curated boutique releases; multi-platform indies; Digerati catalog; various niche indie,unknown,hybrid,independent,Niche indie publishing.
Epic Games Publishing,Publishers / platforms,"Cary, NC (USA)",2019,Inside Epic,third party funding/publishing,https://www.epicgames.com,press@epicgames.com (press),publish,Alan Wake 2; Fall Guys; Kid A Mnesia; Fall Guys (historical operation); Fall Guys (tarihsel operasyon),unknown,mixed,Epic Games,UE + store strategy publishing.
Fangamer,Publishers / platforms,"Tucson, AZ (USA)",2007,~50-100,merch + publishing,https://www.fangamer.com,press@fangamer.com (press),merch; niche publishing,Undertale; Deltarune; Fangamer specialty publishing; indie physical/merch; Undertale/Deltarune merch; various publishing,unknown,office,independent,Indie merch + publishing.
Fellow Traveller,Publishers / platforms,Melbourne (Australia),2011 (Ghostpatch legacy),small/medium,curated publishing,https://fellowtraveller.games,press@fellowtraveller.games (press),indie publishing,indie narrative publishing slate; Paradise Killer; Hacknet; The Forgotten City,unknown,remote,independent,Narrative/indie curator.
Fig,Publishers / platforms,"San Francisco, CA (USA)",2015,closed,crowdfunding publication,https://www.fig.co,unknown,crowdfunding,crowdfunding / publishing experiments; Psychonauts 2 funding; Psychonauts 2 fonlama,-,-,closed,Historical crowdfunding publishing.
Finji,Publishers / platforms,"Grand Rapids, MI (USA)",2006,small,curated publishing,https://finji.co,hello@finji.co (general),indie publishing,Tunic; Chicory; Overland; Tunic DLC; Wilmot's Warehouse,unknown,remote,independent,Prestige small publishing.
Fireshine Games,Publishers / platforms,Brighton (UK),2020,~50-100,publish,https://fireshinegames.co.uk,press@fireshinegames.co.uk (press),publish,Hard West 2; Fireshine AA/indie; UK publishing; Sold Out lineage; AA/indie publishing UK; various indie-AA,unknown,hybrid,independent,British publishing.
Freedom Games,Publishers / platforms,USA,2020,small/medium,indie-AA publishing,https://freedomgames.com,unknown,publish,Coral Island; Freedom Games cozy/sim; indie publishing; multi-platform,unknown,hybrid,independent,US publisher.
Frontier Foundry,Publishers / platforms,Cambridge (UK),2019,Inside Frontier,indie-AA publishing,https://www.frontierfoundry.com,contact@frontierfoundry.com (general),publish,Jurassic World Evolution publishing adjacent; Frontier Foundry label; Elite Dangerous ecosystem; sim/indie; Frontier publishing label; various sim/indie,unknown,hybrid,Frontier Developments,Frontier publishing branch.
Gamigo,Publishers / platforms,Hamburg (Germany),2000,~200-400,MMO publishing,https://www.gamigo.com,press@gamigo.com (press),MMO publishing,Trove; ArcheAge publishing eras; Gamigo MMO; free-to-play catalog; various MMO,unknown,office,Heroes / special,German MMO publisher.
GOG.com (CD PROJEKT),Publishers / platforms,Warsaw (Poland),2008,Inside CDPR,DRM-free store,https://www.gog.com,support@gog.com (support),digital store,GOG Galaxy; DRM-free classics; Witcher trilogy storefront; classic + new DRM-free; klasik + yeni DRM-free,—,—,CD PROJEKT,DRM-free PC storefront sibling to CD PROJEKT RED.
Good Shepherd Entertainment,Publishers / platforms,Amsterdam (Netherlands),2011,small/medium,indie publishing,https://goodshepherd.games,info@goodshepherd.games (general); press@goodshepherd.games (press),indie publishing,indie publishing; Slay the Spire (early); Monster Train; Slay the Spire (erken),unknown,hybrid,independent,Strategy/roguelike publishing.
H2 Interactive,Publishers / platforms,Seoul (South Korea),2013,~50-100,KR/ASIA publishing,https://www.h2.co.kr,unknown,publish,Black Desert KR west eras; H2 Interactive PC; Korean publishing; Seoul/west slate; KR west publishing; various PC/console KR,unknown,office,independent,Korea regional publishing.
Headup Games,Publishers / platforms,Düren (Germany),2009,small/medium,indie publishing,https://headupgames.com,info@headupgames.com (general); press@headupgames.com (press),publish,The Inner World; Headup German indie; boutique publishing; Cologne slate; German indie publishing; various German/indie,unknown,office,independent,German indie publishing.
Hooded Horse,Publishers / platforms,global,2020,small,strategy publishing,https://hoodedhorse.com,press@hoodedhorse.com (press),strategy publishing,Against the Storm; Manor Lords (publish); Songs of Conquest; Manor Lords,unknown,remote,independent,Strategy curator publishing.
Humble Games,Publishers / platforms,"San Francisco, CA (USA)",—,small,Humble Bundle ecosystem,https://humblegames.com,press@humblegames.com (press),indie publishing,Slay the Spire; A Short Hike; Humble Games indie; curated digital publishing; indie publishing slate; various indie titles,unknown,remote possibility,Iginternet / private,Indie publishing label born from the Humble Bundle ecosystem.
iam8bit,Publishers / platforms,"Los Angeles, CA (USA)",2005,small/medium,vinyl / special edition,https://iam8bit.com,unknown,special edition; music,specialty physical / soundtrack publishing; game soundtrack + collection; oyun soundtrack + koleksiyon,unknown,office,independent,Game culture special edition.
Iceberg Interactive,Publishers / platforms,Haarlem (Netherlands),2009,small/medium,indie publishing,https://iceberg-games.com,info@iceberg-games.com (general); press@iceberg-games.com (press),indie publishing,Gas Guzzlers Extreme; Iceberg strategy/indie; European publishing; Netherlands slate; European indie/AA publishing; various strategy/indie,unknown,hybrid,independent,Netherlands indie publishing.
Idea Factory International,Publishers / platforms,California (USA),2013,~30-60,western publishing,https://ifi.games,press@ideafintl.com (press),publish,Otomate / Idea Factory west; Neptunia west; various JRPG,unknown,office,Idea Factory,IF western publishing.
itch.io,Publishers / platforms,global (US registration),2013,small team,open marketplace,https://itch.io,support@itch.io (support),digital store / indie,Celeste (storefront); Hollow Knight (storefront); thousands of indie SKUs; itch.io platform; indie digital storefront; hundreds of thousands of indie titles,—,remote,independent,Creator-first indie digital storefront and open marketplace.
Kepler Interactive,Publishers / platforms,London / Paris,2022,small/medium,indie-AA publishing collective,https://kepler-interactive.com,press@keplerians.com (press),publish,AA multi-studio collective publishing; Clair Obscur; Sifu (not related to Sloclap — portfolio),unknown,mixed,private (netease investment periodic),European publishing collective.
Koch Media,Publishers / platforms,Planegg (Germany),1994,Rebranded as Plaion,publishing; distribution,https://www.plaion.com,press@plaion.com (press),publish,Plaion legacy brand; European distribution; Deep Silver label; Deep Silver etiketi,unknown,office,Embracer,Historical name; Plaion sequel.
Konami Digital Entertainment US,Publishers / platforms,USA,—,inside Konami,western publishing,https://www.konami.com,press@konami.com (press),publish,Konami west publishing; eFootball; Silent Hill west,unknown,office,Konami,Konami western operation.
Limited Run Games,Publishers / platforms,"Apex, NC (USA)",2015,~100+,physical special edition,https://limitedrungames.com,press@limitedrungames.com (press),physical release,Bloodborne physical; classic re-releases; Limited Run specialty; collector editions; physical specialty releases; multiple special edition,unknown,office,independent,Physical collection publisher.
Maximum Entertainment,Publishers / platforms,global,2022,~200+,AA publisher,https://www.maximument.com,press@maximument.com (press),publish,AA publishing consolidation; Modus portfolio; various AA,unknown,mixed,private,Modus merger.
Merge Games,Publishers / platforms,Liverpool / Widnes (UK),2011,small/medium,indie publishing,https://www.mergegames.com,info@mergegames.com (general); press@mergegames.com (press),publish,Forever Skies publishing eras; Merge Games indie; UK publishing; multi-platform; indie publishing; various indie/AA,unknown,office,independent,UK indie publishing.
Modus Games,Publishers / platforms,Galveston / global,2018 (Maximum legacy),~100+,AA publisher,https://www.modusgames.com,press@modusgames.com (press),publish,AA publishing slate; Remnant (early period); various AA,unknown,mixed,Maximum Entertainment,AA/multiplatform publishing.
NetherRealm Studios,Publishers / platforms,"Chicago, IL (USA)",2009 (Midway legacy),~200–300,MK / Injustice,https://www.netherrealm.com,press@warnerbros.com (press),fighting,Mortal Kombat 1; Mortal Kombat 11; Injustice 2; Injustice; Mortal Kombat,unknown,office,Warner Bros. Games,Mortal Kombat / Injustice fighting-game specialist.
New Blood Interactive,Publishers / platforms,USA,2014,small,retro FPS publishing,https://newblood.games,press@newblood.games (press),indie publishing / FPS,ULTRAKILL; Faith; Amid Evil; Dusk (publish); Dusk,unknown,remote,independent,Boomer shooter wave.
Nintendo Publishing,Publishers / platforms,Kyoto (Japan),—,Nintendo,first-party + third,https://www.nintendo.com,press@noa.nintendo.com (press),publish,Nintendo first/third-party Switch publishing; Mario; Zelda; third-party Switch,—,—,Nintendo,Nintendo publishing umbrella.
NIS America,Publishers / platforms,California (USA),2003,~50-100,JRPG western publishing,https://www.nisamerica.com,press@nisamerica.com (press),publish,NIS America publishing slate; Disgaea west; VN/JRPG,unknown,office,Nippon Ichi,JRPG/VN western publishing.
Panic,Publishers / platforms,"Portland, OR (USA)",1997,~50–100,software + game publishing,https://panic.com,unknown,indie publishing; Mac software,Firewatch; Untitled Goose Game (publish); Playdate; Untitled Goose Game,unknown,hybrid,independent,Playdate hardware + curated game.
Paradox Arc,Publishers / platforms,Stockholm (Sweden),2021,Inside Paradox,niche strategy publisher,https://www.paradoxinteractive.com,pr@paradoxinteractive.com (press),publish,Star Trek: Infinite; Cities: Skylines II partners; Paradox Arc third-party; strategy publishing; Paradox partner publishing; third-party strategy/sim,unknown,hybrid,Paradox Interactive,Paradox partner-publishing label for third-party strategy/sim.
Phoenixx,Publishers / platforms,Tokyo (Japan),2019,small/medium,indie/AA publishing,https://phoenixx.jp,unknown,publish,VA-11 Hall-A JP; Japanese indie publishing; Phoenixx catalog; Tokyo west/JP bridge; various JP/indie,unknown,office,independent,Japanese publisher.
Playism / Active Gaming Media,Publishers / platforms,Osaka / Tokyo (Japan),2011,~50-100,Japanese indie to the west,https://playism.com,unknown,indie publication / loc.,Japanese indie west publishing; Touhou related; various JP indie; Touhou ilgili,unknown,office,Active Gaming Media,JP indie export publisher.
PlayStack,Publishers / platforms,London (UK),2016,small/medium,mobile/indie publishing,https://playstack.com,info@playstack.com (general); press@playstack.com (press); support@playstack.com (support),publish,Golf Club Wasteland; PlayStack UK indie; mobile/console publishing; London slate; UK indie publishing; various mobile/indie,unknown,hybrid,independent,UK publisher.
PlayStation Publishing / SIE,Publishers / platforms,San Mateo / Tokyo,—,SIE,console publishing,https://www.playstation.com,press@playstation.com (press),publish,PS5 first-party publishing; PS Plus catalog; God of War; Spider-Man; Helldivers 2,—,—,Sony,SIE publishing umbrella.
Plug In Digital,Publishers / platforms,Montpellier (France),2012,~50-100,publishing / distribution,https://www.plugin-digital.com,unknown,publishing; distribution,Dead Cells services eras; Plug In Digital; European indie services; Dear Villagers parent; European indie services/publishing; Dear Villagers,unknown,office,independent,French publishing/distribution.
Portkey Games,Publishers / platforms,London / global (WB label),2017,small publishing unit,Hogwarts Legacy (Avalanche),https://www.portkeygames.com,press@warnerbros.com (press),publisher; Harry Potter IP,Hogwarts Legacy; Hogwarts Mystery; Quidditch Champions; Wonderbook (historical); Wonderbook (tarihsel),unknown,mixed,Warner Bros. Games,HP gaming label.
Private Division,Publishers / platforms,New York (Take-Two label),2017,small publishing unit,Inside Take-Two,https://www.privatedivision.com,press@privatedivision.com (press),indie-AA publishing,Kerbal Space Program 2; Ancestors; Outer Worlds (hist.); Take-Two indie/AA label; The Outer Worlds (historical); The Outer Worlds (tarihsel),unknown,mixed,Take-Two,"Take-Two indie/AA label (KSP2, Ancestors)."
Pub Games,Publishers / platforms,USA,2020,small,indie publishing,https://www.pub.games,unknown,indie publishing,indie digital publishing; Pub Games catalog; curated releases; multi-platform indies; indie publishing; various indie,unknown,remote,independent,Small indie publishing.
Ravenscourt,Publishers / platforms,Germany,2014,inside Plaion,indie-AA publishing,https://www.ravenscourt.games,press@plaion.com (press),publish,Shadow Tactics publishing eras; Ravenscourt Plaion; German indie label; Embracer; Plaion indie label; various indie/AA,unknown,hybrid,Embracer / Plaion,Plaion/Embracer indie publishing label.
Raw Fury,Publishers / platforms,Stockholm (Sweden),2015,small/medium,indie publishing,https://rawfury.com,hello@rawfury.com (general),indie publishing,Cassette Beasts; Star Renegades; Kingdom; Sable; Norco,unknown,remote / EU,independent,Curated indie publisher with strong EU footprint.
Rebellion Publishing,Publishers / platforms,Oxford (UK),—,Rebellion internal,publisher / comic,https://rebellion.com,press@rebellion.co.uk (press),publish,Sniper Elite 5; Zombie Army 4; 2000 AD games; Rebellion first-party publishing; Sniper Elite,unknown,office,Rebellion,"Rebellion's publishing arm (Sniper Elite, 2000 AD games)."
Robot Teddy,Publishers / platforms,UK / global,2018,small,indie publishing / consulting,https://www.robotteddy.com,unknown,indie publishing,No Man's Sky consulting eras; Robot Teddy UK; indie advisory/publishing; Thunderful ties; UK indie publishing; Various indie (No Man's Sky consulting historical),unknown,remote,independent / associated with Thunderful,Indie publishing and strategy.
Sega Europe,Publishers / platforms,London (UK),—,In-house Sega,European publisher,https://www.sega.co.uk,press@sega.com (press),publish,Sega EU publishing; Total War; Football Manager; Sonic Europe; Sonic Avrupa,unknown,office,Sega,Sega Europe.
Sega of America,Publishers / platforms,"Irvine, CA (USA)",—,In-house Sega,US publishing,https://www.sega.com,press@sega.com (press),publish,Sega west publishing; Sonic; Total War west,unknown,office,Sega,Sega America.
Skybound Games,Publishers / platforms,"Los Angeles, CA (USA)",2018,small/medium,TWD IP,https://www.skybound.com,unknown,publishing / IP,The Walking Dead games; Invincible; TWD games; TWD oyunlari,unknown,mixed,Skybound Entertainment,Kirkman IP publishing.
Slitherine,Publishers / platforms,UK / Italy,2000,~100-200,wargame publishing,https://www.slitherine.com,press@slitherine.com (press),wargame publishing,Panzer Corps; Command: Modern Operations; wargames,unknown,mixed,independent,Wargame publisher.
Soedesco,Publishers / platforms,Rotterdam (Netherlands),2000,~50-100,publish,https://www.soedesco.com,info@soedesco.com (general); press@soedesco.com (press),publish,Road to Guangdong; Soedesco European retail/publishing; AA/indie; Netherlands; European publishing / retail; various AA/indie,unknown,office,independent,Dutch publishing.
Sold Out,Publishers / platforms,London (UK),2008,~50-100,physical/digital publishing,https://www.soldout.games,unknown,publishing; distribution,retail distribution UK; Fireshine relationship; Sold Out publishing; physical/digital UK; retail / publishing UK; various (Fireshine relationship),unknown,office,independent / Fireshine origin,BK publishing/distribution; connected with Fireshine.
Sony Interactive Entertainment America,Publishers / platforms,"San Mateo, CA (USA)",1995,SIE internal,America PlayStation publishing,https://www.playstation.com,press@playstation.com (press),publisher / platform,God of War; Spider-Man; The Last of Us; Horizon Forbidden West; PlayStation America first-party portfolio; PlayStation America portfolio,unknown,office,Sony,PlayStation Studios publishing/ops for the Americas.
Sony Interactive Entertainment Europe,Publishers / platforms,London (UK),1995,SIE internal,European PlayStation publishing,https://www.playstation.com,press@playstation.com (press),publisher / platform,Gran Turismo; Horizon; PlayStation Studios EU; PlayStation Europe first-party portfolio; PlayStation Europe portfolio,unknown,office,Sony,PlayStation Studios publishing/ops for EMEA.
Special Reserve Games,Publishers / platforms,"Austin, TX (USA)",2017,small,physical special edition,https://specialreservegames.com,unknown,physical release,collector physical editions; Special Reserve slate; limited console runs; specialty; physical specialty releases; multiple special edition,unknown,hybrid,independent,Physical collection.
Square Enix Collective,Publishers / platforms,London / Tokyo,2014,small unit,indie publishing,https://collective.square-enix.com,press@square-enix.com (press),indie publishing,Tomb Raider indie adjacent; Circuit Superstars; Square Enix Collective; indie label; Square Enix indie label; various indie,unknown,hybrid,Square Enix,Square Enix indie-friendly publishing label.
Square Enix Europe / Eidos,Publishers / platforms,London (UK),2000 (Eidos legacy),in SE,Crystal / Eidos publishing,https://www.square-enix.com,press@square-enix.com (press),publish,Tomb Raider (legacy); Deus Ex (legacy); Life is Strange (legacy); Tomb Raider; Final Fantasy west,unknown,office,Square Enix,Southeast Europe / Eidos legacy.
Strictly Limited Games,Publishers / platforms,Germany / EU,2015,small,physical special edition,https://strictlylimitedgames.com,support@strictlylimitedgames.com (support),physical release,European limited physical; Strictly Limited catalog; collector Switch/PS; specialty; physical specialty EU; very limited edition,unknown,hybrid,independent,European collection publishing.
Super Rare Games,Publishers / platforms,London (UK),2018,small,Switch physical,https://superraregames.com,hello@superraregames.com (general),physical release,Switch physical exclusives; Super Rare catalog; limited Nintendo prints; UK specialty; Switch physical specialty; limited Switch prints,unknown,hybrid,independent,UK specialist for limited physical Nintendo Switch releases.
The Arcade Crew,Publishers / platforms,Paris (France),2016,small,indie publishing,https://www.thearcade.crew,unknown,indie publishing,French indie publishing; Dead Estate; various arcade-indie,unknown,hybrid,independent,French indie publishing.
TinyBuild,Publishers / platforms,"Bellevue, WA / global",2011,~200+,indie publishing,https://www.tinybuild.com,press@tinybuild.com (press),indie publishing,Potion Craft; Not For Broadcast; Streets of Rogue; Hello Neighbor,unknown,remote / hybrid,public (BK),Indie publishing + studio network.
Tripwire Interactive,Publishers / platforms,"Roswell, GA (USA)",2005,~100–200,publishing + development,https://www.tripwireinteractive.com,press@tripwireinteractive.com (press),FPS / publishing,Killing Floor; Maneater; Maneater (publishing),unknown,office,independent,FPS + publishing hybrid.
Versus Evil,Publishers / platforms,"Baltimore, MD (USA)",2013,closed (2023),indie publishing,https://www.versusevil.com,press@versusevil.com (press),indie publishing,indie/AA publishing; Banner Saga; various RPGs,-,-,closed,Historical indie publisher.
Warner Bros. Games,Publishers / platforms,"Burbank, CA (USA)",—,thousands,TT Games; Rocksteady; Avalanche Montreal etc.,https://www.wbgames.com,press@warnerbros.com (press),publishing; licensed IP,Hogwarts Legacy; Mortal Kombat 1; MultiVersus; Suicide Squad; Injustice 2; LEGO Star Wars; Hogwarts Legacy (Portkey); Mortal Kombat (NetherRealm),unknown,mixed,Warner Bros. Discovery,DC/HP IP publisher; studio network and slate have been volatile.
Whitethorn Games,Publishers / platforms,USA,2019,small,cozy publishing,https://whitethorngames.com,hello@whitethorndigital.com (general),indie publishing,Lake; Behind the Frame; Whitethorn cozy; narrative indie publishing; cozy / narrative indie publishing; various cozy/narrative,unknown,remote,independent,Cozy/narrative publishing.
Wired Productions,Publishers / platforms,London (UK),2015,small/medium,indie-AA publishing,https://wiredproductions.com,press@wiredproductions.com (press),publish,Narita Boy; Wired Productions UK; AA/indie; multi-platform; indie publishing UK; various AA/indie,unknown,hybrid,independent,British publishing.
Xbox Game Studios Publishing,Publishers / platforms,"Redmond, WA (USA)",—,Microsoft Gaming,first party + third-party,https://www.xbox.com,press@xbox.com (press),publish,Xbox first-party publishing; Halo; Forza; Indiana Jones,—,—,Microsoft,Publishing umbrella for Xbox first-party and select third-party.
XSEED Games,Publishers / platforms,"Torrance, CA (USA)",2004,~30-60,JRPG publishing,https://www.xseedgames.com,press@xseedgames.com (press),publish,Ys VIII; Story of Seasons; Trails of Cold Steel; XSEED Marvelous west; Falcom / Marvelous west; Story of Seasons west,unknown,office,Marvelous,"Marvelous west publishing arm (Falcom, Story of Seasons)."
AEVI,Ecosystem / fair / association,Madrid (Spain),—,—,—,https://www.aevi.org.es,info@aevi.org.es (general),trade association,AEVI cloud/platform services; European gaming platform; AEVI ecosystem; B2B gaming,—,—,STK,Spain video game association.
BitSummit,Ecosystem / fair / association,Kyoto (Japan),2012,—,—,https://bitsummit.org,press@bitsummit.org (press),indie fair,BitSummit indie showcase; Kyoto indie event; Japanese indie expo; BitSummit floors,—,—,event,Japan indie showcase.
Brazil Game Show,Ecosystem / fair / association,São Paulo (Brazil),2009,—,—,https://www.brazilgameshow.com.br,unknown,fair,Brazil Game Show; BGS expo floor; Latin America consumer show; BGS partners,—,—,event,LatAm major consumer fair.
CERO,Ecosystem / fair / association,Tokyo (Japan),2002,—,—,https://www.cero.gr.jp,unknown,rating,CERO rating system; Japanese age ratings; console compliance; CERO codes,—,—,STK,Japan game rating.
ChinaJoy,Ecosystem / fair / association,Shanghai (China),2004,—,—,https://www.chinajoy.net,unknown,fair,ChinaJoy expo; Shanghai trade show; China consumer/trade floor; ChinaJoy partners,—,—,various,China consumer/game fair.
D.I.C.E. Summit / Academy of Interactive Arts,Ecosystem / fair / association,Los Angeles / Las Vegas (USA),1998,—,—,https://www.interactive.org,unknown,award / conference,D.I.C.E. Awards; D.I.C.E. Summit; AIAS membership; industry awards,—,—,STK,Annual D.I.C.E. awards.
Dataspelsbranschen,Ecosystem / fair / association,Sweden,—,—,—,https://dataspelsbranschen.se,unknown,trade association,Swedish Games Industry; Dataspelsbranschen reports; Nordic trade body; Sweden association,—,—,STK,Sweden game industry association.
DevGAMM,Ecosystem / fair / association,Vilnius / Europe,2014,—,—,https://devgamm.com,unknown,conference,DevGAMM conferences; Eastern Europe developer events; DevGAMM expo; indie talks,—,—,event,Eastern European game conference.
EGDF,Ecosystem / fair / association,Brussels / EU,—,—,—,https://www.egdf.eu,unknown,trade association,EGDF policy; European game developer federation; EU advocacy; EGDF members,—,—,STK,European game developer federation.
ESA (Entertainment Software Association),Ecosystem / fair / association,"Washington, D.C. (USA)",1994,—,—,https://www.theesa.com,media@theesa.com (press),trade association,E3 legacy; ESA advocacy; US publisher association; ESA ratings liaison,E3 historical,—,STK,US publisher/developer association; E3.
ESRB,Ecosystem / fair / association,New York / USA,1994,—,—,https://www.esrb.org,unknown,rating,ESRB ratings; Entertainment Software Rating Board; US age ratings; ESRB descriptors,—,—,STK,US game rating agency.
G-STAR,Ecosystem / fair / association,Busan (South Korea),2005,—,—,https://www.gstar.or.kr,info@gstar.or.kr (general),fair,G-STAR Busan; Korean trade show; G-STAR B2B; Korea exhibitors,—,—,event,Korean game fair.
Game Connection,Ecosystem / fair / association,Paris / global,2001,—,—,https://www.game-connection.com,unknown,B2B matchmaking,Game Connection events; co-production market; Game Connection Paris/America; B2B meetings,—,—,private,Developer-publisher matchmaking.
game Verband,Ecosystem / fair / association,Berlin (Germany),2004,—,—,https://www.game.de,info@game.de (general),trade association,game – Verband der deutschen Games-Branche; German trade association; Germany market reports; game e.V.,—,—,STK,Germany game industry association.
Games Industry Poland,Ecosystem / fair / association,Warsaw (Poland),—,—,—,https://gamesindustry.pl,unknown,trade / portal,Games Industry Poland; Polish trade body; Warsaw advocacy; Polish market reports,—,—,STK / platform,Poland game industry network.
gamescom / Koelnmesse,Ecosystem / fair / association,Cologne (Germany),2009 (gamescom),—,—,https://www.gamescom.global,info@astragon.de (general),fair,gamescom; gamescom Opening Night Live; Cologne consumer show; Koelnmesse,—,—,Koelnmesse / game Verband,Europe's largest consumer fair.
Gamescom Asia / Singapore,Ecosystem / fair / association,Singapore,2022,—,—,https://www.gamescom.asia,unknown,fair,Gamescom Asia; Singapore trade show; SEA exhibitors; Gamescom Asia floor,—,—,Koelnmesse,Asia gamescom branch.
GDC / Informa Tech,Ecosystem / fair / association,San Francisco (USA),1988,—,—,https://gdconf.com,support@informaconnect.com (support),conference,Game Developers Conference; GDC talks; San Francisco GDC; Informa Tech,—,—,Informa,The main conference of the industry; recruitment/networking.
IGDA,Ecosystem / fair / association,global (registered in the USA),1994,—,—,https://igda.org,press@igda.org (press),professional organization,IGDA chapters; developer advocacy; IGDA events; global developer nonprofit,department internship/mentor programs,—,STK,International game developer association.
IIDEA,Ecosystem / fair / association,Milan (Italy),—,—,—,https://iidea.it,unknown,trade association,IIDEA Italy; Italian games association; IIDEA reports; Italy advocacy,—,—,STK,Italy game and esports association.
IndieCade,Ecosystem / fair / association,Los Angeles / global (USA),2005,—,—,https://www.indiecade.com,unknown,indie festival / award,IndieCade festival; indie showcase; IndieCade awards; independent games event,—,—,STK,Indie celebration and showcase.
Jump Festa,Ecosystem / fair / association,Chiba (Japan),1999,—,—,https://www.jumpfesta.com,unknown,consumer fair,Jump Festa; Shueisha jump IP show; Jump Festa Tokyo; anime/game crossovers,—,—,Shueisha,Anime/game Jump showcase.
MIGS / Montréal International Game Summit,Ecosystem / fair / association,Montréal (Canada),2004,—,—,https://migs2025.com,unknown,conference,MIGS; Montréal Game Summit; Canadian developer conference; MIGS talks,—,—,event,Canada game conference (MIGS).
Nordic Game / EGDF notu,Ecosystem / fair / association,Malmö / AB,—,—,—,https://nordicgame.com,unknown,ecosystem / fund network,Nordic Game conference; Nordic Game talks; EGDF note,—,—,STK / network,Entry into European indie and fund network.
Partner Transmedia / Korea — G-STAR,Ecosystem / fair / association,Busan (South Korea),2005,—,—,https://www.gstar.or.kr,info@gstar.or.kr (general),fair,G-STAR partnership; Korea trade missions; Partner Transmedia; Busan networking,—,—,event,Korea trade-mission partner around G-STAR networking.
PAX / ReedPop,Ecosystem / fair / association,USA / AUS / UK,2004,—,—,https://www.paxsite.com,unknown,consumer fair,PAX shows; ReedPop consumer festivals; PAX panels; tabletop/indie floors,—,—,ReedPop,Penny Arcade Expo network.
PAX Australia,Ecosystem / fair / association,Melbourne (Australia),2013,—,—,https://aus.paxsite.com,info@paxaustralia.com.au (general),consumer fair,PAX Australia; Melbourne PAX; Australian consumer show; PAX Aus panels,—,—,ReedPop,PAX Australia.
PAX East,Ecosystem / fair / association,"Boston, MA (USA)",2010,—,—,https://east.paxsite.com,unknown,consumer fair,PAX East; Boston PAX; East Coast consumer show; PAX East expo,—,—,ReedPop,PAX East USA
PAX West,Ecosystem / fair / association,"Seattle, WA (USA)",2004,—,—,https://west.paxsite.com,unknown,consumer fair,PAX West; Seattle PAX; West Coast consumer show; PAX West expo,—,—,ReedPop,PAX original (Seattle).
PEGI,Ecosystem / fair / association,AB,2003,—,—,https://pegi.info,unknown,rating,PEGI ratings; Pan European Game Information; EU age ratings; PEGI descriptors,—,—,STK,European game rating.
Pocket Gamer Connects,Ecosystem / fair / association,Helsinki / London / global,2012,—,—,https://www.pgconnects.com,unknown,mobile B2B,Pocket Gamer Connects; mobile B2B; PGC Helsinki/London; Pocket Gamer events,—,—,Steel Media,Mobile game networking.
Roblox Developer Conference,Ecosystem / fair / association,USA / global,2015,—,—,https://rdc.roblox.com,unknown,developer conference,Roblox Developer Conference; RDC talks; creator keynotes; Roblox ecosystem,—,—,Roblox,Roblox developer conference.
SNJV,Ecosystem / fair / association,Paris (France),2005,—,—,https://snjv.org,president@snjv.org (press),trade association,SNJV France; Syndicat National du Jeu Vidéo; French trade body; SNJV reports,—,—,STK,France national game union.
Suomen Pelinkehittäjät,Ecosystem / fair / association,Helsinki (Finland),—,—,—,https://www.pelinkehittajat.fi,unknown,trade association,Finnish Game Developers Association; Finland advocacy; Suomen Pelinkehittäjät; Nordic trade,—,—,STK,Finnish game developers.
Taipei Game Show,Ecosystem / fair / association,Taipei (Taiwan),2002,—,—,https://www.tgs.com.tw,unknown,fair,Taipei Game Show; Taiwan consumer/trade; TGS Taipei; Taipei exhibitors,—,—,event,Taiwan game fair.
Tokyo Game Show / CESA,Ecosystem / fair / association,Chiba / Tokyo (Japan),1996,—,—,https://expo.nikkeibp.co.jp/tgs/,unknown,fair,Tokyo Game Show; CESA; Makuhari Messe; TGS business day,—,—,CESA / Nikkei BP,Japanese B2C/B2B showcase.
UKIE,Ecosystem / fair / association,London (UK),1989,—,—,https://ukie.org.uk,info@ukie.org.uk (general); press@ukie.org.uk (press),trade association,UKIE; UK Interactive Entertainment; Britain trade body; UKIE reports,—,—,STK,BK games and interactive entertainment union.
Unity Unite,Ecosystem / fair / association,global,2007,—,—,https://unity.com/events/unite,unknown,developer conference,Unity Unite; Unite talks; Unity engine conference; Unite keynotes,—,—,Unity,Unity developer conference.
Unreal Fest,Ecosystem / fair / association,global,—,—,—,https://www.unrealengine.com/events,unknown,developer conference,Unreal Fest; Unreal Engine sessions; Epic developer events; Unreal Fest talks,—,—,Epic Games,Unreal Engine events.
White Nights Conference,Ecosystem / fair / association,Belgrade / global,2012,—,—,https://wnconf.com,unknown,B2B conference,White Nights; mobile games conference; WN St. Petersburg/online; White Nights B2B,—,—,private,Game B2B conference.
Iron Games,Europe,London (UK),2023,unknown,"$4M (Arcadia Gaming Partners, 2025)",https://iron.gs/,info@iron.gs (general),mobile casual / merge / word,Tic Tac No!; Spellie; Champions of Valhalla,unknown,unknown,independent,"Turkish founders from Gram Games (Eren Yanık, Remzi Şenel); London-based."
